actual,probability,cum_fraud,gain,population_pct,lift
1,0.99997973,1,8.333333333333332,0.07336757153338225,113.58333333333331
1,0.99984944,2,16.666666666666664,0.1467351430667645,113.58333333333331
1,0.99980754,3,25.0,0.22010271460014674,113.58333333333333
1,0.9997465,4,33.33333333333333,0.293470286133529,113.58333333333331
1,0.99923956,5,41.66666666666667,0.36683785766691124,113.58333333333334
1,0.9981725,6,50.0,0.4402054292002935,113.58333333333333
1,0.9905607,7,58.333333333333336,0.5135730007336757,113.58333333333333
1,0.74964654,8,66.66666666666666,0.586940572267058,113.58333333333331
1,0.2742549,9,75.0,0.6603081438004402,113.58333333333333
1,0.19862546,10,83.33333333333334,0.7336757153338225,113.58333333333334
0,0.15538922,10,83.33333333333334,0.8070432868672046,103.25757575757578
0,0.13885534,10,83.33333333333334,0.880410858400587,94.65277777777779
0,0.044080645,10,83.33333333333334,0.9537784299339692,87.37179487179488
1,0.043730825,11,91.66666666666666,1.0271460014673515,89.2440476190476
0,0.026378965,11,91.66666666666666,1.1005135730007336,83.29444444444444
0,0.023840638,11,91.66666666666666,1.173881144534116,78.08854166666666
0,0.020460157,11,91.66666666666666,1.247248716067498,73.49509803921568
0,0.01887067,11,91.66666666666666,1.3206162876008805,69.41203703703702
0,0.014107855,11,91.66666666666666,1.3939838591342628,65.75877192982455
0,0.013494403,11,91.66666666666666,1.467351430667645,62.470833333333324
0,0.013016465,11,91.66666666666666,1.540719002201027,59.49603174603174
0,0.0125933895,11,91.66666666666666,1.6140865737344092,56.791666666666664
0,0.012320285,11,91.66666666666666,1.6874541452677916,54.32246376811594
0,0.010886095,11,91.66666666666666,1.760821716801174,52.05902777777777
0,0.010266678,11,91.66666666666666,1.834189288334556,49.97666666666666
0,0.01000236,11,91.66666666666666,1.9075568598679384,48.054487179487175
0,0.009961805,11,91.66666666666666,1.9809244314013204,46.27469135802469
0,0.009431236,11,91.66666666666666,2.054292002934703,44.6220238095238
0,0.009280916,11,91.66666666666666,2.127659574468085,43.08333333333333
0,0.008933593,11,91.66666666666666,2.201027146001467,41.64722222222222
0,0.0075900564,11,91.66666666666666,2.27439471753485,40.30376344086021
1,0.007511751,12,100.0,2.347762289068232,42.59375
0,0.0067089833,12,100.0,2.421129860601614,41.303030303030305
0,0.006597499,12,100.0,2.494497432134996,40.08823529411765
0,0.00629167,12,100.0,2.5678650036683783,38.94285714285714
0,0.005785447,12,100.0,2.641232575201761,37.86111111111111
0,0.005622555,12,100.0,2.714600146735143,36.83783783783784
0,0.0055708997,12,100.0,2.7879677182685256,35.868421052631575
0,0.0051185153,12,100.0,2.8613352898019073,34.94871794871795
0,0.004940432,12,100.0,2.93470286133529,34.074999999999996
0,0.0047093825,12,100.0,3.008070432868672,33.24390243902439
0,0.0044698673,12,100.0,3.081438004402054,32.452380952380956
0,0.0040868353,12,100.0,3.1548055759354363,31.697674418604652
0,0.003904888,12,100.0,3.2281731474688184,30.97727272727273
0,0.0038087508,12,100.0,3.301540719002201,30.288888888888888
0,0.003777559,12,100.0,3.374908290535583,29.630434782608695
0,0.003608762,12,100.0,3.4482758620689653,29.000000000000004
0,0.0035985317,12,100.0,3.521643433602348,28.395833333333332
0,0.0035842324,12,100.0,3.59501100513573,27.816326530612244
0,0.0034541292,12,100.0,3.668378576669112,27.26
0,0.0029999914,12,100.0,3.7417461482024947,26.72549019607843
0,0.0027655277,12,100.0,3.815113719735877,26.21153846153846
0,0.0027074546,12,100.0,3.8884812912692595,25.716981132075468
0,0.0022252812,12,100.0,3.9618488628026407,25.240740740740744
0,0.002098146,12,100.0,4.035216434336023,24.78181818181818
0,0.0018406213,12,100.0,4.108584005869406,24.33928571428571
0,0.0018229819,12,100.0,4.181951577402788,23.912280701754387
0,0.0017942769,12,100.0,4.25531914893617,23.5
0,0.0017856845,12,100.0,4.328686720469553,23.101694915254235
0,0.0017371161,12,100.0,4.402054292002934,22.71666666666667
0,0.0016882279,12,100.0,4.475421863536317,22.34426229508197
0,0.0016232661,12,100.0,4.5487894350697,21.983870967741932
0,0.0015194555,12,100.0,4.622157006603081,21.634920634920636
0,0.0014879062,12,100.0,4.695524578136464,21.296875
0,0.0014420575,12,100.0,4.768892149669846,20.969230769230766
0,0.0014331472,12,100.0,4.842259721203228,20.651515151515152
0,0.001409812,12,100.0,4.91562729273661,20.343283582089555
0,0.0013581753,12,100.0,4.988994864269992,20.044117647058826
0,0.0013043488,12,100.0,5.062362435803375,19.753623188405797
0,0.0012011995,12,100.0,5.135730007336757,19.47142857142857
0,0.0011946168,12,100.0,5.209097578870139,19.197183098591548
0,0.0011701304,12,100.0,5.282465150403522,18.930555555555554
0,0.0011641613,12,100.0,5.355832721936904,18.671232876712327
0,0.0011469661,12,100.0,5.429200293470286,18.41891891891892
0,0.0011454904,12,100.0,5.502567865003669,18.173333333333332
0,0.0011381253,12,100.0,5.575935436537051,17.934210526315788
0,0.0011354354,12,100.0,5.649303008070433,17.7012987012987
0,0.0010433248,12,100.0,5.722670579603815,17.474358974358974
0,0.0010130203,12,100.0,5.796038151137197,17.253164556962027
0,0.0010035124,12,100.0,5.86940572267058,17.037499999999998
0,0.000988824,12,100.0,5.9427732942039615,16.82716049382716
0,0.0009759923,12,100.0,6.016140865737344,16.621951219512194
0,0.0009663169,12,100.0,6.089508437270727,16.42168674698795
0,0.00096468773,12,100.0,6.162876008804108,16.226190476190478
0,0.00096199487,12,100.0,6.236243580337491,16.03529411764706
0,0.0009509383,12,100.0,6.309611151870873,15.848837209302326
0,0.0009299448,12,100.0,6.382978723404255,15.666666666666666
0,0.00092239113,12,100.0,6.456346294937637,15.488636363636365
0,0.00091464113,12,100.0,6.5297138664710195,15.314606741573035
0,0.00090584776,12,100.0,6.603081438004402,15.144444444444444
0,0.00087824656,12,100.0,6.676449009537784,14.97802197802198
0,0.0008779696,12,100.0,6.749816581071166,14.815217391304348
0,0.0008761508,12,100.0,6.823184152604549,14.655913978494624
0,0.00087472686,12,100.0,6.896551724137931,14.500000000000002
0,0.0008746006,12,100.0,6.969919295671313,14.347368421052632
0,0.0008693529,12,100.0,7.043286867204696,14.197916666666666
0,0.00086232094,12,100.0,7.1166544387380775,14.051546391752577
0,0.000854578,12,100.0,7.19002201027146,13.908163265306122
0,0.00082715135,12,100.0,7.263389581804843,13.767676767676766
0,0.0007870691,12,100.0,7.336757153338224,13.63
0,0.0007756235,12,100.0,7.410124724871607,13.495049504950495
0,0.0007734668,12,100.0,7.4834922964049895,13.362745098039214
0,0.0007643015,12,100.0,7.556859867938372,13.233009708737862
0,0.0007451302,12,100.0,7.630227439471754,13.10576923076923
0,0.0007447071,12,100.0,7.703595011005136,12.98095238095238
0,0.00074251066,12,100.0,7.776962582538519,12.858490566037734
0,0.0007307996,12,100.0,7.850330154071901,12.738317757009344
0,0.0007256209,12,100.0,7.923697725605281,12.620370370370372
0,0.0007207501,12,100.0,7.997065297138664,12.504587155963304
0,0.0007193036,12,100.0,8.070432868672047,12.39090909090909
0,0.00071540725,12,100.0,8.143800440205428,12.279279279279281
0,0.00070662575,12,100.0,8.217168011738812,12.169642857142856
0,0.0007029196,12,100.0,8.290535583272193,12.061946902654867
0,0.00069472945,12,100.0,8.363903154805575,11.956140350877194
0,0.00067688356,12,100.0,8.437270726338959,11.852173913043478
0,0.000672184,12,100.0,8.51063829787234,11.75
0,0.0006666486,12,100.0,8.584005869405722,11.64957264957265
0,0.00065814337,12,100.0,8.657373440939105,11.550847457627118
0,0.0006477494,12,100.0,8.730741012472487,11.453781512605042
0,0.0006416313,12,100.0,8.804108584005869,11.358333333333334
0,0.0006203706,12,100.0,8.877476155539252,11.264462809917354
0,0.00061899505,12,100.0,8.950843727072634,11.172131147540984
0,0.0006074581,12,100.0,9.024211298606016,11.08130081300813
0,0.0006017628,12,100.0,9.0975788701394,10.991935483870966
0,0.0005911531,12,100.0,9.17094644167278,10.904
0,0.0005889373,12,100.0,9.244314013206163,10.817460317460318
0,0.00058422686,12,100.0,9.317681584739546,10.732283464566928
0,0.0005837905,12,100.0,9.391049156272928,10.6484375
0,0.0005765727,12,100.0,9.46441672780631,10.565891472868218
0,0.0005717771,12,100.0,9.537784299339693,10.484615384615383
0,0.00056640746,12,100.0,9.611151870873075,10.404580152671755
0,0.00056207844,12,100.0,9.684519442406456,10.325757575757576
0,0.0005469978,12,100.0,9.757887013939838,10.24812030075188
0,0.0005448132,12,100.0,9.83125458547322,10.171641791044777
0,0.00054157706,12,100.0,9.904622157006603,10.096296296296297
0,0.00053797866,12,100.0,9.977989728539985,10.022058823529413
0,0.00052703486,12,100.0,10.051357300073366,9.948905109489052
0,0.0005214024,12,100.0,10.12472487160675,9.876811594202898
0,0.00052056444,12,100.0,10.198092443140132,9.805755395683454
0,0.0005203687,12,100.0,10.271460014673513,9.735714285714286
0,0.00051977974,12,100.0,10.344827586206897,9.666666666666666
0,0.0005153099,12,100.0,10.418195157740278,9.598591549295774
0,0.00051330804,12,100.0,10.49156272927366,9.531468531468532
0,0.0005127264,12,100.0,10.564930300807044,9.465277777777777
0,0.000505571,12,100.0,10.638297872340425,9.4
0,0.00048161412,12,100.0,10.711665443873809,9.335616438356164
0,0.00047937673,12,100.0,10.78503301540719,9.272108843537415
0,0.00046969144,12,100.0,10.858400586940572,9.20945945945946
0,0.00046189065,12,100.0,10.931768158473956,9.147651006711408
0,0.00045727694,12,100.0,11.005135730007337,9.086666666666666
0,0.00045093067,12,100.0,11.078503301540719,9.026490066225165
0,0.0004500229,12,100.0,11.151870873074103,8.967105263157894
0,0.00044393705,12,100.0,11.225238444607484,8.908496732026142
0,0.00044069492,12,100.0,11.298606016140866,8.85064935064935
0,0.00043093893,12,100.0,11.37197358767425,8.793548387096774
0,0.00042318503,12,100.0,11.44534115920763,8.737179487179487
0,0.00041956388,12,100.0,11.518708730741011,8.681528662420384
0,0.0004178472,12,100.0,11.592076302274394,8.626582278481013
0,0.0004114831,12,100.0,11.665443873807776,8.572327044025158
0,0.00040438725,12,100.0,11.73881144534116,8.518749999999999
0,0.00040399807,12,100.0,11.812179016874541,8.46583850931677
0,0.00040134214,12,100.0,11.885546588407923,8.41358024691358
0,0.00039295215,12,100.0,11.958914159941306,8.36196319018405
0,0.00038129048,12,100.0,12.032281731474688,8.310975609756097
0,0.00038088195,12,100.0,12.10564930300807,8.260606060606062
0,0.00037999247,12,100.0,12.179016874541453,8.210843373493976
0,0.00037607944,12,100.0,12.252384446074835,8.161676646706587
0,0.00037008023,12,100.0,12.325752017608217,8.113095238095239
0,0.00036765158,12,100.0,12.3991195891416,8.065088757396449
0,0.0003676374,12,100.0,12.472487160674982,8.01764705882353
0,0.00036731563,12,100.0,12.545854732208364,7.970760233918129
0,0.0003648336,12,100.0,12.619222303741745,7.924418604651163
0,0.00036463264,12,100.0,12.692589875275129,7.878612716763006
0,0.00036194528,12,100.0,12.76595744680851,7.833333333333333
0,0.0003610649,12,100.0,12.839325018341894,7.788571428571428
0,0.0003610238,12,100.0,12.912692589875274,7.7443181818181825
0,0.00035597067,12,100.0,12.986060161408657,7.700564971751413
0,0.00035507182,12,100.0,13.059427732942039,7.657303370786518
0,0.00035109153,12,100.0,13.132795304475422,7.614525139664804
0,0.0003505151,12,100.0,13.206162876008804,7.572222222222222
0,0.00034954306,12,100.0,13.279530447542188,7.530386740331491
0,0.0003476042,12,100.0,13.352898019075568,7.48901098901099
0,0.00034689656,12,100.0,13.426265590608951,7.448087431693989
0,0.00034597743,12,100.0,13.499633162142333,7.407608695652174
0,0.00034494032,12,100.0,13.573000733675716,7.367567567567567
0,0.0003436548,12,100.0,13.646368305209098,7.327956989247312
0,0.0003434167,12,100.0,13.719735876742481,7.288770053475935
0,0.0003422714,12,100.0,13.793103448275861,7.250000000000001
0,0.00033822103,12,100.0,13.866471019809246,7.21164021164021
0,0.00033803083,12,100.0,13.939838591342626,7.173684210526316
0,0.00033377224,12,100.0,14.01320616287601,7.136125654450261
0,0.0003332578,12,100.0,14.086573734409392,7.098958333333333
0,0.00033101975,12,100.0,14.159941305942771,7.06217616580311
0,0.00032797022,12,100.0,14.233308877476155,7.025773195876289
0,0.00032687365,12,100.0,14.306676449009537,6.989743589743591
0,0.00032579873,12,100.0,14.38004402054292,6.954081632653061
0,0.00032472517,12,100.0,14.453411592076302,6.9187817258883255
0,0.00032156895,12,100.0,14.526779163609685,6.883838383838383
0,0.00032091324,12,100.0,14.600146735143065,6.84924623115578
0,0.0003186915,12,100.0,14.673514306676449,6.815
0,0.00031839544,12,100.0,14.74688187820983,6.781094527363185
0,0.00031765655,12,100.0,14.820249449743214,6.747524752475248
0,0.00031716813,12,100.0,14.893617021276595,6.714285714285714
0,0.00031672817,12,100.0,14.966984592809979,6.681372549019607
0,0.00031584073,12,100.0,15.040352164343359,6.648780487804879
0,0.00031552595,12,100.0,15.113719735876744,6.616504854368931
0,0.0003135202,12,100.0,15.187087307410124,6.584541062801932
0,0.00031262744,12,100.0,15.260454878943507,6.552884615384615
0,0.0003102941,12,100.0,15.33382245047689,6.521531100478469
0,0.0003101403,12,100.0,15.407190022010273,6.49047619047619
0,0.00030667608,12,100.0,15.480557593543654,6.459715639810426
0,0.0003059746,12,100.0,15.553925165077038,6.429245283018867
0,0.00030425718,12,100.0,15.627292736610418,6.39906103286385
0,0.00030149578,12,100.0,15.700660308143801,6.369158878504672
0,0.00029969777,12,100.0,15.774027879677183,6.33953488372093
0,0.00029671204,12,100.0,15.847395451210563,6.310185185185186
0,0.00028875918,12,100.0,15.920763022743948,6.28110599078341
0,0.00028812917,12,100.0,15.994130594277328,6.252293577981652
0,0.0002844355,12,100.0,16.06749816581071,6.223744292237443
0,0.0002843089,12,100.0,16.140865737344093,6.195454545454545
0,0.00028402713,12,100.0,16.214233308877475,6.167420814479638
0,0.0002838,12,100.0,16.287600880410857,6.139639639639641
0,0.000280862,12,100.0,16.36096845194424,6.112107623318385
0,0.00027930466,12,100.0,16.434336023477623,6.084821428571428
0,0.00027729713,12,100.0,16.507703595011005,6.057777777777778
0,0.00027476938,12,100.0,16.581071166544387,6.030973451327434
0,0.00027364705,12,100.0,16.654438738077772,6.004405286343611
0,0.00027243682,12,100.0,16.72780630961115,5.978070175438597
0,0.000271867,12,100.0,16.801173881144535,5.951965065502183
0,0.00027070078,12,100.0,16.874541452677917,5.926086956521739
0,0.0002692398,12,100.0,16.9479090242113,5.9004329004329
0,0.00026883453,12,100.0,17.02127659574468,5.875
0,0.0002679545,12,100.0,17.094644167278066,5.849785407725321
0,0.00026647406,12,100.0,17.168011738811444,5.824786324786325
0,0.00026430967,12,100.0,17.24137931034483,5.8
0,0.00026375861,12,100.0,17.31474688187821,5.775423728813559
0,0.00025971577,12,100.0,17.388114453411593,5.751054852320675
0,0.00025873136,12,100.0,17.461482024944974,5.726890756302521
0,0.00025767012,12,100.0,17.53484959647836,5.702928870292886
0,0.00025448398,12,100.0,17.608217168011738,5.679166666666667
0,0.00025441,12,100.0,17.68158473954512,5.655601659751038
0,0.00025346698,12,100.0,17.754952311078505,5.632231404958677
0,0.00025299325,12,100.0,17.828319882611883,5.609053497942388
0,0.0002511844,12,100.0,17.901687454145268,5.586065573770492
0,0.0002496154,12,100.0,17.97505502567865,5.5632653061224495
0,0.0002495195,12,100.0,18.04842259721203,5.540650406504065
0,0.00024854293,12,100.0,18.121790168745413,5.518218623481782
0,0.000248478,12,100.0,18.1951577402788,5.495967741935483
0,0.00024764193,12,100.0,18.268525311812176,5.473895582329318
0,0.00024618005,12,100.0,18.34189288334556,5.452
0,0.00024572347,12,100.0,18.415260454878943,5.430278884462151
0,0.00024462526,12,100.0,18.488628026412325,5.408730158730159
0,0.00024308634,12,100.0,18.561995597945707,5.387351778656127
0,0.00024265445,12,100.0,18.635363169479092,5.366141732283464
0,0.00024237238,12,100.0,18.708730741012474,5.345098039215686
0,0.00023657456,12,100.0,18.782098312545855,5.32421875
0,0.00023587614,12,100.0,18.855465884079237,5.303501945525292
0,0.00023437123,12,100.0,18.92883345561262,5.282945736434109
0,0.00023418406,12,100.0,19.002201027146,5.262548262548263
0,0.00023388036,12,100.0,19.075568598679386,5.2423076923076914
0,0.00023311653,12,100.0,19.148936170212767,5.222222222222221
0,0.0002307354,12,100.0,19.22230374174615,5.202290076335878
0,0.00023041465,12,100.0,19.29567131327953,5.182509505703422
0,0.0002301705,12,100.0,19.369038884812912,5.162878787878788
0,0.00023004456,12,100.0,19.442406456346294,5.143396226415095
0,0.00022945553,12,100.0,19.515774027879676,5.12406015037594
0,0.00022884003,12,100.0,19.58914159941306,5.104868913857677
0,0.00022849253,12,100.0,19.66250917094644,5.085820895522389
0,0.00022818032,12,100.0,19.735876742479824,5.066914498141264
0,0.00022727338,12,100.0,19.809244314013206,5.048148148148148
0,0.00022638342,12,100.0,19.882611885546588,5.0295202952029525
0,0.00022563738,12,100.0,19.95597945707997,5.0110294117647065
0,0.00022518521,12,100.0,20.029347028613355,4.992673992673992
0,0.00022504717,12,100.0,20.102714600146733,4.974452554744526
0,0.00022487559,12,100.0,20.176082171680118,4.956363636363636
0,0.00022394357,12,100.0,20.2494497432135,4.938405797101449
0,0.00022281538,12,100.0,20.32281731474688,4.92057761732852
0,0.00022172356,12,100.0,20.396184886280263,4.902877697841727
0,0.00022073428,12,100.0,20.46955245781365,4.885304659498208
0,0.00021932072,12,100.0,20.542920029347027,4.867857142857143
0,0.00021770253,12,100.0,20.616287600880412,4.850533807829181
0,0.00021700517,12,100.0,20.689655172413794,4.833333333333333
0,0.0002162319,12,100.0,20.763022743947175,4.81625441696113
0,0.00021621725,12,100.0,20.836390315480557,4.799295774647887
0,0.0002152977,12,100.0,20.909757887013942,4.7824561403508765
0,0.00021117237,12,100.0,20.98312545854732,4.765734265734266
0,0.0002102364,12,100.0,21.056493030080702,4.7491289198606275
0,0.00020765071,12,100.0,21.129860601614087,4.732638888888888
0,0.00020737806,12,100.0,21.20322817314747,4.716262975778546
0,0.00020629104,12,100.0,21.27659574468085,4.7
0,0.00020565886,12,100.0,21.349963316214232,4.683848797250859
0,0.00020455391,12,100.0,21.423330887747618,4.667808219178082
0,0.00020247318,12,100.0,21.496698459280996,4.651877133105803
0,0.00020207837,12,100.0,21.57006603081438,4.636054421768708
0,0.00020158033,12,100.0,21.643433602347763,4.620338983050847
0,0.00019984305,12,100.0,21.716801173881144,4.60472972972973
0,0.00019860755,12,100.0,21.790168745414526,4.589225589225589
0,0.00019795551,12,100.0,21.86353631694791,4.573825503355704
0,0.00019695295,12,100.0,21.93690388848129,4.558528428093646
0,0.00019611084,12,100.0,22.010271460014675,4.543333333333333
0,0.00019356095,12,100.0,22.083639031548056,4.528239202657807
0,0.00019342957,12,100.0,22.157006603081438,4.513245033112582
0,0.00019300015,12,100.0,22.23037417461482,4.4983498349834985
0,0.00019274966,12,100.0,22.303741746148205,4.483552631578947
0,0.00019221888,12,100.0,22.377109317681583,4.468852459016394
0,0.00019176526,12,100.0,22.45047688921497,4.454248366013071
0,0.00019088906,12,100.0,22.52384446074835,4.4397394136807815
0,0.00019062131,12,100.0,22.597212032281732,4.425324675324675
0,0.00018597202,12,100.0,22.670579603815114,4.411003236245954
0,0.00018446945,12,100.0,22.7439471753485,4.396774193548387
0,0.0001842752,12,100.0,22.817314746881877,4.382636655948553
0,0.00018361554,12,100.0,22.89068231841526,4.368589743589744
0,0.0001834346,12,100.0,22.964049889948644,4.354632587859425
0,0.00018158511,12,100.0,23.037417461482022,4.340764331210192
0,0.00018141481,12,100.0,23.110785033015407,4.326984126984127
0,0.00018107609,12,100.0,23.18415260454879,4.313291139240507
0,0.00018099944,12,100.0,23.25752017608217,4.299684542586751
0,0.00018073816,12,100.0,23.330887747615552,4.286163522012579
0,0.00018042978,12,100.0,23.404255319148938,4.2727272727272725
0,0.00018040586,12,100.0,23.47762289068232,4.2593749999999995
0,0.00017807033,12,100.0,23.5509904622157,4.246105919003115
0,0.00017792624,12,100.0,23.624358033749083,4.232919254658385
0,0.00017738095,12,100.0,23.697725605282464,4.219814241486068
0,0.00017731788,12,100.0,23.771093176815846,4.20679012345679
0,0.0001753835,12,100.0,23.84446074834923,4.193846153846153
0,0.00017492588,12,100.0,23.917828319882613,4.180981595092025
0,0.0001746627,12,100.0,23.991195891415995,4.1681957186544345
0,0.00017437116,12,100.0,24.064563462949376,4.155487804878049
0,0.00017424882,12,100.0,24.137931034482758,4.142857142857143
0,0.00017254458,12,100.0,24.21129860601614,4.130303030303031
0,0.00017188446,12,100.0,24.284666177549525,4.117824773413897
0,0.00017172162,12,100.0,24.358033749082907,4.105421686746988
0,0.00017147585,12,100.0,24.43140132061629,4.093093093093093
0,0.00017147292,12,100.0,24.50476889214967,4.080838323353293
0,0.00017147097,12,100.0,24.57813646368305,4.068656716417911
0,0.00017069821,12,100.0,24.651504035216433,4.0565476190476195
0,0.00017033433,12,100.0,24.724871606749815,4.044510385756677
0,0.0001699142,12,100.0,24.7982391782832,4.0325443786982245
0,0.00016989492,12,100.0,24.87160674981658,4.020648967551623
0,0.00016914475,12,100.0,24.944974321349964,4.008823529411765
0,0.00016887144,12,100.0,25.018341892883345,3.997067448680352
0,0.00016823981,12,100.0,25.091709464416727,3.9853801169590644
0,0.00016805687,12,100.0,25.165077035950112,3.973760932944606
0,0.00016501933,12,100.0,25.23844460748349,3.9622093023255816
0,0.00016483817,12,100.0,25.311812179016872,3.95072463768116
0,0.00016471106,12,100.0,25.385179750550257,3.939306358381503
0,0.00016426187,12,100.0,25.458547322083643,3.927953890489913
0,0.0001638311,12,100.0,25.53191489361702,3.9166666666666665
0,0.00016369509,12,100.0,25.605282465150403,3.9054441260744985
0,0.00016344803,12,100.0,25.678650036683788,3.894285714285714
0,0.0001609454,12,100.0,25.75201760821717,3.883190883190883
0,0.00016094356,12,100.0,25.825385179750548,3.8721590909090913
0,0.00016069178,12,100.0,25.898752751283933,3.861189801699717
0,0.00016067353,12,100.0,25.972120322817315,3.8502824858757063
0,0.00016032186,12,100.0,26.0454878943507,3.8394366197183096
0,0.00016024055,12,100.0,26.118855465884078,3.828651685393259
0,0.00016010126,12,100.0,26.192223037417463,3.817927170868347
0,0.00015943841,12,100.0,26.265590608950845,3.807262569832402
0,0.00015940254,12,100.0,26.338958180484223,3.7966573816155993
0,0.00015909308,12,100.0,26.41232575201761,3.786111111111111
0,0.00015704958,12,100.0,26.48569332355099,3.775623268698061
0,0.00015702353,12,100.0,26.559060895084375,3.7651933701657456
0,0.00015609126,12,100.0,26.632428466617753,3.7548209366391188
0,0.00015425509,12,100.0,26.705796038151135,3.744505494505495
0,0.00015353122,12,100.0,26.77916360968452,3.734246575342466
0,0.00015229115,12,100.0,26.852531181217902,3.7240437158469946
0,0.00015224672,12,100.0,26.92589875275128,3.713896457765668
0,0.00014916214,12,100.0,26.999266324284665,3.703804347826087
0,0.00014750335,12,100.0,27.07263389581805,3.6937669376693765
0,0.00014712394,12,100.0,27.146001467351432,3.6837837837837837
0,0.00014672983,12,100.0,27.21936903888481,3.6738544474393535
0,0.00014665585,12,100.0,27.292736610418196,3.663978494623656
0,0.00014629842,12,100.0,27.366104181951577,3.6541554959785523
0,0.0001457779,12,100.0,27.439471753484963,3.6443850267379676
0,0.00014517904,12,100.0,27.51283932501834,3.634666666666667
0,0.00014470251,12,100.0,27.586206896551722,3.6250000000000004
0,0.00014455675,12,100.0,27.659574468085108,3.6153846153846154
0,0.00014447888,12,100.0,27.732942039618493,3.605820105820105
0,0.0001441434,12,100.0,27.806309611151868,3.5963060686015837
0,0.00014389155,12,100.0,27.879677182685253,3.586842105263158
0,0.00014371218,12,100.0,27.953044754218638,3.5774278215223094
0,0.00014343386,12,100.0,28.02641232575202,3.5680628272251305
0,0.00014326273,12,100.0,28.099779897285398,3.5587467362924285
0,0.00014308402,12,100.0,28.173147468818783,3.5494791666666665
0,0.00014308389,12,100.0,28.246515040352165,3.54025974025974
0,0.00014262159,12,100.0,28.319882611885543,3.531088082901555
0,0.00014243851,12,100.0,28.393250183418928,3.5219638242894056
0,0.00014165117,12,100.0,28.46661775495231,3.5128865979381443
0,0.00014157622,12,100.0,28.539985326485695,3.503856041131105
0,0.00014110412,12,100.0,28.613352898019073,3.4948717948717953
0,0.00014097501,12,100.0,28.68672046955246,3.485933503836317
0,0.00014013788,12,100.0,28.76008804108584,3.4770408163265305
0,0.00013931104,12,100.0,28.833455612619225,3.4681933842239183
0,0.00013912108,12,100.0,28.906823184152604,3.4593908629441628
0,0.00013829193,12,100.0,28.980190755685985,3.4506329113924052
0,0.00013815274,12,100.0,29.05355832721937,3.4419191919191916
0,0.00013806082,12,100.0,29.126925898752752,3.433249370277078
0,0.00013805977,12,100.0,29.20029347028613,3.42462311557789
0,0.00013786166,12,100.0,29.273661041819516,3.4160401002506267
0,0.00013783957,12,100.0,29.347028613352897,3.4075
0,0.00013759991,12,100.0,29.420396184886282,3.3990024937655856
0,0.00013745186,12,100.0,29.49376375641966,3.3905472636815923
0,0.00013721536,12,100.0,29.567131327953046,3.3821339950372207
0,0.00013698134,12,100.0,29.640498899486428,3.373762376237624
0,0.00013668698,12,100.0,29.713866471019813,3.3654320987654316
0,0.00013653497,12,100.0,29.78723404255319,3.357142857142857
0,0.0001361007,12,100.0,29.860601614086573,3.348894348894349
0,0.00013577974,12,100.0,29.933969185619958,3.3406862745098036
0,0.00013541861,12,100.0,30.007336757153336,3.332518337408313
0,0.00013513057,12,100.0,30.080704328686718,3.3243902439024393
0,0.00013504336,12,100.0,30.154071900220103,3.316301703163017
0,0.00013481936,12,100.0,30.227439471753488,3.3082524271844655
0,0.00013475523,12,100.0,30.300807043286866,3.3002421307506054
0,0.0001343621,12,100.0,30.374174614820248,3.292270531400966
0,0.00013408947,12,100.0,30.447542186353633,3.2843373493975903
0,0.00013277124,12,100.0,30.520909757887015,3.2764423076923075
0,0.0001327696,12,100.0,30.594277329420393,3.2685851318944845
0,0.00013262192,12,100.0,30.66764490095378,3.2607655502392343
0,0.00013222921,12,100.0,30.74101247248716,3.252983293556086
0,0.0001315521,12,100.0,30.814380044020545,3.245238095238095
0,0.00013134327,12,100.0,30.887747615553923,3.2375296912114018
0,0.00013059148,12,100.0,30.96111518708731,3.229857819905213
0,0.00013058276,12,100.0,31.03448275862069,3.2222222222222223
0,0.00013048195,12,100.0,31.107850330154076,3.2146226415094334
0,0.00012886757,12,100.0,31.181217901687454,3.2070588235294117
0,0.00012857777,12,100.0,31.254585473220835,3.199530516431925
0,0.0001282018,12,100.0,31.32795304475422,3.192037470725995
0,0.00012742849,12,100.0,31.401320616287602,3.184579439252336
0,0.00012737952,12,100.0,31.47468818782098,3.1771561771561774
0,0.00012712326,12,100.0,31.548055759354366,3.169767441860465
0,0.00012693174,12,100.0,31.621423330887747,3.1624129930394433
0,0.00012654792,12,100.0,31.694790902421126,3.155092592592593
0,0.00012617452,12,100.0,31.76815847395451,3.147806004618938
0,0.00012579921,12,100.0,31.841526045487896,3.140552995391705
0,0.00012545948,12,100.0,31.914893617021278,3.1333333333333333
0,0.0001253478,12,100.0,31.988261188554656,3.126146788990826
0,0.00012452352,12,100.0,32.06162876008804,3.1189931350114417
0,0.00012419267,12,100.0,32.13499633162142,3.1118721461187215
0,0.00012408022,12,100.0,32.208363903154805,3.1047835990888384
0,0.00012374771,12,100.0,32.281731474688186,3.0977272727272727
0,0.00012372648,12,100.0,32.35509904622157,3.0907029478458052
0,0.00012335058,12,100.0,32.42846661775495,3.083710407239819
0,0.00012332459,12,100.0,32.50183418928834,3.076749435665914
0,0.00012330542,12,100.0,32.57520176082171,3.0698198198198203
0,0.00012257192,12,100.0,32.6485693323551,3.0629213483146063
0,0.00012256012,12,100.0,32.72193690388848,3.0560538116591927
0,0.00012221654,12,100.0,32.795304475421865,3.0492170022371363
0,0.0001221266,12,100.0,32.86867204695525,3.042410714285714
0,0.00012165205,12,100.0,32.94203961848863,3.035634743875278
0,0.0001214301,12,100.0,33.01540719002201,3.028888888888889
0,0.00012054361,12,100.0,33.08877476155539,3.0221729490022176
0,0.00012042816,12,100.0,33.162142333088774,3.015486725663717
0,0.00012021566,12,100.0,33.235509904622155,3.0088300220750552
0,0.000120057804,12,100.0,33.308877476155544,3.0022026431718056
0,0.000119840595,12,100.0,33.38224504768892,2.995604395604396
0,0.000119664735,12,100.0,33.4556126192223,2.9890350877192984
0,0.00011935306,12,100.0,33.52898019075569,2.982494529540481
0,0.00011792425,12,100.0,33.60234776228907,2.9759825327510914
0,0.00011766446,12,100.0,33.675715333822446,2.9694989106753815
0,0.000117365824,12,100.0,33.749082905355834,2.9630434782608694
0,0.00011727241,12,100.0,33.822450476889216,2.9566160520607374
0,0.000117170355,12,100.0,33.8958180484226,2.95021645021645
0,0.000117000985,12,100.0,33.96918561995598,2.9438444924406046
0,0.00011674811,12,100.0,34.04255319148936,2.9375
0,0.000116315525,12,100.0,34.11592076302274,2.9311827956989247
0,0.00011603602,12,100.0,34.18928833455613,2.9248927038626604
0,0.00011517243,12,100.0,34.262655906089506,2.9186295503211994
0,0.00011452225,12,100.0,34.33602347762289,2.9123931623931627
0,0.00011418225,12,100.0,34.40939104915628,2.906183368869936
0,0.00011394677,12,100.0,34.48275862068966,2.9
0,0.0001138868,12,100.0,34.55612619222303,2.893842887473461
0,0.00011334446,12,100.0,34.62949376375642,2.8877118644067794
0,0.0001131147,12,100.0,34.7028613352898,2.8816067653276956
0,0.00011236967,12,100.0,34.776228906823185,2.8755274261603376
0,0.00011225625,12,100.0,34.84959647835657,2.869473684210526
0,0.000112155045,12,100.0,34.92296404988995,2.8634453781512605
0,0.00011142568,12,100.0,34.99633162142333,2.857442348008386
0,0.000111217305,12,100.0,35.06969919295672,2.851464435146443
0,0.00011029688,12,100.0,35.143066764490094,2.8455114822546976
0,0.000110129884,12,100.0,35.216434336023475,2.8395833333333336
0,0.000110093344,12,100.0,35.289801907556864,2.8336798336798332
0,0.0001097731,12,100.0,35.36316947909024,2.827800829875519
0,0.000109498564,12,100.0,35.43653705062362,2.821946169772257
0,0.00010911041,12,100.0,35.50990462215701,2.8161157024793386
0,0.000108951856,12,100.0,35.58327219369039,2.8103092783505152
0,0.00010858811,12,100.0,35.656639765223765,2.804526748971194
0,0.00010817172,12,100.0,35.730007336757154,2.7987679671457903
0,0.00010800372,12,100.0,35.803374908290536,2.793032786885246
0,0.00010769991,12,100.0,35.87674247982392,2.787321063394683
0,0.000107557265,12,100.0,35.9501100513573,2.7816326530612248
0,0.000107507316,12,100.0,36.02347762289068,2.7759674134419554
0,0.00010723262,12,100.0,36.09684519442406,2.7703252032520327
0,0.00010705067,12,100.0,36.17021276595745,2.7647058823529407
0,0.00010693965,12,100.0,36.243580337490826,2.759109311740891
0,0.00010596375,12,100.0,36.31694790902421,2.7535353535353537
0,0.00010529705,12,100.0,36.3903154805576,2.7479838709677415
0,0.000105132,12,100.0,36.46368305209098,2.742454728370221
0,0.000105051135,12,100.0,36.53705062362435,2.736947791164659
0,0.00010499064,12,100.0,36.61041819515774,2.7314629258517034
0,0.000104942796,12,100.0,36.68378576669112,2.726
0,0.00010465439,12,100.0,36.757153338224505,2.720558882235529
0,0.00010387808,12,100.0,36.83052090975789,2.7151394422310755
0,0.000103746715,12,100.0,36.90388848129127,2.709741550695825
0,0.00010342885,12,100.0,36.97725605282465,2.7043650793650795
0,0.00010328633,12,100.0,37.05062362435803,2.699009900990099
0,0.00010294857,12,100.0,37.12399119589141,2.6936758893280635
0,0.00010277426,12,100.0,37.197358767424795,2.68836291913215
0,0.0001020915,12,100.0,37.270726338958184,2.683070866141732
0,0.0001015136,12,100.0,37.34409391049156,2.677799607072692
0,0.000100505815,12,100.0,37.41746148202495,2.672549019607843
0,9.953431e-05,12,100.0,37.49082905355833,2.6673189823874752
0,9.933036e-05,12,100.0,37.56419662509171,2.662109375
0,9.9249126e-05,12,100.0,37.63756419662509,2.6569200779727096
0,9.888316e-05,12,100.0,37.710931768158474,2.651750972762646
0,9.882038e-05,12,100.0,37.784299339691856,2.646601941747573
0,9.859673e-05,12,100.0,37.85766691122524,2.6414728682170545
0,9.8278804e-05,12,100.0,37.93103448275862,2.6363636363636367
0,9.822887e-05,12,100.0,38.004402054292,2.6312741312741315
0,9.813187e-05,12,100.0,38.07776962582538,2.626204238921002
0,9.8125034e-05,12,100.0,38.15113719735877,2.6211538461538457
0,9.770925e-05,12,100.0,38.224504768892146,2.6161228406909793
0,9.7571174e-05,12,100.0,38.297872340425535,2.6111111111111107
0,9.720602e-05,12,100.0,38.37123991195892,2.6061185468451242
0,9.681656e-05,12,100.0,38.4446074834923,2.601145038167939
0,9.677503e-05,12,100.0,38.51797505502568,2.596190476190476
0,9.633289e-05,12,100.0,38.59134262655906,2.591254752851711
0,9.6188785e-05,12,100.0,38.66471019809244,2.586337760910816
0,9.5848445e-05,12,100.0,38.738077769625825,2.581439393939394
0,9.576138e-05,12,100.0,38.81144534115921,2.5765595463137996
0,9.557245e-05,12,100.0,38.88481291269259,2.5716981132075474
0,9.5438576e-05,12,100.0,38.95818048422598,2.5668549905838036
0,9.533279e-05,12,100.0,39.03154805575935,2.56203007518797
0,9.5184274e-05,12,100.0,39.10491562729273,2.557223264540338
0,9.456555e-05,12,100.0,39.17828319882612,2.5524344569288386
0,9.4498384e-05,12,100.0,39.251650770359504,2.547663551401869
0,9.438698e-05,12,100.0,39.32501834189288,2.5429104477611943
0,9.423149e-05,12,100.0,39.39838591342627,2.538175046554935
0,9.4216484e-05,12,100.0,39.47175348495965,2.533457249070632
0,9.364154e-05,12,100.0,39.54512105649303,2.528756957328386
0,9.360083e-05,12,100.0,39.61848862802641,2.524074074074074
0,9.351768e-05,12,100.0,39.691856199559794,2.5194085027726434
0,9.3224924e-05,12,100.0,39.765223771093176,2.5147601476014763
0,9.308644e-05,12,100.0,39.838591342626565,2.5101289134438303
0,9.301563e-05,12,100.0,39.91195891415994,2.5055147058823533
0,9.280778e-05,12,100.0,39.98532648569332,2.5009174311926605
0,9.151093e-05,12,100.0,40.05869405722671,2.496336996336996
0,9.114124e-05,12,100.0,40.13206162876009,2.4917733089579523
0,9.105602e-05,12,100.0,40.205429200293466,2.487226277372263
0,9.0997e-05,12,100.0,40.278796771826855,2.482695810564663
0,9.091633e-05,12,100.0,40.352164343360236,2.478181818181818
0,9.0783265e-05,12,100.0,40.42553191489361,2.4736842105263164
0,9.036075e-05,12,100.0,40.498899486427,2.4692028985507246
0,9.011963e-05,12,100.0,40.57226705796038,2.464737793851718
0,9.0015536e-05,12,100.0,40.64563462949376,2.46028880866426
0,8.951453e-05,12,100.0,40.719002201027145,2.455855855855856
0,8.924911e-05,12,100.0,40.79236977256053,2.4514388489208634
0,8.897455e-05,12,100.0,40.86573734409391,2.4470377019748657
0,8.8828056e-05,12,100.0,40.9391049156273,2.442652329749104
0,8.867166e-05,12,100.0,41.01247248716067,2.4382826475849733
0,8.8412366e-05,12,100.0,41.08584005869405,2.4339285714285714
0,8.807182e-05,12,100.0,41.15920763022744,2.4295900178253116
0,8.76896e-05,12,100.0,41.232575201760824,2.4252669039145904
0,8.759943e-05,12,100.0,41.305942773294205,2.4209591474245116
0,8.751151e-05,12,100.0,41.37931034482759,2.4166666666666665
0,8.6769134e-05,12,100.0,41.45267791636097,2.4123893805309735
0,8.6256245e-05,12,100.0,41.52604548789435,2.408127208480565
0,8.621381e-05,12,100.0,41.59941305942773,2.4038800705467374
0,8.616359e-05,12,100.0,41.672780630961114,2.3996478873239435
0,8.602132e-05,12,100.0,41.746148202494496,2.3954305799648505
0,8.594638e-05,12,100.0,41.819515774027884,2.3912280701754383
0,8.580135e-05,12,100.0,41.89288334556126,2.3870402802101576
0,8.558537e-05,12,100.0,41.96625091709464,2.382867132867133
0,8.546761e-05,12,100.0,42.03961848862803,2.3787085514834203
0,8.5087515e-05,12,100.0,42.112986060161404,2.3745644599303137
0,8.507048e-05,12,100.0,42.18635363169479,2.3704347826086956
0,8.503341e-05,12,100.0,42.259721203228175,2.366319444444444
0,8.443017e-05,12,100.0,42.333088774761556,2.362218370883882
0,8.437986e-05,12,100.0,42.40645634629494,2.358131487889273
0,8.421066e-05,12,100.0,42.47982391782832,2.35405872193437
0,8.3881656e-05,12,100.0,42.5531914893617,2.35
0,8.367299e-05,12,100.0,42.62655906089508,2.3459552495697076
0,8.358279e-05,12,100.0,42.699926632428465,2.3419243986254297
0,8.356558e-05,12,100.0,42.77329420396185,2.337907375643225
0,8.3298415e-05,12,100.0,42.846661775495235,2.333904109589041
0,8.319458e-05,12,100.0,42.92002934702862,2.3299145299145296
0,8.3193074e-05,12,100.0,42.99339691856199,2.3259385665529013
0,8.3134546e-05,12,100.0,43.06676449009538,2.321976149914821
0,8.267633e-05,12,100.0,43.14013206162876,2.318027210884354
0,8.258453e-05,12,100.0,43.213499633162144,2.3140916808149403
0,8.244274e-05,12,100.0,43.286867204695525,2.3101694915254236
0,8.2320184e-05,12,100.0,43.36023477622891,2.306260575296108
0,8.2231614e-05,12,100.0,43.43360234776229,2.302364864864865
0,8.222549e-05,12,100.0,43.50696991929567,2.2984822934232714
0,8.218284e-05,12,100.0,43.58033749082905,2.2946127946127945
0,8.201336e-05,12,100.0,43.653705062362434,2.2907563025210087
0,8.1352984e-05,12,100.0,43.72707263389582,2.286912751677852
0,8.1266844e-05,12,100.0,43.800440205429204,2.283082077051926
0,8.122833e-05,12,100.0,43.87380777696258,2.279264214046823
0,8.1085775e-05,12,100.0,43.94717534849597,2.2754590984974956
0,8.105957e-05,12,100.0,44.02054292002935,2.2716666666666665
0,8.072356e-05,12,100.0,44.093910491562724,2.2678868552412648
0,8.058342e-05,12,100.0,44.16727806309611,2.2641196013289036
0,8.049725e-05,12,100.0,44.240645634629495,2.2603648424543947
0,8.048981e-05,12,100.0,44.314013206162876,2.256622516556291
0,8.0180085e-05,12,100.0,44.38738077769626,2.252892561983471
0,8.009572e-05,12,100.0,44.46074834922964,2.2491749174917492
0,8.001228e-05,12,100.0,44.53411592076302,2.245469522240527
0,7.995126e-05,12,100.0,44.60748349229641,2.2417763157894735
0,7.985023e-05,12,100.0,44.680851063829785,2.238095238095238
0,7.964574e-05,12,100.0,44.754218635363166,2.234426229508197
0,7.958409e-05,12,100.0,44.827586206896555,2.2307692307692304
0,7.958091e-05,12,100.0,44.90095377842994,2.2271241830065356
0,7.947473e-05,12,100.0,44.97432134996331,2.2234910277324635
0,7.938997e-05,12,100.0,45.0476889214967,2.2198697068403908
0,7.927906e-05,12,100.0,45.12105649303008,2.216260162601626
0,7.92675e-05,12,100.0,45.194424064563464,2.2126623376623376
0,7.918032e-05,12,100.0,45.267791636096845,2.2090761750405186
0,7.867769e-05,12,100.0,45.34115920763023,2.205501618122977
0,7.8590856e-05,12,100.0,45.41452677916361,2.2019386106623586
0,7.844657e-05,12,100.0,45.487894350697,2.1983870967741934
0,7.8443205e-05,12,100.0,45.56126192223037,2.1948470209339774
0,7.830277e-05,12,100.0,45.634629493763754,2.1913183279742765
0,7.820524e-05,12,100.0,45.70799706529714,2.1878009630818616
0,7.819174e-05,12,100.0,45.78136463683052,2.184294871794872
0,7.808556e-05,12,100.0,45.8547322083639,2.1808
0,7.766346e-05,12,100.0,45.92809977989729,2.1773162939297124
0,7.755578e-05,12,100.0,46.00146735143067,2.1738437001594897
0,7.7539145e-05,12,100.0,46.074834922964044,2.170382165605096
0,7.6053366e-05,12,100.0,46.14820249449743,2.166931637519873
0,7.6008844e-05,12,100.0,46.221570066030814,2.1634920634920634
0,7.594625e-05,12,100.0,46.294937637564196,2.160063391442155
0,7.585107e-05,12,100.0,46.36830520909758,2.1566455696202533
0,7.579966e-05,12,100.0,46.44167278063096,2.153238546603476
0,7.5530166e-05,12,100.0,46.51504035216434,2.1498422712933754
0,7.536095e-05,12,100.0,46.58840792369773,2.1464566929133855
0,7.51557e-05,12,100.0,46.661775495231105,2.1430817610062896
0,7.4755e-05,12,100.0,46.735143066764486,2.1397174254317113
0,7.472214e-05,12,100.0,46.808510638297875,2.1363636363636362
0,7.462487e-05,12,100.0,46.88187820983126,2.13302034428795
0,7.45418e-05,12,100.0,46.95524578136464,2.1296874999999997
0,7.447032e-05,12,100.0,47.02861335289802,2.126365054602184
0,7.423372e-05,12,100.0,47.1019809244314,2.1230529595015577
0,7.420498e-05,12,100.0,47.17534849596478,2.119751166407465
0,7.398785e-05,12,100.0,47.248716067498165,2.1164596273291925
0,7.3777686e-05,12,100.0,47.32208363903155,2.1131782945736433
0,7.374259e-05,12,100.0,47.39545121056493,2.109907120743034
0,7.3537325e-05,12,100.0,47.46881878209831,2.106646058732612
0,7.319263e-05,12,100.0,47.54218635363169,2.103395061728395
0,7.31592e-05,12,100.0,47.615553925165074,2.100154083204931
0,7.305763e-05,12,100.0,47.68892149669846,2.0969230769230767
0,7.300546e-05,12,100.0,47.76228906823184,2.0937019969278037
0,7.294499e-05,12,100.0,47.835656639765226,2.0904907975460123
0,7.286553e-05,12,100.0,47.90902421129861,2.0872894333843797
0,7.266097e-05,12,100.0,47.98239178283199,2.0840978593272173
0,7.2646006e-05,12,100.0,48.05575935436537,2.0809160305343513
0,7.2425486e-05,12,100.0,48.12912692589875,2.0777439024390243
0,7.234942e-05,12,100.0,48.202494497432134,2.0745814307458144
0,7.229439e-05,12,100.0,48.275862068965516,2.0714285714285716
0,7.223078e-05,12,100.0,48.3492296404989,2.0682852807283765
0,7.21492e-05,12,100.0,48.42259721203228,2.0651515151515154
0,7.195819e-05,12,100.0,48.49596478356567,2.0620272314674732
0,7.1819704e-05,12,100.0,48.56933235509905,2.0589123867069485
0,7.150802e-05,12,100.0,48.642699926632424,2.0558069381598796
0,7.125887e-05,12,100.0,48.71606749816581,2.052710843373494
0,7.078465e-05,12,100.0,48.789435069699195,2.049624060150376
0,7.063759e-05,12,100.0,48.86280264123258,2.0465465465465464
0,7.0323375e-05,12,100.0,48.93617021276596,2.043478260869565
0,7.0289585e-05,12,100.0,49.00953778429934,2.0404191616766467
0,7.0271555e-05,12,100.0,49.08290535583272,2.0373692077727954
0,7.024516e-05,12,100.0,49.1562729273661,2.0343283582089553
0,6.979099e-05,12,100.0,49.229640498899485,2.031296572280179
0,6.96915e-05,12,100.0,49.30300807043287,2.0282738095238098
0,6.920751e-05,12,100.0,49.376375641966256,2.025260029717682
0,6.917274e-05,12,100.0,49.44974321349963,2.0222551928783385
0,6.893134e-05,12,100.0,49.52311078503301,2.0192592592592593
0,6.8703426e-05,12,100.0,49.5964783565664,2.0162721893491122
0,6.868718e-05,12,100.0,49.66984592809978,2.0132939438700146
0,6.868266e-05,12,100.0,49.74321349963316,2.0103244837758116
0,6.8441725e-05,12,100.0,49.816581071166546,2.007363770250368
0,6.844114e-05,12,100.0,49.88994864269993,2.0044117647058823
0,6.8255904e-05,12,100.0,49.96331621423331,2.001468428781204
0,6.81239e-05,12,100.0,50.03668378576669,1.998533724340176
0,6.808156e-05,12,100.0,50.11005135730008,1.9956076134699852
0,6.8029316e-05,12,100.0,50.183418928833454,1.9926900584795322
0,6.791277e-05,12,100.0,50.256786500366836,1.9897810218978103
0,6.788299e-05,12,100.0,50.330154071900225,1.986880466472303
0,6.778066e-05,12,100.0,50.4035216434336,1.9839883551673947
0,6.745837e-05,12,100.0,50.47688921496698,1.9811046511627908
0,6.738656e-05,12,100.0,50.55025678650037,1.9782293178519592
0,6.736696e-05,12,100.0,50.623624358033744,1.97536231884058
0,6.725931e-05,12,100.0,50.69699192956713,1.972503617945007
0,6.724251e-05,12,100.0,50.770359501100515,1.9696531791907514
0,6.704805e-05,12,100.0,50.8437270726339,1.9668109668109668
0,6.6870285e-05,12,100.0,50.917094644167285,1.9639769452449565
0,6.668269e-05,12,100.0,50.99046221570066,1.9611510791366906
0,6.6400185e-05,12,100.0,51.06382978723404,1.9583333333333333
0,6.6360364e-05,12,100.0,51.13719735876743,1.9555236728837875
0,6.6224515e-05,12,100.0,51.210564930300805,1.9527220630372493
0,6.617686e-05,12,100.0,51.28393250183419,1.949928469241774
0,6.61595e-05,12,100.0,51.357300073367576,1.947142857142857
0,6.6132125e-05,12,100.0,51.43066764490095,1.9443651925820258
0,6.6098335e-05,12,100.0,51.50403521643434,1.9415954415954415
0,6.601858e-05,12,100.0,51.57740278796772,1.9388335704125177
0,6.583538e-05,12,100.0,51.650770359501095,1.9360795454545456
0,6.5733126e-05,12,100.0,51.724137931034484,1.9333333333333333
0,6.564418e-05,12,100.0,51.797505502567866,1.9305949008498584
0,6.559224e-05,12,100.0,51.87087307410124,1.9278642149929281
0,6.555785e-05,12,100.0,51.94424064563463,1.9251412429378532
0,6.501874e-05,12,100.0,52.01760821716801,1.9224259520451341
0,6.487536e-05,12,100.0,52.0909757887014,1.9197183098591548
0,6.471774e-05,12,100.0,52.164343360234774,1.9170182841068917
0,6.460576e-05,12,100.0,52.237710931768156,1.9143258426966294
0,6.458648e-05,12,100.0,52.311078503301545,1.9116409537166899
0,6.453335e-05,12,100.0,52.384446074834926,1.9089635854341735
0,6.4348074e-05,12,100.0,52.4578136463683,1.9062937062937064
0,6.4201704e-05,12,100.0,52.53118121790169,1.903631284916201
0,6.339837e-05,12,100.0,52.60454878943507,1.900976290097629
0,6.33913e-05,12,100.0,52.677916360968446,1.8983286908077996
0,6.329574e-05,12,100.0,52.751283932501835,1.8956884561891516
0,6.3272804e-05,12,100.0,52.82465150403522,1.8930555555555555
0,6.317236e-05,12,100.0,52.898019075568605,1.8904299583911233
0,6.285149e-05,12,100.0,52.97138664710198,1.8878116343490305
0,6.277727e-05,12,100.0,53.04475421863536,1.8852005532503457
0,6.2717016e-05,12,100.0,53.11812179016875,1.8825966850828728
0,6.247854e-05,12,100.0,53.191489361702125,1.8800000000000001
0,6.242149e-05,12,100.0,53.26485693323551,1.8774104683195594
0,6.2266314e-05,12,100.0,53.338224504768895,1.874828060522696
0,6.2263345e-05,12,100.0,53.41159207630227,1.8722527472527475
0,6.210206e-05,12,100.0,53.48495964783566,1.8696844993141288
0,6.206375e-05,12,100.0,53.55832721936904,1.867123287671233
0,6.202683e-05,12,100.0,53.631694790902415,1.8645690834473325
0,6.199011e-05,12,100.0,53.705062362435804,1.8620218579234973
0,6.179316e-05,12,100.0,53.778429933969186,1.859481582537517
0,6.123933e-05,12,100.0,53.85179750550256,1.856948228882834
0,6.1131206e-05,12,100.0,53.925165077035956,1.8544217687074829
0,6.1013037e-05,12,100.0,53.99853264856933,1.8519021739130435
0,6.087728e-05,12,100.0,54.07190022010272,1.8493894165535956
0,6.0864273e-05,12,100.0,54.1452677916361,1.8468834688346882
0,6.0813683e-05,12,100.0,54.218635363169476,1.8443843031123142
0,6.071292e-05,12,100.0,54.292002934702865,1.8418918918918918
0,6.0620125e-05,12,100.0,54.365370506236246,1.8394062078272604
0,6.061879e-05,12,100.0,54.43873807776962,1.8369272237196768
0,6.0577127e-05,12,100.0,54.51210564930301,1.8344549125168237
0,6.0362843e-05,12,100.0,54.58547322083639,1.831989247311828
0,6.0348222e-05,12,100.0,54.658840792369766,1.829530201342282
0,6.0200677e-05,12,100.0,54.732208363903155,1.8270777479892761
0,6.015196e-05,12,100.0,54.805575935436536,1.8246318607764391
0,5.9779974e-05,12,100.0,54.878943506969925,1.8221925133689838
0,5.964741e-05,12,100.0,54.9523110785033,1.8197596795727637
0,5.9608854e-05,12,100.0,55.02567865003668,1.8173333333333335
0,5.9578735e-05,12,100.0,55.09904622157007,1.8149134487350198
0,5.953069e-05,12,100.0,55.172413793103445,1.8125000000000002
0,5.9384234e-05,12,100.0,55.24578136463683,1.810092961487384
0,5.92933e-05,12,100.0,55.319148936170215,1.8076923076923077
0,5.892522e-05,12,100.0,55.39251650770359,1.8052980132450334
0,5.8924317e-05,12,100.0,55.465884079236986,1.8029100529100526
0,5.8874495e-05,12,100.0,55.53925165077036,1.8005284015852048
0,5.8846043e-05,12,100.0,55.612619222303735,1.7981530343007919
0,5.8833248e-05,12,100.0,55.68598679383713,1.7957839262187085
0,5.8602553e-05,12,100.0,55.759354365370505,1.793421052631579
0,5.858277e-05,12,100.0,55.83272193690389,1.7910643889618922
0,5.8445836e-05,12,100.0,55.906089508437276,1.7887139107611547
0,5.831884e-05,12,100.0,55.97945707997065,1.7863695937090434
0,5.8231035e-05,12,100.0,56.05282465150404,1.7840314136125652
0,5.8028374e-05,12,100.0,56.12619222303742,1.7816993464052286
0,5.802135e-05,12,100.0,56.199559794570796,1.7793733681462143
0,5.798495e-05,12,100.0,56.272927366104184,1.7770534550195567
0,5.7971796e-05,12,100.0,56.346294937637566,1.7747395833333333
0,5.7829726e-05,12,100.0,56.41966250917094,1.7724317295188559
0,5.7825535e-05,12,100.0,56.49303008070433,1.77012987012987
0,5.7719146e-05,12,100.0,56.56639765223771,1.7678339818417639
0,5.770462e-05,12,100.0,56.639765223771086,1.7655440414507775
0,5.7529953e-05,12,100.0,56.713132795304475,1.7632600258732212
0,5.733355e-05,12,100.0,56.786500366837856,1.7609819121447028
0,5.7177283e-05,12,100.0,56.859867938371245,1.7587096774193547
0,5.717489e-05,12,100.0,56.93323550990462,1.7564432989690721
0,5.6903842e-05,12,100.0,57.006603081438,1.7541827541827544
0,5.6900855e-05,12,100.0,57.07997065297139,1.7519280205655525
0,5.6889952e-05,12,100.0,57.153338224504765,1.749679075738126
0,5.678751e-05,12,100.0,57.226705796038146,1.7474358974358977
0,5.6776786e-05,12,100.0,57.300073367571535,1.7451984635083226
0,5.6393397e-05,12,100.0,57.37344093910492,1.7429667519181584
0,5.626464e-05,12,100.0,57.446808510638306,1.7407407407407405
0,5.6191286e-05,12,100.0,57.52017608217168,1.7385204081632653
0,5.6115357e-05,12,100.0,57.59354365370506,1.7363057324840765
0,5.6003253e-05,12,100.0,57.66691122523845,1.7340966921119592
0,5.6000797e-05,12,100.0,57.740278796771825,1.7318932655654384
0,5.5990546e-05,12,100.0,57.81364636830521,1.7296954314720814
0,5.5981523e-05,12,100.0,57.887013939838596,1.7275031685678073
0,5.5974207e-05,12,100.0,57.96038151137197,1.7253164556962026
0,5.5968285e-05,12,100.0,58.03374908290535,1.7231352718078383
0,5.595724e-05,12,100.0,58.10711665443874,1.7209595959595958
0,5.560143e-05,12,100.0,58.180484225972116,1.7187894073139975
0,5.5549233e-05,12,100.0,58.253851797505504,1.716624685138539
0,5.5496384e-05,12,100.0,58.327219369038886,1.7144654088050315
0,5.548025e-05,12,100.0,58.40058694057226,1.712311557788945
0,5.541664e-05,12,100.0,58.47395451210565,1.710163111668758
0,5.533927e-05,12,100.0,58.54732208363903,1.7080200501253133
0,5.5250734e-05,12,100.0,58.620689655172406,1.7058823529411766
0,5.5168603e-05,12,100.0,58.694057226705795,1.70375
0,5.5161505e-05,12,100.0,58.767424798239176,1.7016229712858928
0,5.5154876e-05,12,100.0,58.840792369772565,1.6995012468827928
0,5.5005283e-05,12,100.0,58.91415994130595,1.697384806973848
0,5.4735337e-05,12,100.0,58.98752751283932,1.6952736318407962
0,5.4713415e-05,12,100.0,59.06089508437271,1.693167701863354
0,5.450584e-05,12,100.0,59.13426265590609,1.6910669975186103
0,5.4244963e-05,12,100.0,59.207630227439466,1.6889714993804215
0,5.4150485e-05,12,100.0,59.280997798972855,1.686881188118812
0,5.4093143e-05,12,100.0,59.35436537050624,1.684796044499382
0,5.341507e-05,12,100.0,59.427732942039626,1.6827160493827158
0,5.3212723e-05,12,100.0,59.501100513573,1.6806411837237978
0,5.3187963e-05,12,100.0,59.57446808510638,1.6785714285714286
0,5.3121003e-05,12,100.0,59.64783565663977,1.6765067650676506
0,5.3004165e-05,12,100.0,59.721203228173145,1.6744471744471745
0,5.2903422e-05,12,100.0,59.79457079970653,1.67239263803681
0,5.261634e-05,12,100.0,59.867938371239916,1.6703431372549018
0,5.258945e-05,12,100.0,59.94130594277329,1.6682986536107711
0,5.2553554e-05,12,100.0,60.01467351430667,1.6662591687041566
0,5.255225e-05,12,100.0,60.08804108584006,1.664224664224664
0,5.2133608e-05,12,100.0,60.161408657373435,1.6621951219512197
0,5.2122527e-05,12,100.0,60.234776228906824,1.6601705237515225
0,5.2080988e-05,12,100.0,60.308143800440206,1.6581508515815084
0,5.2043553e-05,12,100.0,60.38151137197359,1.6561360874848117
0,5.1900515e-05,12,100.0,60.454878943506976,1.6541262135922328
0,5.188765e-05,12,100.0,60.52824651504035,1.652121212121212
0,5.1804098e-05,12,100.0,60.60161408657373,1.6501210653753027
0,5.1730145e-05,12,100.0,60.67498165810712,1.6481257557436517
0,5.1693853e-05,12,100.0,60.748349229640496,1.646135265700483
0,5.168261e-05,12,100.0,60.821716801173885,1.6441495778045838
0,5.1602925e-05,12,100.0,60.89508437270727,1.6421686746987951
0,5.1598745e-05,12,100.0,60.96845194424064,1.6401925391095067
0,5.143132e-05,12,100.0,61.04181951577403,1.6382211538461537
0,5.142799e-05,12,100.0,61.11518708730741,1.6362545018007202
0,5.1311545e-05,12,100.0,61.188554658840786,1.6342925659472423
0,5.1156814e-05,12,100.0,61.261922230374175,1.6323353293413174
0,5.1077892e-05,12,100.0,61.33528980190756,1.6303827751196172
0,5.096535e-05,12,100.0,61.40865737344093,1.628434886499403
0,5.042386e-05,12,100.0,61.48202494497432,1.626491646778043
0,5.007725e-05,12,100.0,61.5553925165077,1.6245530393325387
0,4.995391e-05,12,100.0,61.62876008804109,1.6226190476190474
0,4.9633723e-05,12,100.0,61.702127659574465,1.620689655172414
0,4.9600647e-05,12,100.0,61.77549523110785,1.6187648456057009
0,4.955649e-05,12,100.0,61.848862802641236,1.6168446026097272
0,4.9530976e-05,12,100.0,61.92223037417462,1.6149289099526065
0,4.9431976e-05,12,100.0,61.99559794570799,1.61301775147929
0,4.9303733e-05,12,100.0,62.06896551724138,1.6111111111111112
0,4.9144277e-05,12,100.0,62.14233308877476,1.6092089728453365
0,4.8947695e-05,12,100.0,62.21570066030815,1.6073113207547167
0,4.8867758e-05,12,100.0,62.289068231841526,1.6054181389870437
0,4.882816e-05,12,100.0,62.36243580337491,1.6035294117647059
0,4.8735492e-05,12,100.0,62.435803374908296,1.6016451233842537
0,4.8694706e-05,12,100.0,62.50917094644167,1.5997652582159625
0,4.8539943e-05,12,100.0,62.58253851797505,1.5978898007034
0,4.8527036e-05,12,100.0,62.65590608950844,1.5960187353629975
0,4.8440896e-05,12,100.0,62.729273661041816,1.5941520467836259
0,4.8438862e-05,12,100.0,62.802641232575205,1.592289719626168
0,4.8396843e-05,12,100.0,62.87600880410859,1.5904317386231037
0,4.8290858e-05,12,100.0,62.94937637564196,1.5885780885780887
0,4.814721e-05,12,100.0,63.02274394717535,1.5867287543655413
0,4.7958543e-05,12,100.0,63.09611151870873,1.5848837209302324
0,4.7937607e-05,12,100.0,63.169479090242106,1.5830429732868758
0,4.785457e-05,12,100.0,63.242846661775495,1.5812064965197217
0,4.7806127e-05,12,100.0,63.31621423330888,1.5793742757821554
0,4.77058e-05,12,100.0,63.38958180484225,1.5775462962962965
0,4.755822e-05,12,100.0,63.46294937637565,1.575722543352601
0,4.753392e-05,12,100.0,63.53631694790902,1.573903002309469
0,4.7454836e-05,12,100.0,63.60968451944241,1.5720876585928487
0,4.7222034e-05,12,100.0,63.68305209097579,1.5702764976958525
0,4.7202717e-05,12,100.0,63.75641966250917,1.5684695051783661
0,4.7167574e-05,12,100.0,63.829787234042556,1.5666666666666667
0,4.7069123e-05,12,100.0,63.90315480557594,1.5648679678530424
0,4.6965237e-05,12,100.0,63.97652237710931,1.563073394495413
0,4.6653662e-05,12,100.0,64.0498899486427,1.561282932416953
0,4.6649522e-05,12,100.0,64.12325752017608,1.5594965675057209
0,4.6493595e-05,12,100.0,64.19662509170946,1.5577142857142858
0,4.636979e-05,12,100.0,64.26999266324285,1.5559360730593608
0,4.636683e-05,12,100.0,64.34336023477623,1.5541619156214368
0,4.629216e-05,12,100.0,64.41672780630961,1.5523917995444192
0,4.6012683e-05,12,100.0,64.49009537784299,1.5506257110352675
0,4.6002722e-05,12,100.0,64.56346294937637,1.5488636363636363
0,4.5956815e-05,12,100.0,64.63683052090975,1.547105561861521
0,4.595182e-05,12,100.0,64.71019809244314,1.5453514739229026
0,4.586177e-05,12,100.0,64.78356566397653,1.5436013590033972
0,4.5630728e-05,12,100.0,64.8569332355099,1.5418552036199096
0,4.5614634e-05,12,100.0,64.93030080704328,1.5401129943502827
0,4.5565026e-05,12,100.0,65.00366837857668,1.538374717832957
0,4.548853e-05,12,100.0,65.07703595011006,1.536640360766629
0,4.5316552e-05,12,100.0,65.15040352164343,1.5349099099099102
0,4.5291577e-05,12,100.0,65.22377109317682,1.5331833520809897
0,4.524107e-05,12,100.0,65.2971386647102,1.5314606741573031
0,4.5110624e-05,12,100.0,65.37050623624357,1.5297418630751967
0,4.5100773e-05,12,100.0,65.44387380777697,1.5280269058295963
0,4.5077126e-05,12,100.0,65.51724137931035,1.526315789473684
0,4.5023466e-05,12,100.0,65.59060895084373,1.5246085011185682
0,4.4782984e-05,12,100.0,65.66397652237711,1.5229050279329608
0,4.464172e-05,12,100.0,65.7373440939105,1.521205357142857
0,4.4625718e-05,12,100.0,65.81071166544388,1.5195094760312151
0,4.4589302e-05,12,100.0,65.88407923697726,1.517817371937639
0,4.4585944e-05,12,100.0,65.95744680851064,1.5161290322580645
0,4.45516e-05,12,100.0,66.03081438004402,1.5144444444444445
0,4.414282e-05,12,100.0,66.1041819515774,1.5127635960044394
0,4.4092754e-05,12,100.0,66.17754952311078,1.5110864745011088
0,4.4067576e-05,12,100.0,66.25091709464417,1.5094130675526025
0,4.4049215e-05,12,100.0,66.32428466617755,1.5077433628318584
0,4.367906e-05,12,100.0,66.39765223771093,1.5060773480662983
0,4.3610264e-05,12,100.0,66.47101980924431,1.5044150110375276
0,4.3431755e-05,12,100.0,66.54438738077769,1.5027563395810364
0,4.342401e-05,12,100.0,66.61775495231109,1.5011013215859028
0,4.3412587e-05,12,100.0,66.69112252384446,1.4994499449944996
0,4.3385517e-05,12,100.0,66.76449009537784,1.497802197802198
0,4.3342305e-05,12,100.0,66.83785766691123,1.4961580680570798
0,4.3334985e-05,12,100.0,66.9112252384446,1.4945175438596492
0,4.33083e-05,12,100.0,66.984592809978,1.492880613362541
0,4.3293432e-05,12,100.0,67.05796038151138,1.4912472647702406
0,4.3243464e-05,12,100.0,67.13132795304475,1.489617486338798
0,4.316465e-05,12,100.0,67.20469552457814,1.4879912663755457
0,4.3068558e-05,12,100.0,67.27806309611152,1.4863685932388222
0,4.287276e-05,12,100.0,67.35143066764489,1.4847494553376908
0,4.280491e-05,12,100.0,67.42479823917829,1.4831338411316648
0,4.269581e-05,12,100.0,67.49816581071167,1.4815217391304347
0,4.25436e-05,12,100.0,67.57153338224505,1.479913137893594
0,4.251205e-05,12,100.0,67.64490095377843,1.4783080260303687
0,4.222152e-05,12,100.0,67.71826852531181,1.47670639219935
0,4.21859e-05,12,100.0,67.7916360968452,1.475108225108225
0,4.208769e-05,12,100.0,67.86500366837858,1.4735135135135136
0,4.2082593e-05,12,100.0,67.93837123991196,1.4719222462203023
0,4.2074407e-05,12,100.0,68.01173881144534,1.470334412081985
0,4.1942607e-05,12,100.0,68.08510638297872,1.46875
0,4.1805637e-05,12,100.0,68.15847395451212,1.4671689989235734
0,4.165255e-05,12,100.0,68.23184152604549,1.4655913978494624
0,4.1647112e-05,12,100.0,68.30520909757887,1.4640171858216973
0,4.1603165e-05,12,100.0,68.37857666911226,1.4624463519313302
0,4.1424937e-05,12,100.0,68.45194424064563,1.4608788853161845
0,4.1373813e-05,12,100.0,68.52531181217901,1.4593147751605997
0,4.135866e-05,12,100.0,68.59867938371241,1.457754010695187
0,4.1316915e-05,12,100.0,68.67204695524578,1.4561965811965814
0,4.1283398e-05,12,100.0,68.74541452677916,1.4546424759871932
0,4.1247353e-05,12,100.0,68.81878209831255,1.453091684434968
0,4.117496e-05,12,100.0,68.89214966984592,1.4515441959531419
0,4.1153053e-05,12,100.0,68.96551724137932,1.45
0,4.110301e-05,12,100.0,69.0388848129127,1.4484590860786397
0,4.0991996e-05,12,100.0,69.11225238444607,1.4469214437367306
0,4.0953393e-05,12,100.0,69.18561995597946,1.4453870625662777
0,4.0942574e-05,12,100.0,69.25898752751284,1.4438559322033897
0,4.0872277e-05,12,100.0,69.33235509904621,1.4423280423280425
0,4.079988e-05,12,100.0,69.4057226705796,1.4408033826638478
0,4.077853e-05,12,100.0,69.47909024211299,1.4392819429778247
0,4.0746614e-05,12,100.0,69.55245781364637,1.4377637130801688
0,4.0648538e-05,12,100.0,69.62582538517975,1.4362486828240253
0,4.0572246e-05,12,100.0,69.69919295671313,1.434736842105263
0,4.0472776e-05,12,100.0,69.77256052824652,1.4332281808622502
0,4.038738e-05,12,100.0,69.8459280997799,1.4317226890756303
0,4.024443e-05,12,100.0,69.91929567131328,1.4302203567681007
0,4.0241095e-05,12,100.0,69.99266324284666,1.428721174004193
0,4.017637e-05,12,100.0,70.06603081438004,1.4272251308900523
0,3.999235e-05,12,100.0,70.13939838591344,1.4257322175732214
0,3.9871138e-05,12,100.0,70.2127659574468,1.4242424242424243
0,3.9744536e-05,12,100.0,70.28613352898019,1.4227557411273488
0,3.9641953e-05,12,100.0,70.35950110051358,1.4212721584984356
0,3.9617993e-05,12,100.0,70.43286867204695,1.4197916666666668
0,3.951845e-05,12,100.0,70.50623624358033,1.4183142559833508
0,3.9489558e-05,12,100.0,70.57960381511373,1.4168399168399166
0,3.9188948e-05,12,100.0,70.6529713866471,1.4153686396677052
0,3.9117855e-05,12,100.0,70.72633895818048,1.4139004149377594
0,3.8974533e-05,12,100.0,70.79970652971387,1.4124352331606216
0,3.8810973e-05,12,100.0,70.87307410124724,1.4109730848861286
0,3.879935e-05,12,100.0,70.94644167278064,1.4095139607032057
0,3.8775306e-05,12,100.0,71.01980924431402,1.4080578512396693
0,3.870478e-05,12,100.0,71.09317681584739,1.4066047471620229
0,3.844214e-05,12,100.0,71.16654438738078,1.4051546391752576
0,3.836823e-05,12,100.0,71.23991195891416,1.403707518022657
0,3.8215006e-05,12,100.0,71.31327953044753,1.402263374485597
0,3.8168968e-05,12,100.0,71.38664710198093,1.4008221993833505
0,3.813815e-05,12,100.0,71.46001467351431,1.3993839835728952
0,3.8134116e-05,12,100.0,71.53338224504769,1.397948717948718
0,3.8102746e-05,12,100.0,71.60674981658107,1.396516393442623
0,3.8095986e-05,12,100.0,71.68011738811445,1.3950870010235414
0,3.7922724e-05,12,100.0,71.75348495964784,1.3936605316973416
0,3.788878e-05,12,100.0,71.82685253118122,1.3922369765066394
0,3.7836428e-05,12,100.0,71.9002201027146,1.3908163265306124
0,3.7367543e-05,12,100.0,71.97358767424798,1.3893985728848115
0,3.7349233e-05,12,100.0,72.04695524578136,1.3879837067209777
0,3.730189e-05,12,100.0,72.12032281731474,1.3865717192268565
0,3.7293354e-05,12,100.0,72.19369038884813,1.3851626016260163
0,3.721981e-05,12,100.0,72.2670579603815,1.383756345177665
0,3.7192593e-05,12,100.0,72.3404255319149,1.3823529411764703
0,3.7109832e-05,12,100.0,72.41379310344827,1.3809523809523812
0,3.7019097e-05,12,100.0,72.48716067498165,1.3795546558704455
0,3.6966252e-05,12,100.0,72.56052824651505,1.3781597573306368
0,3.675068e-05,12,100.0,72.63389581804842,1.3767676767676769
0,3.6708825e-05,12,100.0,72.7072633895818,1.3753784056508578
0,3.6636466e-05,12,100.0,72.7806309611152,1.3739919354838708
0,3.6590653e-05,12,100.0,72.85399853264856,1.3726082578046326
0,3.6565296e-05,12,100.0,72.92736610418196,1.3712273641851105
0,3.6561636e-05,12,100.0,73.00073367571534,1.3698492462311558
0,3.650471e-05,12,100.0,73.0741012472487,1.3684738955823295
0,3.6296155e-05,12,100.0,73.1474688187821,1.3671013039117352
0,3.6228615e-05,12,100.0,73.22083639031548,1.3657314629258517
0,3.619084e-05,12,100.0,73.29420396184886,1.3643643643643644
0,3.6176483e-05,12,100.0,73.36757153338225,1.363
0,3.614221e-05,12,100.0,73.44093910491563,1.3616383616383616
0,3.613611e-05,12,100.0,73.51430667644901,1.3602794411177646
0,3.607809e-05,12,100.0,73.58767424798239,1.3589232303090728
0,3.603466e-05,12,100.0,73.66104181951577,1.3575697211155378
0,3.5995472e-05,12,100.0,73.73440939104916,1.3562189054726368
0,3.5955367e-05,12,100.0,73.80777696258254,1.3548707753479126
0,3.583508e-05,12,100.0,73.88114453411592,1.3535253227408144
0,3.5743677e-05,12,100.0,73.9545121056493,1.3521825396825398
0,3.5663394e-05,12,100.0,74.02787967718268,1.3508424182358771
0,3.554981e-05,12,100.0,74.10124724871606,1.3495049504950496
0,3.553737e-05,12,100.0,74.17461482024945,1.348170128585559
0,3.545697e-05,12,100.0,74.24798239178283,1.3468379446640317
0,3.545623e-05,12,100.0,74.32134996331622,1.345508390918065
0,3.54251e-05,12,100.0,74.39471753484959,1.344181459566075
0,3.535945e-05,12,100.0,74.46808510638297,1.342857142857143
0,3.5335757e-05,12,100.0,74.54145267791637,1.341535433070866
0,3.527162e-05,12,100.0,74.61482024944974,1.3402163225172077
0,3.526486e-05,12,100.0,74.68818782098312,1.338899803536346
0,3.5207973e-05,12,100.0,74.76155539251651,1.3375858684985278
0,3.5048444e-05,12,100.0,74.8349229640499,1.3362745098039215
0,3.4985133e-05,12,100.0,74.90829053558328,1.334965719882468
0,3.4975023e-05,12,100.0,74.98165810711666,1.3336594911937376
0,3.4915272e-05,12,100.0,75.05502567865004,1.332355816226784
0,3.487647e-05,12,100.0,75.12839325018342,1.3310546875
0,3.4850338e-05,12,100.0,75.2017608217168,1.3297560975609757
0,3.483183e-05,12,100.0,75.27512839325018,1.3284600389863548
0,3.4696204e-05,12,100.0,75.34849596478357,1.3271665043816943
0,3.4503806e-05,12,100.0,75.42186353631695,1.325875486381323
0,3.443376e-05,12,100.0,75.49523110785033,1.3245869776482022
0,3.4431952e-05,12,100.0,75.56859867938371,1.3233009708737864
0,3.4413275e-05,12,100.0,75.6419662509171,1.3220174587778857
0,3.4379944e-05,12,100.0,75.71533382245048,1.3207364341085273
0,3.4345278e-05,12,100.0,75.78870139398386,1.31945788964182
0,3.4291308e-05,12,100.0,75.86206896551724,1.3181818181818183
0,3.4241995e-05,12,100.0,75.93543653705062,1.3169082125603866
0,3.4075376e-05,12,100.0,76.008804108584,1.3156370656370657
0,3.4038967e-05,12,100.0,76.08217168011738,1.3143683702989393
0,3.399034e-05,12,100.0,76.15553925165077,1.313102119460501
0,3.3988723e-05,12,100.0,76.22890682318415,1.3118383060635228
0,3.381156e-05,12,100.0,76.30227439471754,1.3105769230769229
0,3.3788932e-05,12,100.0,76.37564196625092,1.3093179634966376
0,3.3782973e-05,12,100.0,76.44900953778429,1.3080614203454897
0,3.373993e-05,12,100.0,76.52237710931769,1.3068072866730585
0,3.3638855e-05,12,100.0,76.59574468085107,1.3055555555555554
0,3.3556735e-05,12,100.0,76.66911225238444,1.3043062200956939
0,3.343395e-05,12,100.0,76.74247982391783,1.3030592734225621
0,3.342725e-05,12,100.0,76.81584739545121,1.3018147086914995
0,3.3272656e-05,12,100.0,76.8892149669846,1.3005725190839694
0,3.3123288e-05,12,100.0,76.96258253851798,1.2993326978074355
0,3.307086e-05,12,100.0,77.03595011005136,1.298095238095238
0,3.3068212e-05,12,100.0,77.10931768158474,1.29686013320647
0,3.2881766e-05,12,100.0,77.18268525311812,1.2956273764258555
0,3.2854277e-05,12,100.0,77.2560528246515,1.2943969610636277
0,3.2761764e-05,12,100.0,77.32942039618489,1.293168880455408
0,3.274646e-05,12,100.0,77.40278796771827,1.2919431279620852
0,3.2731095e-05,12,100.0,77.47615553925165,1.290719696969697
0,3.2692038e-05,12,100.0,77.54952311078503,1.2894985808893094
0,3.264282e-05,12,100.0,77.62289068231841,1.2882797731568998
0,3.2622684e-05,12,100.0,77.6962582538518,1.287063267233239
0,3.2563876e-05,12,100.0,77.76962582538518,1.2858490566037737
0,3.252809e-05,12,100.0,77.84299339691856,1.2846371347785108
0,3.250319e-05,12,100.0,77.91636096845195,1.2834274952919018
0,3.2494016e-05,12,100.0,77.98972853998532,1.2822201317027282
0,3.2477874e-05,12,100.0,78.0630961115187,1.281015037593985
0,3.2324e-05,12,100.0,78.1364636830521,1.2798122065727697
0,3.2196785e-05,12,100.0,78.20983125458547,1.278611632270169
0,3.2113992e-05,12,100.0,78.28319882611886,1.2774133083411432
0,3.2100244e-05,12,100.0,78.35656639765224,1.2762172284644193
0,3.2098957e-05,12,100.0,78.42993396918561,1.275023386342376
0,3.2050477e-05,12,100.0,78.50330154071901,1.2738317757009345
0,3.1825854e-05,12,100.0,78.57666911225239,1.272642390289449
0,3.1745163e-05,12,100.0,78.65003668378576,1.2714552238805972
0,3.1709398e-05,12,100.0,78.72340425531915,1.2702702702702702
0,3.1703807e-05,12,100.0,78.79677182685253,1.2690875232774674
0,3.170187e-05,12,100.0,78.87013939838592,1.267906976744186
0,3.1677875e-05,12,100.0,78.9435069699193,1.266728624535316
0,3.1620468e-05,12,100.0,79.01687454145268,1.2655524605385329
0,3.149116e-05,12,100.0,79.09024211298606,1.264378478664193
0,3.1411946e-05,12,100.0,79.16360968451944,1.2632066728452271
0,3.1399337e-05,12,100.0,79.23697725605282,1.262037037037037
0,3.110829e-05,12,100.0,79.3103448275862,1.2608695652173914
0,3.099287e-05,12,100.0,79.38371239911959,1.2597042513863217
0,3.0932042e-05,12,100.0,79.45707997065297,1.2585410895660203
0,3.0925465e-05,12,100.0,79.53044754218635,1.2573800738007381
0,3.0817362e-05,12,100.0,79.60381511371973,1.256221198156682
0,3.0768493e-05,12,100.0,79.67718268525313,1.2550644567219151
0,3.07326e-05,12,100.0,79.7505502567865,1.253909843606256
0,3.072554e-05,12,100.0,79.82391782831988,1.2527573529411766
0,3.0268677e-05,12,100.0,79.89728539985327,1.251606978879706
0,3.0212383e-05,12,100.0,79.97065297138664,1.2504587155963303
0,3.0158639e-05,12,100.0,80.04402054292002,1.2493125572868928
0,3.006775e-05,12,100.0,80.11738811445342,1.248168498168498
0,3.0053474e-05,12,100.0,80.19075568598679,1.2470265324794145
0,2.9900244e-05,12,100.0,80.26412325752018,1.2458866544789762
0,2.9880948e-05,12,100.0,80.33749082905356,1.2447488584474884
0,2.9879835e-05,12,100.0,80.41085840058693,1.2436131386861315
0,2.9722702e-05,12,100.0,80.48422597212033,1.242479489516864
0,2.9509045e-05,12,100.0,80.55759354365371,1.2413479052823315
0,2.94927e-05,12,100.0,80.63096111518708,1.2402183803457691
0,2.9449504e-05,12,100.0,80.70432868672047,1.239090909090909
0,2.9409422e-05,12,100.0,80.77769625825385,1.2379654859218892
0,2.9362402e-05,12,100.0,80.85106382978722,1.2368421052631582
0,2.9306424e-05,12,100.0,80.92443140132062,1.2357207615593835
0,2.9262299e-05,12,100.0,80.997798972854,1.2346014492753623
0,2.9176865e-05,12,100.0,81.07116654438738,1.2334841628959277
0,2.8964423e-05,12,100.0,81.14453411592076,1.232368896925859
0,2.8885286e-05,12,100.0,81.21790168745414,1.2312556458897923
0,2.887694e-05,12,100.0,81.29126925898753,1.23014440433213
0,2.8764527e-05,12,100.0,81.36463683052091,1.2290351668169521
0,2.8620192e-05,12,100.0,81.43800440205429,1.227927927927928
0,2.8530318e-05,12,100.0,81.51137197358767,1.2268226822682269
0,2.850364e-05,12,100.0,81.58473954512105,1.2257194244604317
0,2.8500675e-05,12,100.0,81.65810711665445,1.224618149146451
0,2.8309243e-05,12,100.0,81.73147468818782,1.2235188509874328
0,2.8290004e-05,12,100.0,81.8048422597212,1.2224215246636772
0,2.8282098e-05,12,100.0,81.8782098312546,1.221326164874552
0,2.8222476e-05,12,100.0,81.95157740278796,1.2202327663384065
0,2.8220913e-05,12,100.0,82.02494497432134,1.2191413237924866
0,2.8138036e-05,12,100.0,82.09831254585474,1.2180518319928506
0,2.8129049e-05,12,100.0,82.1716801173881,1.2169642857142857
0,2.8121565e-05,12,100.0,82.2450476889215,1.215878679750223
0,2.8118238e-05,12,100.0,82.31841526045488,1.2147950089126558
0,2.8080563e-05,12,100.0,82.39178283198825,1.213713268032057
0,2.7763455e-05,12,100.0,82.46515040352165,1.2126334519572952
0,2.7739134e-05,12,100.0,82.53851797505503,1.2115555555555555
0,2.755647e-05,12,100.0,82.61188554658841,1.2104795737122558
0,2.7479293e-05,12,100.0,82.68525311812179,1.209405501330967
0,2.7467528e-05,12,100.0,82.75862068965517,1.2083333333333333
0,2.7429129e-05,12,100.0,82.83198826118856,1.2072630646589901
0,2.729904e-05,12,100.0,82.90535583272194,1.2061946902654868
0,2.728725e-05,12,100.0,82.97872340425532,1.205128205128205
0,2.7232398e-05,12,100.0,83.0520909757887,1.2040636042402826
0,2.7216274e-05,12,100.0,83.12545854732208,1.2030008826125331
0,2.7076661e-05,12,100.0,83.19882611885546,1.2019400352733687
0,2.702156e-05,12,100.0,83.27219369038885,1.2008810572687225
0,2.700796e-05,12,100.0,83.34556126192223,1.1998239436619718
0,2.698973e-05,12,100.0,83.41892883345561,1.1987686895338612
0,2.6965674e-05,12,100.0,83.49229640498899,1.1977152899824253
0,2.6865056e-05,12,100.0,83.56566397652237,1.196663740122915
0,2.6848895e-05,12,100.0,83.63903154805577,1.1956140350877191
0,2.6827653e-05,12,100.0,83.71239911958914,1.1945661700262928
0,2.6813252e-05,12,100.0,83.78576669112252,1.1935201401050788
0,2.6660267e-05,12,100.0,83.85913426265591,1.1924759405074365
0,2.6642705e-05,12,100.0,83.93250183418928,1.1914335664335665
0,2.6602364e-05,12,100.0,84.00586940572266,1.1903930131004368
0,2.6476146e-05,12,100.0,84.07923697725606,1.1893542757417102
0,2.6443848e-05,12,100.0,84.15260454878944,1.1883173496076722
0,2.6407055e-05,12,100.0,84.22597212032281,1.1872822299651569
0,2.637293e-05,12,100.0,84.2993396918562,1.186248912097476
0,2.63162e-05,12,100.0,84.37270726338959,1.1852173913043478
0,2.6312635e-05,12,100.0,84.44607483492297,1.1841876629018244
0,2.6216656e-05,12,100.0,84.51944240645635,1.183159722222222
0,2.6093488e-05,12,100.0,84.59280997798973,1.1821335646140503
0,2.5917778e-05,12,100.0,84.66617754952311,1.181109185441941
0,2.5870982e-05,12,100.0,84.7395451210565,1.18008658008658
0,2.5822352e-05,12,100.0,84.81291269258988,1.1790657439446366
0,2.5762385e-05,12,100.0,84.88628026412326,1.1780466724286949
0,2.5737485e-05,12,100.0,84.95964783565664,1.177029360967185
0,2.5573388e-05,12,100.0,85.03301540719002,1.176013805004314
0,2.5563806e-05,12,100.0,85.1063829787234,1.175
0,2.5530648e-05,12,100.0,85.17975055025678,1.173987941429802
0,2.5511688e-05,12,100.0,85.25311812179017,1.1729776247848538
0,2.5435433e-05,12,100.0,85.32648569332355,1.171969045571797
0,2.5428766e-05,12,100.0,85.39985326485693,1.1709621993127148
0,2.5355077e-05,12,100.0,85.47322083639031,1.1699570815450644
0,2.5296074e-05,12,100.0,85.5465884079237,1.1689536878216125
0,2.5219504e-05,12,100.0,85.61995597945709,1.1679520137103683
0,2.5192316e-05,12,100.0,85.69332355099047,1.1669520547945205
0,2.512104e-05,12,100.0,85.76669112252384,1.1659538066723696
0,2.512037e-05,12,100.0,85.84005869405723,1.1649572649572648
0,2.5064111e-05,12,100.0,85.91342626559062,1.1639624252775405
0,2.4997964e-05,12,100.0,85.98679383712398,1.1629692832764507
0,2.4977113e-05,12,100.0,86.06016140865738,1.1619778346121057
0,2.4961495e-05,12,100.0,86.13352898019076,1.1609880749574104
0,2.4933277e-05,12,100.0,86.20689655172413,1.1600000000000001
0,2.4903407e-05,12,100.0,86.28026412325752,1.159013605442177
0,2.4857163e-05,12,100.0,86.3536316947909,1.1580288870008495
0,2.4844412e-05,12,100.0,86.42699926632429,1.1570458404074702
0,2.4768238e-05,12,100.0,86.50036683785767,1.156064461407973
0,2.4752984e-05,12,100.0,86.57373440939105,1.1550847457627118
0,2.4684763e-05,12,100.0,86.64710198092443,1.1541066892464014
0,2.4537323e-05,12,100.0,86.72046955245781,1.153130287648054
0,2.4527475e-05,12,100.0,86.7938371239912,1.1521555367709213
0,2.4505707e-05,12,100.0,86.86720469552458,1.1511824324324325
0,2.440221e-05,12,100.0,86.94057226705796,1.150210970464135
0,2.4336743e-05,12,100.0,87.01393983859134,1.1492411467116357
0,2.4277726e-05,12,100.0,87.08730741012472,1.148272957034541
0,2.4177543e-05,12,100.0,87.1606749816581,1.1473063973063973
0,2.4091532e-05,12,100.0,87.2340425531915,1.146341463414634
0,2.3972794e-05,12,100.0,87.30741012472487,1.1453781512605044
0,2.39557e-05,12,100.0,87.38077769625825,1.144416456759026
0,2.3909528e-05,12,100.0,87.45414526779165,1.143456375838926
0,2.3811433e-05,12,100.0,87.52751283932501,1.1424979044425818
0,2.3762026e-05,12,100.0,87.60088041085841,1.141541038525963
0,2.3715504e-05,12,100.0,87.67424798239179,1.1405857740585774
0,2.3646287e-05,12,100.0,87.74761555392516,1.1396321070234114
0,2.3618408e-05,12,100.0,87.82098312545855,1.1386800334168754
0,2.3472032e-05,12,100.0,87.89435069699194,1.1377295492487478
0,2.3471875e-05,12,100.0,87.9677182685253,1.1367806505421185
0,2.3437251e-05,12,100.0,88.0410858400587,1.1358333333333333
0,2.3434613e-05,12,100.0,88.11445341159208,1.13488759367194
0,2.3431641e-05,12,100.0,88.18782098312545,1.1339434276206324
0,2.34265e-05,12,100.0,88.26118855465884,1.1330008312551954
0,2.3335951e-05,12,100.0,88.33455612619223,1.1320598006644518
0,2.319617e-05,12,100.0,88.40792369772561,1.1311203319502074
0,2.318856e-05,12,100.0,88.48129126925899,1.1301824212271974
0,2.316447e-05,12,100.0,88.55465884079237,1.1292460646230322
0,2.3066023e-05,12,100.0,88.62802641232575,1.1283112582781456
0,2.2956145e-05,12,100.0,88.70139398385913,1.1273779983457404
0,2.2674232e-05,12,100.0,88.77476155539252,1.1264462809917355
0,2.2669497e-05,12,100.0,88.8481291269259,1.1255161023947151
0,2.2629518e-05,12,100.0,88.92149669845928,1.1245874587458746
0,2.2609393e-05,12,100.0,88.99486426999268,1.1236603462489694
0,2.2567321e-05,12,100.0,89.06823184152604,1.1227347611202636
0,2.2453565e-05,12,100.0,89.14159941305942,1.1218106995884773
0,2.2443954e-05,12,100.0,89.21496698459282,1.1208881578947367
0,2.2273121e-05,12,100.0,89.28833455612619,1.1199671322925226
0,2.2254395e-05,12,100.0,89.36170212765957,1.119047619047619
0,2.2104052e-05,12,100.0,89.43506969919297,1.118129614438064
0,2.208233e-05,12,100.0,89.50843727072633,1.1172131147540985
0,2.1755537e-05,12,100.0,89.58180484225971,1.1162981162981165
0,2.1648702e-05,12,100.0,89.65517241379311,1.1153846153846152
0,2.1588585e-05,12,100.0,89.72853998532648,1.1144726083401473
0,2.1555608e-05,12,100.0,89.80190755685987,1.1135620915032678
0,2.1513139e-05,12,100.0,89.87527512839326,1.1126530612244898
0,2.1499745e-05,12,100.0,89.94864269992662,1.1117455138662318
0,2.1456159e-05,12,100.0,90.02201027146002,1.1108394458027708
0,2.1311515e-05,12,100.0,90.0953778429934,1.1099348534201954
0,2.1135345e-05,12,100.0,90.16874541452677,1.1090317331163548
0,2.101654e-05,12,100.0,90.24211298606016,1.108130081300813
0,2.1014035e-05,12,100.0,90.31548055759355,1.107229894394801
0,2.0966914e-05,12,100.0,90.38884812912693,1.1063311688311688
0,2.0732867e-05,12,100.0,90.46221570066031,1.105433901054339
0,2.053638e-05,12,100.0,90.53558327219369,1.1045380875202593
0,2.0531565e-05,12,100.0,90.60895084372707,1.1036437246963562
0,2.049084e-05,12,100.0,90.68231841526045,1.1027508090614886
0,2.048607e-05,12,100.0,90.75568598679384,1.1018593371059013
0,2.031109e-05,12,100.0,90.82905355832722,1.1009693053311793
0,2.0294923e-05,12,100.0,90.9024211298606,1.1000807102502017
0,2.0140293e-05,12,100.0,90.975788701394,1.0991935483870967
0,2.0139812e-05,12,100.0,91.04915627292736,1.0983078162771958
0,2.0101284e-05,12,100.0,91.12252384446074,1.0974235104669887
0,1.9916308e-05,12,100.0,91.19589141599414,1.0965406275140788
0,1.9834579e-05,12,100.0,91.26925898752751,1.0956591639871383
0,1.9692185e-05,12,100.0,91.34262655906089,1.0947791164658636
0,1.9662275e-05,12,100.0,91.41599413059429,1.0939004815409308
0,1.9590756e-05,12,100.0,91.48936170212765,1.0930232558139537
0,1.957115e-05,12,100.0,91.56272927366103,1.092147435897436
0,1.9484107e-05,12,100.0,91.63609684519443,1.0912730184147317
0,1.9389388e-05,12,100.0,91.7094644167278,1.0904
0,1.932452e-05,12,100.0,91.7828319882612,1.0895283772981614
0,1.9311736e-05,12,100.0,91.85619955979458,1.0886581469648562
0,1.9188756e-05,12,100.0,91.92956713132794,1.0877893056664008
0,1.9188334e-05,12,100.0,92.00293470286134,1.0869218500797448
0,1.912815e-05,12,100.0,92.07630227439472,1.0860557768924302
0,1.9078308e-05,12,100.0,92.14966984592809,1.085191082802548
0,1.9022062e-05,12,100.0,92.22303741746148,1.0843277645186953
0,1.9004201e-05,12,100.0,92.29640498899487,1.0834658187599364
0,1.8968605e-05,12,100.0,92.36977256052825,1.0826052422557586
0,1.8827885e-05,12,100.0,92.44314013206163,1.0817460317460317
0,1.8808898e-05,12,100.0,92.51650770359501,1.0808881839809674
0,1.8739858e-05,12,100.0,92.58987527512839,1.0800316957210776
0,1.8705667e-05,12,100.0,92.66324284666177,1.0791765637371338
0,1.8621284e-05,12,100.0,92.73661041819516,1.0783227848101267
0,1.8536097e-05,12,100.0,92.80997798972854,1.0774703557312253
0,1.848984e-05,12,100.0,92.88334556126192,1.076619273301738
0,1.848524e-05,12,100.0,92.95671313279531,1.0757695343330702
0,1.8329289e-05,12,100.0,93.03008070432868,1.0749211356466877
0,1.8319275e-05,12,100.0,93.10344827586206,1.0740740740740742
0,1.831187e-05,12,100.0,93.17681584739546,1.0732283464566927
0,1.8288676e-05,12,100.0,93.25018341892883,1.0723839496459482
0,1.8077282e-05,12,100.0,93.32355099046221,1.0715408805031448
0,1.7959028e-05,12,100.0,93.3969185619956,1.07069913589945
0,1.7926568e-05,12,100.0,93.47028613352897,1.0698587127158556
0,1.7782604e-05,12,100.0,93.54365370506235,1.0690196078431373
0,1.7705272e-05,12,100.0,93.61702127659575,1.0681818181818181
0,1.7564242e-05,12,100.0,93.69038884812912,1.06734534064213
0,1.7544538e-05,12,100.0,93.76375641966251,1.066510172143975
0,1.7519993e-05,12,100.0,93.8371239911959,1.0656763096168882
0,1.7285014e-05,12,100.0,93.91049156272928,1.0648437499999999
0,1.718862e-05,12,100.0,93.98385913426266,1.0640124902419985
0,1.7160744e-05,12,100.0,94.05722670579604,1.063182527301092
0,1.7101735e-05,12,100.0,94.13059427732942,1.0623538581449727
0,1.7058359e-05,12,100.0,94.2039618488628,1.0615264797507789
0,1.6855269e-05,12,100.0,94.27732942039619,1.0607003891050584
0,1.683164e-05,12,100.0,94.35069699192957,1.0598755832037325
0,1.6636342e-05,12,100.0,94.42406456346295,1.0590520590520591
0,1.6546297e-05,12,100.0,94.49743213499633,1.0582298136645962
0,1.6542699e-05,12,100.0,94.57079970652971,1.0574088440651668
0,1.6533788e-05,12,100.0,94.6441672780631,1.0565891472868216
0,1.6530399e-05,12,100.0,94.71753484959648,1.0557707203718047
0,1.6323333e-05,12,100.0,94.79090242112986,1.054953560371517
0,1.6270087e-05,12,100.0,94.86426999266324,1.054137664346481
0,1.6251464e-05,12,100.0,94.93763756419662,1.053323029366306
0,1.6248674e-05,12,100.0,95.01100513573,1.0525096525096527
0,1.621912e-05,12,100.0,95.08437270726338,1.0516975308641976
0,1.6142982e-05,12,100.0,95.15774027879678,1.0508866615265997
0,1.607879e-05,12,100.0,95.23110785033015,1.0500770416024654
0,1.6049897e-05,12,100.0,95.30447542186353,1.0492686682063126
0,1.5927564e-05,12,100.0,95.37784299339692,1.0484615384615383
0,1.5751482e-05,12,100.0,95.4512105649303,1.0476556495003841
0,1.5623718e-05,12,100.0,95.52457813646367,1.0468509984639018
0,1.5599198e-05,12,100.0,95.59794570799707,1.0460475825019186
0,1.5276728e-05,12,100.0,95.67131327953045,1.0452453987730062
0,1.5134546e-05,12,100.0,95.74468085106383,1.0444444444444445
0,1.4858858e-05,12,100.0,95.81804842259722,1.0436447166921898
0,1.4450022e-05,12,100.0,95.8914159941306,1.0428462127008415
0,1.4424385e-05,12,100.0,95.96478356566398,1.0420489296636086
0,1.4401088e-05,12,100.0,96.03815113719736,1.0412528647822765
0,1.4224547e-05,12,100.0,96.11151870873074,1.0404580152671756
0,1.4109383e-05,12,100.0,96.18488628026412,1.0396643783371473
0,1.4099967e-05,12,100.0,96.2582538517975,1.0388719512195121
0,1.4051925e-05,12,100.0,96.33162142333089,1.0380807311500382
0,1.4023638e-05,12,100.0,96.40498899486427,1.0372907153729072
0,1.4016631e-05,12,100.0,96.47835656639765,1.0365019011406844
0,1.3974762e-05,12,100.0,96.55172413793103,1.0357142857142858
0,1.39108315e-05,12,100.0,96.62509170946441,1.0349278663629462
0,1.3523203e-05,12,100.0,96.6984592809978,1.0341426403641882
0,1.3446661e-05,12,100.0,96.77182685253118,1.0333586050037908
0,1.3407246e-05,12,100.0,96.84519442406456,1.0325757575757577
0,1.3249016e-05,12,100.0,96.91856199559794,1.0317940953822862
0,1.2917113e-05,12,100.0,96.99192956713134,1.0310136157337366
0,1.281003e-05,12,100.0,97.0652971386647,1.0302343159486018
0,1.2650206e-05,12,100.0,97.1386647101981,1.0294561933534743
0,1.2511918e-05,12,100.0,97.21203228173148,1.028679245283019
0,1.2476304e-05,12,100.0,97.28539985326485,1.0279034690799398
0,1.2383086e-05,12,100.0,97.35876742479824,1.027128862094951
0,1.23483205e-05,12,100.0,97.43213499633163,1.026355421686747
0,1.2303453e-05,12,100.0,97.505502567865,1.0255831452219715
0,1.2246491e-05,12,100.0,97.57887013939839,1.024812030075188
0,1.2118578e-05,12,100.0,97.65223771093177,1.0240420736288505
0,1.207838e-05,12,100.0,97.72560528246515,1.0232732732732732
0,1.20064415e-05,12,100.0,97.79897285399854,1.0225056264066017
0,1.1853726e-05,12,100.0,97.87234042553192,1.0217391304347825
0,1.1827992e-05,12,100.0,97.9457079970653,1.0209737827715355
0,1.1478583e-05,12,100.0,98.01907556859868,1.0202095808383234
0,1.1463048e-05,12,100.0,98.09244314013206,1.0194465220643232
0,1.1319091e-05,12,100.0,98.16581071166544,1.0186846038863977
0,1.1308646e-05,12,100.0,98.23917828319883,1.0179238237490664
0,1.1278662e-05,12,100.0,98.3125458547322,1.0171641791044777
0,1.0876025e-05,12,100.0,98.38591342626559,1.016405667412379
0,1.0823224e-05,12,100.0,98.45928099779897,1.0156482861400895
0,1.0817591e-05,12,100.0,98.53264856933237,1.014892032762472
0,1.0794209e-05,12,100.0,98.60601614086573,1.0141369047619049
0,1.0759736e-05,12,100.0,98.67938371239912,1.0133828996282528
0,1.0328918e-05,12,100.0,98.75275128393251,1.012630014858841
0,1.016606e-05,12,100.0,98.82611885546588,1.0118782479584263
0,1.0098979e-05,12,100.0,98.89948642699926,1.0111275964391693
0,1.0029127e-05,12,100.0,98.97285399853266,1.0103780578206079
0,9.936828e-06,12,100.0,99.04622157006602,1.0096296296296297
0,9.716294e-06,12,100.0,99.11958914159942,1.008882309400444
0,9.675138e-06,12,100.0,99.1929567131328,1.0081360946745561
0,9.322648e-06,12,100.0,99.26632428466617,1.0073909830007393
0,9.300199e-06,12,100.0,99.33969185619956,1.0066469719350073
0,9.298213e-06,12,100.0,99.41305942773295,1.0059040590405903
0,9.245637e-06,12,100.0,99.48642699926631,1.0051622418879058
0,9.143328e-06,12,100.0,99.55979457079971,1.004421518054532
0,8.970124e-06,12,100.0,99.63316214233309,1.003681885125184
0,8.781851e-06,12,100.0,99.70652971386647,1.002943340691685
0,8.079724e-06,12,100.0,99.77989728539985,1.0022058823529412
0,7.694766e-06,12,100.0,99.85326485693324,1.0014695077149154
0,7.3496512e-06,12,100.0,99.92663242846662,1.000734214390602
0,6.6413113e-06,12,100.0,100.0,1.0
