target,score,cum_target,gain,population
1,0.9997468303376824,1,0.08333333333333333,0.0007336757153338225
1,0.9996054277596659,2,0.16666666666666666,1.0007336757153338
1,0.9991296208876984,3,0.25,2.000733675715334
1,0.9984454105684676,4,0.3333333333333333,3.000733675715334
1,0.9974861201892202,5,0.4166666666666667,4.000733675715334
1,0.9973827312123833,6,0.5,5.000733675715334
1,0.9945987858710773,7,0.5833333333333334,6.000733675715334
1,0.862513903614123,8,0.6666666666666666,7.000733675715334
0,0.38669913441794584,8,0.6666666666666666,8.000733675715335
0,0.28255010169407957,8,0.6666666666666666,9.000733675715335
0,0.23823776751962966,8,0.6666666666666666,10.000733675715335
1,0.18507282730420277,9,0.75,11.000733675715335
1,0.178538110628696,10,0.8333333333333334,12.000733675715335
0,0.15880994950561447,10,0.8333333333333334,13.000733675715335
0,0.1571658801123479,10,0.8333333333333334,14.000733675715335
0,0.15344390217231516,10,0.8333333333333334,15.000733675715335
0,0.1402302272948388,10,0.8333333333333334,16.000733675715335
0,0.12890868384674015,10,0.8333333333333334,17.000733675715335
1,0.12060257147595518,11,0.9166666666666666,18.000733675715335
0,0.10988515886844585,11,0.9166666666666666,19.000733675715335
0,0.09933132170061344,11,0.9166666666666666,20.000733675715335
0,0.0919754406162485,11,0.9166666666666666,21.000733675715335
0,0.09009846350157968,11,0.9166666666666666,22.000733675715335
0,0.08782789280279142,11,0.9166666666666666,23.000733675715335
0,0.08240660980346745,11,0.9166666666666666,24.000733675715335
0,0.07898220000344937,11,0.9166666666666666,25.000733675715335
0,0.06547974763123532,11,0.9166666666666666,26.000733675715335
0,0.06466489625463315,11,0.9166666666666666,27.000733675715335
0,0.05731078020222132,11,0.9166666666666666,28.000733675715335
0,0.0523305633019006,11,0.9166666666666666,29.000733675715335
0,0.04903065105594455,11,0.9166666666666666,30.000733675715335
1,0.04724665125358514,12,1.0,31.000733675715335
0,0.045296651965445356,12,1.0,32.00073367571533
0,0.04441036845590137,12,1.0,33.00073367571533
0,0.04243837664535454,12,1.0,34.00073367571533
0,0.041688951342267556,12,1.0,35.00073367571533
0,0.038108351760137715,12,1.0,36.00073367571533
0,0.03613083472042645,12,1.0,37.00073367571533
0,0.035144607643055305,12,1.0,38.00073367571533
0,0.034695816033580455,12,1.0,39.00073367571533
0,0.03462268723135096,12,1.0,40.00073367571533
0,0.0334704010380341,12,1.0,41.00073367571533
0,0.03276172581207697,12,1.0,42.00073367571533
0,0.03192341649259773,12,1.0,43.00073367571533
0,0.031905763697865935,12,1.0,44.00073367571533
0,0.03148922383866806,12,1.0,45.00073367571533
0,0.028841490861566624,12,1.0,46.00073367571533
0,0.027621949768592852,12,1.0,47.00073367571533
0,0.026137297680644517,12,1.0,48.00073367571533
0,0.02544868301037803,12,1.0,49.00073367571533
0,0.025323228799340434,12,1.0,50.00073367571533
0,0.025301140283802915,12,1.0,51.00073367571533
0,0.025281460083869143,12,1.0,52.00073367571533
0,0.024687648486765103,12,1.0,53.00073367571533
0,0.024092677558103782,12,1.0,54.00073367571533
0,0.024048562931029464,12,1.0,55.00073367571533
0,0.023960977737584134,12,1.0,56.00073367571533
0,0.02220593681230128,12,1.0,57.00073367571533
0,0.021853218421245414,12,1.0,58.00073367571533
0,0.021542294414357475,12,1.0,59.00073367571533
0,0.021164927574255234,12,1.0,60.00073367571533
0,0.019844818089212412,12,1.0,61.00073367571533
0,0.019812251966819513,12,1.0,62.00073367571533
0,0.019388735168106443,12,1.0,63.00073367571533
0,0.019210377589874674,12,1.0,64.00073367571534
0,0.018879087060021775,12,1.0,65.00073367571534
0,0.018831436042856878,12,1.0,66.00073367571534
0,0.018370919486742254,12,1.0,67.00073367571534
0,0.01802007408599387,12,1.0,68.00073367571534
0,0.017738037262788997,12,1.0,69.00073367571534
0,0.017636734555549902,12,1.0,70.00073367571534
0,0.017514701519828826,12,1.0,71.00073367571534
0,0.01722987201847876,12,1.0,72.00073367571534
0,0.01700361030927908,12,1.0,73.00073367571534
0,0.016822734501024346,12,1.0,74.00073367571534
0,0.01671614726395486,12,1.0,75.00073367571534
0,0.01666568081048792,12,1.0,76.00073367571534
0,0.01633421142450972,12,1.0,77.00073367571534
0,0.015943976759893678,12,1.0,78.00073367571534
0,0.015320570629034518,12,1.0,79.00073367571534
0,0.015215939415634845,12,1.0,80.00073367571534
0,0.015082595265561102,12,1.0,81.00073367571534
0,0.01483014977287989,12,1.0,82.00073367571534
0,0.014483183513081916,12,1.0,83.00073367571534
0,0.014086154180142713,12,1.0,84.00073367571534
0,0.013706035088956868,12,1.0,85.00073367571534
0,0.013588437220207777,12,1.0,86.00073367571534
0,0.013547140828056525,12,1.0,87.00073367571534
0,0.013343392525112545,12,1.0,88.00073367571534
0,0.013165989314906259,12,1.0,89.00073367571534
0,0.013051777262112893,12,1.0,90.00073367571534
0,0.012983333193177257,12,1.0,91.00073367571534
0,0.012861982746000455,12,1.0,92.00073367571534
0,0.012694965406116782,12,1.0,93.00073367571534
0,0.01221868793125131,12,1.0,94.00073367571534
0,0.012102765525985784,12,1.0,95.00073367571534
0,0.012042243981839335,12,1.0,96.00073367571534
0,0.011884392028779958,12,1.0,97.00073367571534
0,0.011855335635014367,12,1.0,98.00073367571534
0,0.011830387853889027,12,1.0,99.00073367571534
0,0.011791446126542957,12,1.0,100.00073367571534
0,0.011776512449947202,12,1.0,101.00073367571534
0,0.011720104311971163,12,1.0,102.00073367571534
0,0.011580836652126869,12,1.0,103.00073367571534
0,0.011469124881113991,12,1.0,104.00073367571534
0,0.011440475262997398,12,1.0,105.00073367571534
0,0.011396241920833647,12,1.0,106.00073367571534
0,0.011391608376899395,12,1.0,107.00073367571534
0,0.011354515699130324,12,1.0,108.00073367571534
0,0.011035947754088588,12,1.0,109.00073367571534
0,0.010856703115052673,12,1.0,110.00073367571534
0,0.010703655273229666,12,1.0,111.00073367571534
0,0.010655049718040072,12,1.0,112.00073367571534
0,0.010606332569808452,12,1.0,113.00073367571534
0,0.01045390221861092,12,1.0,114.00073367571534
0,0.01042576186520458,12,1.0,115.00073367571534
0,0.010347145998460825,12,1.0,116.00073367571534
0,0.01025126888429516,12,1.0,117.00073367571534
0,0.010131649172535439,12,1.0,118.00073367571534
0,0.01008816150805109,12,1.0,119.00073367571534
0,0.010046102404502913,12,1.0,120.00073367571534
0,0.009973864650804246,12,1.0,121.00073367571534
0,0.009702647371048421,12,1.0,122.00073367571534
0,0.009670650555597671,12,1.0,123.00073367571534
0,0.009631851350703517,12,1.0,124.00073367571534
0,0.009628480437261219,12,1.0,125.00073367571534
0,0.009533401706266632,12,1.0,126.00073367571534
0,0.009474905057991262,12,1.0,127.00073367571534
0,0.009467754789783116,12,1.0,128.00073367571534
0,0.009439268519788786,12,1.0,129.00073367571534
0,0.00943888008464598,12,1.0,130.00073367571534
0,0.009437530076808424,12,1.0,131.00073367571534
0,0.009365005086201406,12,1.0,132.00073367571534
0,0.009323430785917103,12,1.0,133.00073367571534
0,0.009221301174343043,12,1.0,134.00073367571534
0,0.00920567950064568,12,1.0,135.00073367571534
0,0.00901413907207543,12,1.0,136.00073367571534
0,0.008987630598741227,12,1.0,137.00073367571534
0,0.008978579700269516,12,1.0,138.00073367571534
0,0.008968536988781507,12,1.0,139.00073367571534
0,0.008963418480685242,12,1.0,140.00073367571534
0,0.00879964017248752,12,1.0,141.00073367571534
0,0.008773452130695724,12,1.0,142.00073367571534
0,0.008714805127265428,12,1.0,143.00073367571534
0,0.008650106432985204,12,1.0,144.00073367571534
0,0.008464832707478187,12,1.0,145.00073367571534
0,0.008430403598988239,12,1.0,146.00073367571534
0,0.008299548852566079,12,1.0,147.00073367571534
0,0.008132177837281866,12,1.0,148.00073367571534
0,0.007911487060089898,12,1.0,149.00073367571534
0,0.00784263114745908,12,1.0,150.00073367571534
0,0.00781459822355821,12,1.0,151.00073367571534
0,0.007792807029176317,12,1.0,152.00073367571534
0,0.007674028048343937,12,1.0,153.00073367571534
0,0.00764703543198188,12,1.0,154.00073367571534
0,0.00747693213264695,12,1.0,155.00073367571534
0,0.007299901739598576,12,1.0,156.00073367571534
0,0.00729164781018465,12,1.0,157.00073367571534
0,0.0072857756030404635,12,1.0,158.00073367571534
0,0.0071969144408014305,12,1.0,159.00073367571534
0,0.007131975814086353,12,1.0,160.00073367571534
0,0.007077019232832337,12,1.0,161.00073367571534
0,0.006889711199263685,12,1.0,162.00073367571534
0,0.006828545235006326,12,1.0,163.00073367571534
0,0.006691234542768079,12,1.0,164.00073367571534
0,0.006605791206262065,12,1.0,165.00073367571534
0,0.00658307538834182,12,1.0,166.00073367571534
0,0.006552468386737875,12,1.0,167.00073367571534
0,0.006511226019205451,12,1.0,168.00073367571534
0,0.006420596329211041,12,1.0,169.00073367571534
0,0.0063286493087019065,12,1.0,170.00073367571534
0,0.006325002516526064,12,1.0,171.00073367571534
0,0.006229497461319308,12,1.0,172.00073367571534
0,0.006223990807485286,12,1.0,173.00073367571534
0,0.005942683161467416,12,1.0,174.00073367571534
0,0.005904151058708717,12,1.0,175.00073367571534
0,0.005903022879686854,12,1.0,176.00073367571534
0,0.005869819987653699,12,1.0,177.00073367571534
0,0.005842954825455268,12,1.0,178.00073367571534
0,0.0058251915627913,12,1.0,179.00073367571534
0,0.005758610979839587,12,1.0,180.00073367571534
0,0.00566244623986193,12,1.0,181.00073367571534
0,0.005659836232611683,12,1.0,182.00073367571534
0,0.005644407922968967,12,1.0,183.00073367571534
0,0.005575658766540024,12,1.0,184.00073367571534
0,0.005572779566382964,12,1.0,185.00073367571534
0,0.0055465989848912,12,1.0,186.00073367571534
0,0.005544457760932433,12,1.0,187.00073367571534
0,0.005492405947918289,12,1.0,188.00073367571534
0,0.0054669668865051785,12,1.0,189.00073367571534
0,0.00544577290298695,12,1.0,190.00073367571534
0,0.0054262157631872025,12,1.0,191.00073367571534
0,0.005394791039753929,12,1.0,192.00073367571534
0,0.005369741435004852,12,1.0,193.00073367571534
0,0.005305040285068524,12,1.0,194.00073367571534
0,0.005285426589403446,12,1.0,195.00073367571534
0,0.005227549312600357,12,1.0,196.00073367571534
0,0.005179491344974983,12,1.0,197.00073367571534
0,0.005085151113934279,12,1.0,198.00073367571534
0,0.00505986715856483,12,1.0,199.00073367571534
0,0.005036193897510234,12,1.0,200.00073367571534
0,0.0050300061309465904,12,1.0,201.00073367571534
0,0.004999180775356902,12,1.0,202.00073367571534
0,0.004891544185933411,12,1.0,203.00073367571534
0,0.004889023837423667,12,1.0,204.00073367571534
0,0.0048843361965610985,12,1.0,205.00073367571534
0,0.004883754731655662,12,1.0,206.00073367571534
0,0.004883186941026383,12,1.0,207.00073367571534
0,0.0048168916391440175,12,1.0,208.00073367571534
0,0.004812183208941408,12,1.0,209.00073367571534
0,0.0047523215488428985,12,1.0,210.00073367571534
0,0.004742416702763157,12,1.0,211.00073367571534
0,0.004713010749373929,12,1.0,212.00073367571534
0,0.004699766663182987,12,1.0,213.00073367571534
0,0.004682241310218431,12,1.0,214.00073367571534
0,0.004651498033006608,12,1.0,215.00073367571534
0,0.004647654858061575,12,1.0,216.00073367571534
0,0.004629450079639706,12,1.0,217.00073367571534
0,0.004629420425409555,12,1.0,218.00073367571534
0,0.004599024741244676,12,1.0,219.00073367571534
0,0.004588507773135307,12,1.0,220.00073367571534
0,0.004505206817393085,12,1.0,221.00073367571534
0,0.004439918683072756,12,1.0,222.00073367571534
0,0.00442693715224208,12,1.0,223.00073367571534
0,0.004419160780699462,12,1.0,224.00073367571534
0,0.004403684176619084,12,1.0,225.00073367571534
0,0.004332945394582645,12,1.0,226.00073367571534
0,0.004313400140547214,12,1.0,227.00073367571534
0,0.004266585421933144,12,1.0,228.00073367571534
0,0.00425012148798202,12,1.0,229.00073367571534
0,0.004248494821186787,12,1.0,230.00073367571534
0,0.0041947382033746,12,1.0,231.00073367571534
0,0.004169649802475611,12,1.0,232.00073367571534
0,0.004157960774791533,12,1.0,233.00073367571534
0,0.00413548684877023,12,1.0,234.00073367571534
0,0.0041319054730401435,12,1.0,235.00073367571534
0,0.004126040096806816,12,1.0,236.00073367571534
0,0.004116926332594478,12,1.0,237.00073367571534
0,0.0040943098605762075,12,1.0,238.00073367571534
0,0.004070460434022129,12,1.0,239.00073367571534
0,0.004038732357372954,12,1.0,240.00073367571534
0,0.004037755698335379,12,1.0,241.00073367571534
0,0.004035364659746707,12,1.0,242.00073367571534
0,0.004002826523195922,12,1.0,243.00073367571534
0,0.00400128694966285,12,1.0,244.00073367571534
0,0.003967099315141565,12,1.0,245.00073367571534
0,0.003962518771247545,12,1.0,246.00073367571534
0,0.003959414186876435,12,1.0,247.00073367571534
0,0.003911730436587633,12,1.0,248.00073367571534
0,0.0039100237174058495,12,1.0,249.00073367571534
0,0.0038893896381939005,12,1.0,250.00073367571534
0,0.0038650482887911974,12,1.0,251.00073367571534
0,0.003855375038752859,12,1.0,252.00073367571534
0,0.003852851943037918,12,1.0,253.00073367571534
0,0.0038501879002246324,12,1.0,254.00073367571534
0,0.00383850063933511,12,1.0,255.00073367571534
0,0.0038342286045646634,12,1.0,256.0007336757153
0,0.0037720981516249754,12,1.0,257.0007336757153
0,0.003766511880292747,12,1.0,258.0007336757153
0,0.003758851532534946,12,1.0,259.0007336757153
0,0.0037529381406455294,12,1.0,260.0007336757153
0,0.0037429782684289866,12,1.0,261.0007336757153
0,0.0037028879696101094,12,1.0,262.0007336757153
0,0.003682235143372425,12,1.0,263.0007336757153
0,0.003667755043994859,12,1.0,264.0007336757153
0,0.0036555228176972116,12,1.0,265.0007336757153
0,0.003633171493716576,12,1.0,266.0007336757153
0,0.0036298211358154722,12,1.0,267.0007336757153
0,0.0036274082143262698,12,1.0,268.0007336757153
0,0.0036185244946812826,12,1.0,269.0007336757153
0,0.0036144852594858935,12,1.0,270.0007336757153
0,0.003609536073113151,12,1.0,271.0007336757153
0,0.003606831122566754,12,1.0,272.0007336757153
0,0.0035796921432798812,12,1.0,273.0007336757153
0,0.00356426761432964,12,1.0,274.0007336757153
0,0.0035623963985120933,12,1.0,275.0007336757153
0,0.003544388885157382,12,1.0,276.0007336757153
0,0.0035220839326816624,12,1.0,277.0007336757153
0,0.003519170436257143,12,1.0,278.0007336757153
0,0.0035156410404331103,12,1.0,279.0007336757153
0,0.0035021650607244166,12,1.0,280.0007336757153
0,0.0034957644147256078,12,1.0,281.0007336757153
0,0.0034309155800597924,12,1.0,282.0007336757153
0,0.0034179177273387967,12,1.0,283.0007336757153
0,0.0034056475177432735,12,1.0,284.0007336757153
0,0.003397058484373203,12,1.0,285.0007336757153
0,0.0033128286702777095,12,1.0,286.0007336757153
0,0.003254382106443456,12,1.0,287.0007336757153
0,0.003221385103847151,12,1.0,288.0007336757153
0,0.0031978353279360407,12,1.0,289.0007336757153
0,0.0031720558893644705,12,1.0,290.0007336757153
0,0.0031559975968319673,12,1.0,291.0007336757153
0,0.003149967398346155,12,1.0,292.0007336757153
0,0.003135172023502394,12,1.0,293.0007336757153
0,0.0031270582986547245,12,1.0,294.0007336757153
0,0.0031138830411870095,12,1.0,295.0007336757153
0,0.0030996937292708244,12,1.0,296.0007336757153
0,0.0030902615586703383,12,1.0,297.0007336757153
0,0.0030633377134163062,12,1.0,298.0007336757153
0,0.00306178054700747,12,1.0,299.0007336757153
0,0.0030502611628282646,12,1.0,300.0007336757153
0,0.0030427846809279414,12,1.0,301.0007336757153
0,0.002996433753194403,12,1.0,302.0007336757153
0,0.0029788582895109877,12,1.0,303.0007336757153
0,0.0029700737641682904,12,1.0,304.0007336757153
0,0.002941849842841803,12,1.0,305.0007336757153
0,0.0029396367679345634,12,1.0,306.0007336757153
0,0.0029354326481578516,12,1.0,307.0007336757153
0,0.002930781064535297,12,1.0,308.0007336757153
0,0.0029297880024412967,12,1.0,309.0007336757153
0,0.002926463200236699,12,1.0,310.0007336757153
0,0.0029182954775960235,12,1.0,311.0007336757153
0,0.0029147726188553913,12,1.0,312.0007336757153
0,0.0028873134288759437,12,1.0,313.0007336757153
0,0.0028743035906788777,12,1.0,314.0007336757153
0,0.002871539368506106,12,1.0,315.0007336757153
0,0.0028650672134269434,12,1.0,316.0007336757153
0,0.0028467307802449307,12,1.0,317.0007336757153
0,0.0028324425252247683,12,1.0,318.0007336757153
0,0.0028264741820022404,12,1.0,319.0007336757153
0,0.0028236822984114723,12,1.0,320.0007336757153
0,0.0028178788522169175,12,1.0,321.0007336757153
0,0.002813129288575564,12,1.0,322.0007336757153
0,0.0028077547219319708,12,1.0,323.0007336757153
0,0.0027995080377017103,12,1.0,324.0007336757153
0,0.0027974234945808227,12,1.0,325.0007336757153
0,0.002775551499166541,12,1.0,326.0007336757153
0,0.0027656005028745723,12,1.0,327.0007336757153
0,0.002760044877782784,12,1.0,328.0007336757153
0,0.0027594740611031924,12,1.0,329.0007336757153
0,0.0027558149257890436,12,1.0,330.0007336757153
0,0.002740157612032722,12,1.0,331.0007336757153
0,0.002737235655036284,12,1.0,332.0007336757153
0,0.002720784452831377,12,1.0,333.0007336757153
0,0.002720009556763571,12,1.0,334.0007336757153
0,0.002714141522079248,12,1.0,335.0007336757153
0,0.0027132509649973376,12,1.0,336.0007336757153
0,0.002696184164700052,12,1.0,337.0007336757153
0,0.0026846410367673858,12,1.0,338.0007336757153
0,0.0026597889510963073,12,1.0,339.0007336757153
0,0.002657313793179063,12,1.0,340.0007336757153
0,0.002652736970704726,12,1.0,341.0007336757153
0,0.0026417958012875,12,1.0,342.0007336757153
0,0.0026313116667058137,12,1.0,343.0007336757153
0,0.002618147970326562,12,1.0,344.0007336757153
0,0.002617530326384488,12,1.0,345.0007336757153
0,0.0026159987479736422,12,1.0,346.0007336757153
0,0.002591854446095949,12,1.0,347.0007336757153
0,0.002535776278690005,12,1.0,348.0007336757153
0,0.002527331563767284,12,1.0,349.0007336757153
0,0.002522648387587055,12,1.0,350.0007336757153
0,0.002522221702511531,12,1.0,351.0007336757153
0,0.002514514002889963,12,1.0,352.0007336757153
0,0.0025143866878385266,12,1.0,353.0007336757153
0,0.002513748077711002,12,1.0,354.0007336757153
0,0.002509628056982264,12,1.0,355.0007336757153
0,0.0024966859481700596,12,1.0,356.0007336757153
0,0.002486492642953326,12,1.0,357.0007336757153
0,0.0024810095436136916,12,1.0,358.0007336757153
0,0.002467070351161569,12,1.0,359.0007336757153
0,0.0024648838959488643,12,1.0,360.0007336757153
0,0.002450128684241812,12,1.0,361.0007336757153
0,0.0024480527152124097,12,1.0,362.0007336757153
0,0.0024401329225440436,12,1.0,363.0007336757153
0,0.002439399980646147,12,1.0,364.0007336757153
0,0.002435542924227061,12,1.0,365.0007336757153
0,0.002435167562034458,12,1.0,366.0007336757153
0,0.0024349156987907568,12,1.0,367.0007336757153
0,0.002394065311003112,12,1.0,368.0007336757153
0,0.002382932150120436,12,1.0,369.0007336757153
0,0.002363568153187311,12,1.0,370.0007336757153
0,0.0023598347843523564,12,1.0,371.0007336757153
0,0.0023438612570138464,12,1.0,372.0007336757153
0,0.0023127382486720074,12,1.0,373.0007336757153
0,0.0023057031050401668,12,1.0,374.0007336757153
0,0.0023023913311638854,12,1.0,375.0007336757153
0,0.0023005553733237657,12,1.0,376.0007336757153
0,0.002279104315192278,12,1.0,377.0007336757153
0,0.0022787568748309475,12,1.0,378.0007336757153
0,0.0022649952809013414,12,1.0,379.0007336757153
0,0.002244012343799651,12,1.0,380.0007336757153
0,0.00224252344117098,12,1.0,381.0007336757153
0,0.002237252410322077,12,1.0,382.0007336757153
0,0.002233891856475732,12,1.0,383.0007336757153
0,0.002230852723552065,12,1.0,384.0007336757153
0,0.002206624119129587,12,1.0,385.0007336757153
0,0.0021911221276576217,12,1.0,386.0007336757153
0,0.0021878792234911516,12,1.0,387.0007336757153
0,0.002186762790412621,12,1.0,388.0007336757153
0,0.00218315423170631,12,1.0,389.0007336757153
0,0.0021796035147377923,12,1.0,390.0007336757153
0,0.002162796497684718,12,1.0,391.0007336757153
0,0.002156403904697692,12,1.0,392.0007336757153
0,0.0021519994199975636,12,1.0,393.0007336757153
0,0.002148924960400247,12,1.0,394.0007336757153
0,0.0021446184862532708,12,1.0,395.0007336757153
0,0.0021353917593833712,12,1.0,396.0007336757153
0,0.0021333370140221948,12,1.0,397.0007336757153
0,0.0021182079803034443,12,1.0,398.0007336757153
0,0.0021058236289931676,12,1.0,399.0007336757153
0,0.002102953544544471,12,1.0,400.0007336757153
0,0.002100802628813835,12,1.0,401.0007336757153
0,0.002098374425100743,12,1.0,402.0007336757153
0,0.0020972928003116457,12,1.0,403.0007336757153
0,0.0020924328296031713,12,1.0,404.0007336757153
0,0.0020609553915689905,12,1.0,405.0007336757153
0,0.0020602885216379754,12,1.0,406.0007336757153
0,0.002057764598700083,12,1.0,407.0007336757153
0,0.0020570310396378043,12,1.0,408.0007336757153
0,0.0020508375654843757,12,1.0,409.0007336757153
0,0.0020424136101560813,12,1.0,410.0007336757153
0,0.0020329430976431407,12,1.0,411.0007336757153
0,0.002031739533348918,12,1.0,412.0007336757153
0,0.0020276391468862153,12,1.0,413.0007336757153
0,0.0020244478002001,12,1.0,414.0007336757153
0,0.0020193849251449974,12,1.0,415.0007336757153
0,0.0020070254433179648,12,1.0,416.0007336757153
0,0.0019924927109984704,12,1.0,417.0007336757153
0,0.0019918533040778844,12,1.0,418.0007336757153
0,0.0019909790299661606,12,1.0,419.0007336757153
0,0.001990583671384059,12,1.0,420.0007336757153
0,0.0019778174646051935,12,1.0,421.0007336757153
0,0.0019760143763274795,12,1.0,422.0007336757153
0,0.0019740721059817376,12,1.0,423.0007336757153
0,0.001973624225940869,12,1.0,424.0007336757153
0,0.0019642241305861553,12,1.0,425.0007336757153
0,0.0019626854308931988,12,1.0,426.0007336757153
0,0.0019617074012049213,12,1.0,427.0007336757153
0,0.001953355155426105,12,1.0,428.0007336757153
0,0.0019475086106567098,12,1.0,429.0007336757153
0,0.0019463402627454746,12,1.0,430.0007336757153
0,0.0019308366905893325,12,1.0,431.0007336757153
0,0.0019096851049587682,12,1.0,432.0007336757153
0,0.0019072501872425518,12,1.0,433.0007336757153
0,0.0019019402395592968,12,1.0,434.0007336757153
0,0.0018995163280047028,12,1.0,435.0007336757153
0,0.0018968056138252095,12,1.0,436.0007336757153
0,0.0018958680394624754,12,1.0,437.0007336757153
0,0.0018935226304620913,12,1.0,438.0007336757153
0,0.001890916908641076,12,1.0,439.0007336757153
0,0.0018868678295151837,12,1.0,440.0007336757153
0,0.001884159560621902,12,1.0,441.0007336757153
0,0.0018809751303985318,12,1.0,442.0007336757153
0,0.0018726649416789026,12,1.0,443.0007336757153
0,0.0018682805101846284,12,1.0,444.0007336757153
0,0.0018648198297780954,12,1.0,445.0007336757153
0,0.0018606695541570973,12,1.0,446.0007336757153
0,0.00185924725660102,12,1.0,447.0007336757153
0,0.0018521265719162257,12,1.0,448.0007336757153
0,0.0018450474184321575,12,1.0,449.0007336757153
0,0.0018399907128285643,12,1.0,450.0007336757153
0,0.0018313602969783323,12,1.0,451.0007336757153
0,0.0018306738892415032,12,1.0,452.0007336757153
0,0.0018285490739338686,12,1.0,453.0007336757153
0,0.0018234725669038863,12,1.0,454.0007336757153
0,0.001822506415340038,12,1.0,455.0007336757153
0,0.001821876571615816,12,1.0,456.0007336757153
0,0.0018181464891928836,12,1.0,457.0007336757153
0,0.0018177779475924975,12,1.0,458.0007336757153
0,0.0018173302337907019,12,1.0,459.0007336757153
0,0.001806797264177684,12,1.0,460.0007336757153
0,0.001800982406131984,12,1.0,461.0007336757153
0,0.0017966946754507291,12,1.0,462.0007336757153
0,0.0017961172377061907,12,1.0,463.0007336757153
0,0.0017875277045184186,12,1.0,464.0007336757153
0,0.0017784327022712233,12,1.0,465.0007336757153
0,0.00177198304180242,12,1.0,466.0007336757153
0,0.0017356188956727794,12,1.0,467.0007336757153
0,0.001734394847704933,12,1.0,468.0007336757153
0,0.001726601136248328,12,1.0,469.0007336757153
0,0.0017219356462964146,12,1.0,470.0007336757153
0,0.001717615637189799,12,1.0,471.0007336757153
0,0.0017131460592136397,12,1.0,472.0007336757153
0,0.0017082834863488688,12,1.0,473.0007336757153
0,0.0017014298271337631,12,1.0,474.0007336757153
0,0.0017005974861626374,12,1.0,475.0007336757153
0,0.0016969797017676689,12,1.0,476.0007336757153
0,0.0016943244222930474,12,1.0,477.0007336757153
0,0.0016925212091247934,12,1.0,478.0007336757153
0,0.0016853321701273583,12,1.0,479.0007336757153
0,0.001684666560333725,12,1.0,480.0007336757153
0,0.001682200937010002,12,1.0,481.0007336757153
0,0.0016789624177584832,12,1.0,482.0007336757153
0,0.0016749531601317413,12,1.0,483.0007336757153
0,0.001673984956409344,12,1.0,484.0007336757153
0,0.0016698786526406712,12,1.0,485.0007336757153
0,0.0016690978962538875,12,1.0,486.0007336757153
0,0.001667963287544188,12,1.0,487.0007336757153
0,0.0016607290731962556,12,1.0,488.0007336757153
0,0.0016582931646658035,12,1.0,489.0007336757153
0,0.0016559443572374225,12,1.0,490.0007336757153
0,0.001654631968863062,12,1.0,491.0007336757153
0,0.0016400286955186025,12,1.0,492.0007336757153
0,0.0016033113163816933,12,1.0,493.0007336757153
0,0.0015946451179361255,12,1.0,494.0007336757153
0,0.001592045824746154,12,1.0,495.0007336757153
0,0.0015916672248662434,12,1.0,496.0007336757153
0,0.0015914647207524678,12,1.0,497.0007336757153
0,0.0015883225303356242,12,1.0,498.0007336757153
0,0.0015847945179892178,12,1.0,499.0007336757153
0,0.0015842773537314107,12,1.0,500.0007336757153
0,0.001582256260662699,12,1.0,501.0007336757153
0,0.0015787091465142237,12,1.0,502.0007336757153
0,0.001578451331290457,12,1.0,503.0007336757153
0,0.0015778647631102202,12,1.0,504.0007336757153
0,0.0015755207601607312,12,1.0,505.0007336757153
0,0.0015744146165460706,12,1.0,506.0007336757153
0,0.001573375550965985,12,1.0,507.0007336757153
0,0.0015718273317824381,12,1.0,508.0007336757153
0,0.0015523340523470879,12,1.0,509.0007336757153
0,0.0015467893038729446,12,1.0,510.0007336757153
0,0.0015454076802187905,12,1.0,511.0007336757153
0,0.0015397084249730937,12,1.0,512.0007336757153
0,0.0015291233370188049,12,1.0,513.0007336757153
0,0.0015278971059625149,12,1.0,514.0007336757153
0,0.001504920877889608,12,1.0,515.0007336757153
0,0.00149895294045044,12,1.0,516.0007336757153
0,0.001497408040870954,12,1.0,517.0007336757153
0,0.0014972044377285297,12,1.0,518.0007336757153
0,0.0014875975561705482,12,1.0,519.0007336757153
0,0.0014861896974038926,12,1.0,520.0007336757153
0,0.001483827039094282,12,1.0,521.0007336757153
0,0.0014764142928119439,12,1.0,522.0007336757153
0,0.0014663556853842952,12,1.0,523.0007336757153
0,0.001466257082965096,12,1.0,524.0007336757153
0,0.0014655913231696556,12,1.0,525.0007336757153
0,0.0014639420424702473,12,1.0,526.0007336757153
0,0.0014608985417823616,12,1.0,527.0007336757153
0,0.0014565210015020852,12,1.0,528.0007336757153
0,0.001455472643981372,12,1.0,529.0007336757153
0,0.0014544219049303989,12,1.0,530.0007336757153
0,0.0014529970612067197,12,1.0,531.0007336757153
0,0.0014512671285537683,12,1.0,532.0007336757153
0,0.0014485800094351249,12,1.0,533.0007336757153
0,0.0014483021191171973,12,1.0,534.0007336757153
0,0.0014470872058959736,12,1.0,535.0007336757153
0,0.0014450221637460586,12,1.0,536.0007336757153
0,0.0014410915833530053,12,1.0,537.0007336757153
0,0.001435600485799732,12,1.0,538.0007336757153
0,0.0014291839838096228,12,1.0,539.0007336757153
0,0.0014286264294021377,12,1.0,540.0007336757153
0,0.0014283474061112553,12,1.0,541.0007336757153
0,0.0014233348275447591,12,1.0,542.0007336757153
0,0.0014139672094319747,12,1.0,543.0007336757153
0,0.00140938354133187,12,1.0,544.0007336757153
0,0.0014089471296426014,12,1.0,545.0007336757153
0,0.0013898602436580717,12,1.0,546.0007336757153
0,0.001389858669457484,12,1.0,547.0007336757153
0,0.0013897339347939577,12,1.0,548.0007336757153
0,0.0013863474473924636,12,1.0,549.0007336757153
0,0.0013832761680437785,12,1.0,550.0007336757153
0,0.0013828901557137922,12,1.0,551.0007336757153
0,0.0013795754168729989,12,1.0,552.0007336757153
0,0.0013776953733841662,12,1.0,553.0007336757153
0,0.0013750280967726992,12,1.0,554.0007336757153
0,0.0013727215261775721,12,1.0,555.0007336757153
0,0.0013721602040869898,12,1.0,556.0007336757153
0,0.0013700691596867918,12,1.0,557.0007336757153
0,0.001369197672940737,12,1.0,558.0007336757153
0,0.0013683806483354914,12,1.0,559.0007336757153
0,0.0013660029425279962,12,1.0,560.0007336757153
0,0.0013582909815511583,12,1.0,561.0007336757153
0,0.0013545022086995319,12,1.0,562.0007336757153
0,0.0013522524502535581,12,1.0,563.0007336757153
0,0.0013484785049025603,12,1.0,564.0007336757153
0,0.0013459942673816176,12,1.0,565.0007336757153
0,0.001341571388290277,12,1.0,566.0007336757153
0,0.0013404513003454311,12,1.0,567.0007336757153
0,0.0013394877186073586,12,1.0,568.0007336757153
0,0.0013391730935103164,12,1.0,569.0007336757153
0,0.0013391528960278439,12,1.0,570.0007336757153
0,0.0013365898854292698,12,1.0,571.0007336757153
0,0.0013358488298277,12,1.0,572.0007336757153
0,0.0013340196276514851,12,1.0,573.0007336757153
0,0.0013284742203965787,12,1.0,574.0007336757153
0,0.0013254463758481869,12,1.0,575.0007336757153
0,0.0013254139065471834,12,1.0,576.0007336757153
0,0.001324612651620395,12,1.0,577.0007336757153
0,0.0013192647548608885,12,1.0,578.0007336757153
0,0.001314828444357868,12,1.0,579.0007336757153
0,0.0013120498660006581,12,1.0,580.0007336757153
0,0.0013090805936075555,12,1.0,581.0007336757153
0,0.0013080206503899726,12,1.0,582.0007336757153
0,0.0013004705987231348,12,1.0,583.0007336757153
0,0.0012945130710659443,12,1.0,584.0007336757153
0,0.0012893799352716234,12,1.0,585.0007336757153
0,0.0012836628423115327,12,1.0,586.0007336757153
0,0.0012820110025197884,12,1.0,587.0007336757153
0,0.0012762471484833277,12,1.0,588.0007336757153
0,0.0012743783916305245,12,1.0,589.0007336757153
0,0.0012743535037513783,12,1.0,590.0007336757153
0,0.0012737707436730674,12,1.0,591.0007336757153
0,0.0012714233049954415,12,1.0,592.0007336757153
0,0.0012702585262751016,12,1.0,593.0007336757153
0,0.0012684648402940175,12,1.0,594.0007336757153
0,0.0012627706871285952,12,1.0,595.0007336757153
0,0.0012543378929555909,12,1.0,596.0007336757153
0,0.0012518805258484008,12,1.0,597.0007336757153
0,0.001250677679418806,12,1.0,598.0007336757153
0,0.0012471100817236975,12,1.0,599.0007336757153
0,0.0012465158862978636,12,1.0,600.0007336757153
0,0.0012453230613259287,12,1.0,601.0007336757153
0,0.0012451966167986534,12,1.0,602.0007336757153
0,0.0012395733261735837,12,1.0,603.0007336757153
0,0.0012365691745195256,12,1.0,604.0007336757153
0,0.0012348989240201587,12,1.0,605.0007336757153
0,0.0012315379878836135,12,1.0,606.0007336757153
0,0.0012308206067869042,12,1.0,607.0007336757153
0,0.0012299004566697818,12,1.0,608.0007336757153
0,0.0012297361022435326,12,1.0,609.0007336757153
0,0.0012296025379018671,12,1.0,610.0007336757153
0,0.001226771288119707,12,1.0,611.0007336757153
0,0.0012252991743013056,12,1.0,612.0007336757153
0,0.0012159682762090712,12,1.0,613.0007336757153
0,0.0012047704878156162,12,1.0,614.0007336757153
0,0.0012025934328107298,12,1.0,615.0007336757153
0,0.00120239135530975,12,1.0,616.0007336757153
0,0.0012001509929239098,12,1.0,617.0007336757153
0,0.0011980619758132551,12,1.0,618.0007336757153
0,0.001197022588402292,12,1.0,619.0007336757153
0,0.0011954183811424548,12,1.0,620.0007336757153
0,0.0011858782742267958,12,1.0,621.0007336757153
0,0.0011843914801723788,12,1.0,622.0007336757153
0,0.0011834250442586084,12,1.0,623.0007336757153
0,0.0011810123447681493,12,1.0,624.0007336757153
0,0.0011765130095607672,12,1.0,625.0007336757153
0,0.0011744393087330396,12,1.0,626.0007336757153
0,0.0011724952253431564,12,1.0,627.0007336757153
0,0.0011700392601597153,12,1.0,628.0007336757153
0,0.0011697817642937446,12,1.0,629.0007336757153
0,0.0011683651905588458,12,1.0,630.0007336757153
0,0.001167216468274416,12,1.0,631.0007336757153
0,0.0011599012154942837,12,1.0,632.0007336757153
0,0.0011580381887998023,12,1.0,633.0007336757153
0,0.0011564072692521153,12,1.0,634.0007336757153
0,0.0011562107310391914,12,1.0,635.0007336757153
0,0.0011416312777788153,12,1.0,636.0007336757153
0,0.001141184102419415,12,1.0,637.0007336757153
0,0.0011371717622137485,12,1.0,638.0007336757153
0,0.0011332374009394815,12,1.0,639.0007336757153
0,0.0011287861216065977,12,1.0,640.0007336757153
0,0.0011285613917663556,12,1.0,641.0007336757153
0,0.0011277626242836894,12,1.0,642.0007336757153
0,0.0011260341264123644,12,1.0,643.0007336757153
0,0.0011259685739648357,12,1.0,644.0007336757153
0,0.0011258927709805729,12,1.0,645.0007336757153
0,0.0011254657894890561,12,1.0,646.0007336757153
0,0.0011233428196866522,12,1.0,647.0007336757153
0,0.0011179110427829793,12,1.0,648.0007336757153
0,0.0011176696364583176,12,1.0,649.0007336757153
0,0.001116311920927814,12,1.0,650.0007336757153
0,0.0011117009238216947,12,1.0,651.0007336757153
0,0.0011106194558072506,12,1.0,652.0007336757153
0,0.0011091390417171279,12,1.0,653.0007336757153
0,0.001105223026500335,12,1.0,654.0007336757153
0,0.0011043348586143242,12,1.0,655.0007336757153
0,0.001101055191567349,12,1.0,656.0007336757153
0,0.00109728809593325,12,1.0,657.0007336757153
0,0.0010943205596950693,12,1.0,658.0007336757153
0,0.0010936970962097824,12,1.0,659.0007336757153
0,0.0010916816509899318,12,1.0,660.0007336757153
0,0.001087735342905433,12,1.0,661.0007336757153
0,0.001084276033182478,12,1.0,662.0007336757153
0,0.001083623910593294,12,1.0,663.0007336757153
0,0.0010829965389942981,12,1.0,664.0007336757153
0,0.0010824774236494106,12,1.0,665.0007336757153
0,0.0010809693647840703,12,1.0,666.0007336757153
0,0.0010716295270746176,12,1.0,667.0007336757153
0,0.0010701794404868274,12,1.0,668.0007336757153
0,0.001066372140811224,12,1.0,669.0007336757153
0,0.0010639349989159492,12,1.0,670.0007336757153
0,0.0010587586970861958,12,1.0,671.0007336757153
0,0.0010534361722599759,12,1.0,672.0007336757153
0,0.001043126434556973,12,1.0,673.0007336757153
0,0.0010320367280999673,12,1.0,674.0007336757153
0,0.0010317438978261755,12,1.0,675.0007336757153
0,0.0010315779807115182,12,1.0,676.0007336757153
0,0.0010308295637693656,12,1.0,677.0007336757153
0,0.0010295305256405548,12,1.0,678.0007336757153
0,0.0010279537860776885,12,1.0,679.0007336757153
0,0.0010263794975807498,12,1.0,680.0007336757153
0,0.0010261700318086428,12,1.0,681.0007336757153
0,0.0010258298730744491,12,1.0,682.0007336757153
0,0.0010209867781950633,12,1.0,683.0007336757153
0,0.0010174754233760069,12,1.0,684.0007336757153
0,0.0010161066666119745,12,1.0,685.0007336757153
0,0.0010151791226627044,12,1.0,686.0007336757153
0,0.0010129666591091866,12,1.0,687.0007336757153
0,0.0010112423568425408,12,1.0,688.0007336757153
0,0.0010094277257555791,12,1.0,689.0007336757153
0,0.0010057599260434394,12,1.0,690.0007336757153
0,0.0010035230900216345,12,1.0,691.0007336757153
0,0.0010025254713987156,12,1.0,692.0007336757153
0,0.0009986731123084755,12,1.0,693.0007336757153
0,0.0009905756721395845,12,1.0,694.0007336757153
0,0.0009888144858459186,12,1.0,695.0007336757153
0,0.000987639611089366,12,1.0,696.0007336757153
0,0.0009876090402619964,12,1.0,697.0007336757153
0,0.0009821585794593465,12,1.0,698.0007336757153
0,0.0009821307773177994,12,1.0,699.0007336757153
0,0.000977981658086369,12,1.0,700.0007336757153
0,0.0009753071219851369,12,1.0,701.0007336757153
0,0.0009728718708283623,12,1.0,702.0007336757153
0,0.0009718266426940353,12,1.0,703.0007336757153
0,0.0009704637265169995,12,1.0,704.0007336757153
0,0.0009695333988958112,12,1.0,705.0007336757153
0,0.0009660441245088762,12,1.0,706.0007336757153
0,0.0009653624540698406,12,1.0,707.0007336757153
0,0.0009645185601453374,12,1.0,708.0007336757153
0,0.0009627780074258283,12,1.0,709.0007336757153
0,0.0009598777606331313,12,1.0,710.0007336757153
0,0.0009574853255149498,12,1.0,711.0007336757153
0,0.0009569268728180271,12,1.0,712.0007336757153
0,0.0009555027139737842,12,1.0,713.0007336757153
0,0.0009531511394757209,12,1.0,714.0007336757153
0,0.0009517921002635347,12,1.0,715.0007336757153
0,0.0009451288831480062,12,1.0,716.0007336757153
0,0.0009422348557055738,12,1.0,717.0007336757153
0,0.0009406725460469163,12,1.0,718.0007336757153
0,0.0009385433413285206,12,1.0,719.0007336757153
0,0.000937938922177105,12,1.0,720.0007336757153
0,0.0009364204752247865,12,1.0,721.0007336757153
0,0.0009361653332296057,12,1.0,722.0007336757153
0,0.0009358612031317206,12,1.0,723.0007336757153
0,0.000931204895168148,12,1.0,724.0007336757153
0,0.0009311577636506728,12,1.0,725.0007336757153
0,0.0009300308616659859,12,1.0,726.0007336757153
0,0.0009292894932823802,12,1.0,727.0007336757153
0,0.0009290969276341083,12,1.0,728.0007336757153
0,0.0009271255250924542,12,1.0,729.0007336757153
0,0.0009177940813302384,12,1.0,730.0007336757153
0,0.0009167290804705584,12,1.0,731.0007336757153
0,0.0009149418722322076,12,1.0,732.0007336757153
0,0.0009146468697835705,12,1.0,733.0007336757153
0,0.000911411041066097,12,1.0,734.0007336757153
0,0.0009102139239194267,12,1.0,735.0007336757153
0,0.0009029483761067372,12,1.0,736.0007336757153
0,0.0008994458096793095,12,1.0,737.0007336757153
0,0.0008963216241655218,12,1.0,738.0007336757153
0,0.0008944260486533889,12,1.0,739.0007336757153
0,0.0008936787076865729,12,1.0,740.0007336757153
0,0.0008850797222535599,12,1.0,741.0007336757153
0,0.0008850288993863187,12,1.0,742.0007336757153
0,0.0008836864313509068,12,1.0,743.0007336757153
0,0.0008836781343633084,12,1.0,744.0007336757153
0,0.0008815048009251663,12,1.0,745.0007336757153
0,0.0008813108517466399,12,1.0,746.0007336757153
0,0.0008804753261653509,12,1.0,747.0007336757153
0,0.0008797473386389372,12,1.0,748.0007336757153
0,0.0008779284319158472,12,1.0,749.0007336757153
0,0.0008771526516273256,12,1.0,750.0007336757153
0,0.0008723123234605768,12,1.0,751.0007336757153
0,0.0008713133991505498,12,1.0,752.0007336757153
0,0.0008697193501512755,12,1.0,753.0007336757153
0,0.0008679213931999614,12,1.0,754.0007336757153
0,0.0008674069115241339,12,1.0,755.0007336757153
0,0.0008643980420778855,12,1.0,756.0007336757153
0,0.0008612838456671503,12,1.0,757.0007336757153
0,0.0008576832026490447,12,1.0,758.0007336757153
0,0.0008574928652044693,12,1.0,759.0007336757153
0,0.000854674364024166,12,1.0,760.0007336757153
0,0.0008496689393955524,12,1.0,761.0007336757153
0,0.0008487796064388404,12,1.0,762.0007336757153
0,0.0008482513790267695,12,1.0,763.0007336757153
0,0.0008465386557510275,12,1.0,764.0007336757153
0,0.0008453181725796175,12,1.0,765.0007336757153
0,0.000842042095474307,12,1.0,766.0007336757153
0,0.0008413595783403158,12,1.0,767.0007336757153
0,0.0008406309661572658,12,1.0,768.0007336757153
0,0.0008402661127337848,12,1.0,769.0007336757153
0,0.0008393134562062698,12,1.0,770.0007336757153
0,0.0008333746631501819,12,1.0,771.0007336757153
0,0.0008327958681488241,12,1.0,772.0007336757153
0,0.0008322035564384646,12,1.0,773.0007336757153
0,0.0008319379795029826,12,1.0,774.0007336757153
0,0.0008232191371335078,12,1.0,775.0007336757153
0,0.0008231886009941587,12,1.0,776.0007336757153
0,0.000822897260357112,12,1.0,777.0007336757153
0,0.0008222159194455116,12,1.0,778.0007336757153
0,0.0008161453088327518,12,1.0,779.0007336757153
0,0.0008160404565812876,12,1.0,780.0007336757153
0,0.0008149131096201033,12,1.0,781.0007336757153
0,0.0008146099477281067,12,1.0,782.0007336757153
0,0.0008143883558643628,12,1.0,783.0007336757153
0,0.0008130665864129157,12,1.0,784.0007336757153
0,0.0008085254962493581,12,1.0,785.0007336757153
0,0.0008067210847866689,12,1.0,786.0007336757153
0,0.0008055325013212838,12,1.0,787.0007336757153
0,0.0008045264234712778,12,1.0,788.0007336757153
0,0.0008024260800889615,12,1.0,789.0007336757153
0,0.0008022580767220402,12,1.0,790.0007336757153
0,0.0008017792042061142,12,1.0,791.0007336757153
0,0.0007999483119515976,12,1.0,792.0007336757153
0,0.0007985064255361677,12,1.0,793.0007336757153
0,0.0007980988366736504,12,1.0,794.0007336757153
0,0.000798098717194984,12,1.0,795.0007336757153
0,0.0007970092450002922,12,1.0,796.0007336757153
0,0.0007961018806567425,12,1.0,797.0007336757153
0,0.0007941810357369523,12,1.0,798.0007336757153
0,0.0007941109854296958,12,1.0,799.0007336757153
0,0.0007939857219753179,12,1.0,800.0007336757153
0,0.0007930892055922031,12,1.0,801.0007336757153
0,0.0007925072618772368,12,1.0,802.0007336757153
0,0.0007910024893853203,12,1.0,803.0007336757153
0,0.0007888233597686837,12,1.0,804.0007336757153
0,0.0007816262395075623,12,1.0,805.0007336757153
0,0.0007815617534015234,12,1.0,806.0007336757153
0,0.0007790878609260808,12,1.0,807.0007336757153
0,0.000778513094925281,12,1.0,808.0007336757153
0,0.0007766785321002209,12,1.0,809.0007336757153
0,0.0007749181554815501,12,1.0,810.0007336757153
0,0.0007740321658429771,12,1.0,811.0007336757153
0,0.0007689793814884636,12,1.0,812.0007336757153
0,0.0007689038195432525,12,1.0,813.0007336757153
0,0.0007688482276212156,12,1.0,814.0007336757153
0,0.0007674875686781505,12,1.0,815.0007336757153
0,0.0007644384671990554,12,1.0,816.0007336757153
0,0.0007641374004277459,12,1.0,817.0007336757153
0,0.0007601441128961359,12,1.0,818.0007336757153
0,0.000756663462707137,12,1.0,819.0007336757153
0,0.0007561946215163732,12,1.0,820.0007336757153
0,0.0007508308019233794,12,1.0,821.0007336757153
0,0.0007470752798091825,12,1.0,822.0007336757153
0,0.0007468364698139186,12,1.0,823.0007336757153
0,0.0007454265047432735,12,1.0,824.0007336757153
0,0.0007433739620902659,12,1.0,825.0007336757153
0,0.0007422125933344717,12,1.0,826.0007336757153
0,0.0007416723712967022,12,1.0,827.0007336757153
0,0.0007416361976204711,12,1.0,828.0007336757153
0,0.0007400798843001595,12,1.0,829.0007336757153
0,0.0007399848001014156,12,1.0,830.0007336757153
0,0.0007389298035643187,12,1.0,831.0007336757153
0,0.0007365694954051836,12,1.0,832.0007336757153
0,0.0007355157318536006,12,1.0,833.0007336757153
0,0.0007344161206501714,12,1.0,834.0007336757153
0,0.0007336230185818279,12,1.0,835.0007336757153
0,0.0007333014910712078,12,1.0,836.0007336757153
0,0.0007332823608273375,12,1.0,837.0007336757153
0,0.0007323301683944974,12,1.0,838.0007336757153
0,0.0007308489605572182,12,1.0,839.0007336757153
0,0.0007294290774123465,12,1.0,840.0007336757153
0,0.0007277086448923902,12,1.0,841.0007336757153
0,0.0007276735672196991,12,1.0,842.0007336757153
0,0.0007218987607886361,12,1.0,843.0007336757153
0,0.0007181203711508784,12,1.0,844.0007336757153
0,0.0007137996595293299,12,1.0,845.0007336757153
0,0.000713400332019777,12,1.0,846.0007336757153
0,0.0007114774816891844,12,1.0,847.0007336757153
0,0.0007078021708087019,12,1.0,848.0007336757153
0,0.0007074589595970633,12,1.0,849.0007336757153
0,0.0007041757229854829,12,1.0,850.0007336757153
0,0.0007005181668367394,12,1.0,851.0007336757153
0,0.0007000572013147064,12,1.0,852.0007336757153
0,0.0006998200850361222,12,1.0,853.0007336757153
0,0.0006980690941261904,12,1.0,854.0007336757153
0,0.0006968020219965362,12,1.0,855.0007336757153
0,0.0006958778813437495,12,1.0,856.0007336757153
0,0.000695823238897488,12,1.0,857.0007336757153
0,0.0006914214519665615,12,1.0,858.0007336757153
0,0.000689510660138235,12,1.0,859.0007336757153
0,0.0006882314487754844,12,1.0,860.0007336757153
0,0.0006848848410486156,12,1.0,861.0007336757153
0,0.0006817352862577667,12,1.0,862.0007336757153
0,0.0006816454703308253,12,1.0,863.0007336757153
0,0.0006804344053549181,12,1.0,864.0007336757153
0,0.0006791442751532887,12,1.0,865.0007336757153
0,0.0006777045691429435,12,1.0,866.0007336757153
0,0.0006718551509127681,12,1.0,867.0007336757153
0,0.000669724063228894,12,1.0,868.0007336757153
0,0.0006682869328970091,12,1.0,869.0007336757153
0,0.0006679775125000755,12,1.0,870.0007336757153
0,0.0006671270751546319,12,1.0,871.0007336757153
0,0.0006655419329921813,12,1.0,872.0007336757153
0,0.0006652306379286897,12,1.0,873.0007336757153
0,0.0006647732457295668,12,1.0,874.0007336757153
0,0.0006639123772538305,12,1.0,875.0007336757153
0,0.0006619691970229378,12,1.0,876.0007336757153
0,0.0006614818510545415,12,1.0,877.0007336757153
0,0.0006613598604345455,12,1.0,878.0007336757153
0,0.0006610934041601235,12,1.0,879.0007336757153
0,0.0006572555741533052,12,1.0,880.0007336757153
0,0.0006548332405680559,12,1.0,881.0007336757153
0,0.0006523958164896262,12,1.0,882.0007336757153
0,0.0006508151073632217,12,1.0,883.0007336757153
0,0.0006501069324105795,12,1.0,884.0007336757153
0,0.0006496710929710565,12,1.0,885.0007336757153
0,0.0006468114998425691,12,1.0,886.0007336757153
0,0.00064643013494204,12,1.0,887.0007336757153
0,0.0006453996930164232,12,1.0,888.0007336757153
0,0.0006411237504181648,12,1.0,889.0007336757153
0,0.0006403907341327673,12,1.0,890.0007336757153
0,0.0006385925183153127,12,1.0,891.0007336757153
0,0.0006345414791930383,12,1.0,892.0007336757153
0,0.0006326610865557128,12,1.0,893.0007336757153
0,0.0006325084760427018,12,1.0,894.0007336757153
0,0.0006315202593499,12,1.0,895.0007336757153
0,0.0006313485915286388,12,1.0,896.0007336757153
0,0.0006310941706670312,12,1.0,897.0007336757153
0,0.0006308827378527013,12,1.0,898.0007336757153
0,0.0006281657906556118,12,1.0,899.0007336757153
0,0.0006248579027787999,12,1.0,900.0007336757153
0,0.0006229232853697289,12,1.0,901.0007336757153
0,0.0006218514613388643,12,1.0,902.0007336757153
0,0.000621306383371654,12,1.0,903.0007336757153
0,0.0006204592456782509,12,1.0,904.0007336757153
0,0.0006177339240511244,12,1.0,905.0007336757153
0,0.0006152246204850644,12,1.0,906.0007336757153
0,0.0006138330928688821,12,1.0,907.0007336757153
0,0.0006131890813140756,12,1.0,908.0007336757153
0,0.0006082389924979669,12,1.0,909.0007336757153
0,0.0006064365375400061,12,1.0,910.0007336757153
0,0.0006061113362238613,12,1.0,911.0007336757153
0,0.000606069554665475,12,1.0,912.0007336757153
0,0.000604925242753368,12,1.0,913.0007336757153
0,0.000604743453232731,12,1.0,914.0007336757153
0,0.0006024213828724779,12,1.0,915.0007336757153
0,0.0006020447438185846,12,1.0,916.0007336757153
0,0.000600875284907346,12,1.0,917.0007336757153
0,0.0005994888364498978,12,1.0,918.0007336757153
0,0.0005956336575008025,12,1.0,919.0007336757153
0,0.0005937259423322587,12,1.0,920.0007336757153
0,0.0005932592969645945,12,1.0,921.0007336757153
0,0.0005913203381909856,12,1.0,922.0007336757153
0,0.0005910063474381527,12,1.0,923.0007336757153
0,0.000589666112733038,12,1.0,924.0007336757153
0,0.0005876225260840123,12,1.0,925.0007336757153
0,0.0005864066322361334,12,1.0,926.0007336757153
0,0.0005862166506492458,12,1.0,927.0007336757153
0,0.000584211217347397,12,1.0,928.0007336757153
0,0.00058400542077762,12,1.0,929.0007336757153
0,0.0005813534637951913,12,1.0,930.0007336757153
0,0.0005801536855876568,12,1.0,931.0007336757153
0,0.0005799760882806361,12,1.0,932.0007336757153
0,0.0005765271968471473,12,1.0,933.0007336757153
0,0.0005757625760360055,12,1.0,934.0007336757153
0,0.0005747770601546104,12,1.0,935.0007336757153
0,0.0005734250742982847,12,1.0,936.0007336757153
0,0.0005721205697099957,12,1.0,937.0007336757153
0,0.0005667519667194749,12,1.0,938.0007336757153
0,0.0005659017751230139,12,1.0,939.0007336757153
0,0.0005656012978812582,12,1.0,940.0007336757153
0,0.0005655488807165011,12,1.0,941.0007336757153
0,0.0005649182145917158,12,1.0,942.0007336757153
0,0.0005642350526609837,12,1.0,943.0007336757153
0,0.000563507626173943,12,1.0,944.0007336757153
0,0.0005613679935192735,12,1.0,945.0007336757153
0,0.0005612223364415134,12,1.0,946.0007336757153
0,0.0005565078229484063,12,1.0,947.0007336757153
0,0.0005552743081005287,12,1.0,948.0007336757153
0,0.0005552372960904789,12,1.0,949.0007336757153
0,0.0005541016426029759,12,1.0,950.0007336757153
0,0.0005530881029576142,12,1.0,951.0007336757153
0,0.0005516259003811427,12,1.0,952.0007336757153
0,0.0005513042322998568,12,1.0,953.0007336757153
0,0.0005510834758239586,12,1.0,954.0007336757153
0,0.0005510488575173741,12,1.0,955.0007336757153
0,0.0005508559934854646,12,1.0,956.0007336757153
0,0.0005470747407559961,12,1.0,957.0007336757153
0,0.0005463717605524957,12,1.0,958.0007336757153
0,0.0005457624874034122,12,1.0,959.0007336757153
0,0.000542774229423953,12,1.0,960.0007336757153
0,0.0005425630937708608,12,1.0,961.0007336757153
0,0.00053990126626982,12,1.0,962.0007336757153
0,0.0005378936949981049,12,1.0,963.0007336757153
0,0.0005323034569265355,12,1.0,964.0007336757153
0,0.000531465105901505,12,1.0,965.0007336757153
0,0.0005304847011229177,12,1.0,966.0007336757153
0,0.0005239375358504891,12,1.0,967.0007336757153
0,0.0005219822597082167,12,1.0,968.0007336757153
0,0.000521748897515987,12,1.0,969.0007336757153
0,0.0005214466471770352,12,1.0,970.0007336757153
0,0.000517097243691399,12,1.0,971.0007336757153
0,0.0005164242451286705,12,1.0,972.0007336757153
0,0.0005160308178115329,12,1.0,973.0007336757153
0,0.0005159984541032051,12,1.0,974.0007336757153
0,0.0005150480065596928,12,1.0,975.0007336757153
0,0.0005149653819978481,12,1.0,976.0007336757153
0,0.0005148344707502847,12,1.0,977.0007336757153
0,0.0005139903593479094,12,1.0,978.0007336757153
0,0.0005129454309558654,12,1.0,979.0007336757153
0,0.0005126268418123623,12,1.0,980.0007336757153
0,0.000511034509602157,12,1.0,981.0007336757153
0,0.0005102738032163415,12,1.0,982.0007336757153
0,0.0005099393530356493,12,1.0,983.0007336757153
0,0.0005084374370811999,12,1.0,984.0007336757153
0,0.0005062698647599112,12,1.0,985.0007336757153
0,0.0005017178460227918,12,1.0,986.0007336757153
0,0.0005006945049425967,12,1.0,987.0007336757153
0,0.0004989145304017961,12,1.0,988.0007336757153
0,0.0004947270416665693,12,1.0,989.0007336757153
0,0.0004946987838301,12,1.0,990.0007336757153
0,0.0004941707212324295,12,1.0,991.0007336757153
0,0.0004921927133078322,12,1.0,992.0007336757153
0,0.0004920023850912423,12,1.0,993.0007336757153
0,0.0004905259811988921,12,1.0,994.0007336757153
0,0.0004891217857821126,12,1.0,995.0007336757153
0,0.0004885206664853063,12,1.0,996.0007336757153
0,0.00048745858574008243,12,1.0,997.0007336757153
0,0.00048620691124416214,12,1.0,998.0007336757153
0,0.0004857606599133349,12,1.0,999.0007336757153
0,0.000485699429972053,12,1.0,1000.0007336757153
0,0.0004856704788498037,12,1.0,1001.0007336757153
0,0.00048555430807822707,12,1.0,1002.0007336757153
0,0.00048447331689497583,12,1.0,1003.0007336757153
0,0.0004840194197233718,12,1.0,1004.0007336757153
0,0.00048367132693744524,12,1.0,1005.0007336757153
0,0.0004822963709930211,12,1.0,1006.0007336757153
0,0.00048212402740644865,12,1.0,1007.0007336757153
0,0.00048036325682716184,12,1.0,1008.0007336757153
0,0.00047848462178787216,12,1.0,1009.0007336757153
0,0.0004773729255558139,12,1.0,1010.0007336757153
0,0.00047726684099025775,12,1.0,1011.0007336757153
0,0.000475120144750827,12,1.0,1012.0007336757153
0,0.0004749568288610818,12,1.0,1013.0007336757153
0,0.0004747065907069928,12,1.0,1014.0007336757153
0,0.0004743746359579191,12,1.0,1015.0007336757153
0,0.00047417406228047267,12,1.0,1016.0007336757153
0,0.0004729462706670259,12,1.0,1017.0007336757153
0,0.00046998153163755143,12,1.0,1018.0007336757153
0,0.00046918954583724553,12,1.0,1019.0007336757153
0,0.00046807964762423336,12,1.0,1020.0007336757153
0,0.00046783319072830925,12,1.0,1021.0007336757153
0,0.0004677482766156797,12,1.0,1022.0007336757153
0,0.00046757156106698016,12,1.0,1023.0007336757153
0,0.00046373392310940193,12,1.0,1024.0007336757153
0,0.00046369924149978114,12,1.0,1025.0007336757153
0,0.0004625075642122597,12,1.0,1026.0007336757153
0,0.0004621660803686253,12,1.0,1027.0007336757153
0,0.0004612590818909665,12,1.0,1028.0007336757153
0,0.0004563057496310324,12,1.0,1029.0007336757153
0,0.00045575537390505505,12,1.0,1030.0007336757153
0,0.0004556360561043075,12,1.0,1031.0007336757153
0,0.00045330276858395087,12,1.0,1032.0007336757153
0,0.0004524961067100786,12,1.0,1033.0007336757153
0,0.0004511675927791233,12,1.0,1034.0007336757153
0,0.0004494641050755191,12,1.0,1035.0007336757153
0,0.0004477921842467348,12,1.0,1036.0007336757153
0,0.000447780127611284,12,1.0,1037.0007336757153
0,0.0004474216414950184,12,1.0,1038.0007336757153
0,0.00044741351789685563,12,1.0,1039.0007336757153
0,0.0004473588562929809,12,1.0,1040.0007336757153
0,0.00044678485658966165,12,1.0,1041.0007336757153
0,0.00044539006955194964,12,1.0,1042.0007336757153
0,0.000444828890577545,12,1.0,1043.0007336757153
0,0.00044425959414500383,12,1.0,1044.0007336757153
0,0.0004428059075448087,12,1.0,1045.0007336757153
0,0.0004412649439444955,12,1.0,1046.0007336757153
0,0.00044061740102108865,12,1.0,1047.0007336757153
0,0.00044011722551374045,12,1.0,1048.0007336757153
0,0.00043997181677293563,12,1.0,1049.0007336757153
0,0.0004396019904652873,12,1.0,1050.0007336757153
0,0.00043634306034805376,12,1.0,1051.0007336757153
0,0.00043474736686917954,12,1.0,1052.0007336757153
0,0.0004345591880336048,12,1.0,1053.0007336757153
0,0.0004333279168500634,12,1.0,1054.0007336757153
0,0.00043292177431462686,12,1.0,1055.0007336757153
0,0.00043168588185441345,12,1.0,1056.0007336757153
0,0.00043127309035667573,12,1.0,1057.0007336757153
0,0.0004306200475609129,12,1.0,1058.0007336757153
0,0.000429274698270144,12,1.0,1059.0007336757153
0,0.00042918292305393977,12,1.0,1060.0007336757153
0,0.00042844749361952133,12,1.0,1061.0007336757153
0,0.00042446815545732676,12,1.0,1062.0007336757153
0,0.00042320549093032044,12,1.0,1063.0007336757153
0,0.0004231270781475949,12,1.0,1064.0007336757153
0,0.0004226758864907102,12,1.0,1065.0007336757153
0,0.000418236987897383,12,1.0,1066.0007336757153
0,0.00041793695193309484,12,1.0,1067.0007336757153
0,0.0004174228538663165,12,1.0,1068.0007336757153
0,0.00041501393994721386,12,1.0,1069.0007336757153
0,0.0004145564460126712,12,1.0,1070.0007336757153
0,0.00041402476886747157,12,1.0,1071.0007336757153
0,0.00041355212875357803,12,1.0,1072.0007336757153
0,0.00041286696404115877,12,1.0,1073.0007336757153
0,0.00041175521910483695,12,1.0,1074.0007336757153
0,0.0004116255166889898,12,1.0,1075.0007336757153
0,0.00040877398025342197,12,1.0,1076.0007336757153
0,0.0004081719245525513,12,1.0,1077.0007336757153
0,0.00040686715031610846,12,1.0,1078.0007336757153
0,0.0004060773503460071,12,1.0,1079.0007336757153
0,0.00040501091963356025,12,1.0,1080.0007336757153
0,0.00040438358479902373,12,1.0,1081.0007336757153
0,0.00040295221433593137,12,1.0,1082.0007336757153
0,0.0004013036405536705,12,1.0,1083.0007336757153
0,0.00040033539508267614,12,1.0,1084.0007336757153
0,0.00039787149465838153,12,1.0,1085.0007336757153
0,0.0003974243248330826,12,1.0,1086.0007336757153
0,0.00039698594226675473,12,1.0,1087.0007336757153
0,0.0003963949209419867,12,1.0,1088.0007336757153
0,0.0003944913149835077,12,1.0,1089.0007336757153
0,0.0003938624023437168,12,1.0,1090.0007336757153
0,0.0003931921163834326,12,1.0,1091.0007336757153
0,0.00039262752905203823,12,1.0,1092.0007336757153
0,0.0003918956530712945,12,1.0,1093.0007336757153
0,0.0003904849818995992,12,1.0,1094.0007336757153
0,0.0003904022838463335,12,1.0,1095.0007336757153
0,0.0003899317525157036,12,1.0,1096.0007336757153
0,0.00038869853265730274,12,1.0,1097.0007336757153
0,0.00038857684228646883,12,1.0,1098.0007336757153
0,0.00038701499790403374,12,1.0,1099.0007336757153
0,0.0003865599065650198,12,1.0,1100.0007336757153
0,0.00038565497989103103,12,1.0,1101.0007336757153
0,0.00038558718010958275,12,1.0,1102.0007336757153
0,0.00038341777758382187,12,1.0,1103.0007336757153
0,0.00038164117703933854,12,1.0,1104.0007336757153
0,0.00038091959837937027,12,1.0,1105.0007336757153
0,0.0003800078129887258,12,1.0,1106.0007336757153
0,0.0003795050053482101,12,1.0,1107.0007336757153
0,0.0003793705986236017,12,1.0,1108.0007336757153
0,0.0003742558920092995,12,1.0,1109.0007336757153
0,0.00037250390147826855,12,1.0,1110.0007336757153
0,0.000371794559155176,12,1.0,1111.0007336757153
0,0.00037050654824084394,12,1.0,1112.0007336757153
0,0.00036885219947349867,12,1.0,1113.0007336757153
0,0.00036783629908415904,12,1.0,1114.0007336757153
0,0.00036669675904291545,12,1.0,1115.0007336757153
0,0.0003665771139452039,12,1.0,1116.0007336757153
0,0.00036587767082099805,12,1.0,1117.0007336757153
0,0.00036359331344021915,12,1.0,1118.0007336757153
0,0.00036278563876448425,12,1.0,1119.0007336757153
0,0.00036235310328584905,12,1.0,1120.0007336757153
0,0.00036152596586774046,12,1.0,1121.0007336757153
0,0.00036106746397616713,12,1.0,1122.0007336757153
0,0.000360258793112546,12,1.0,1123.0007336757153
0,0.0003578140515138015,12,1.0,1124.0007336757153
0,0.000356571924546336,12,1.0,1125.0007336757153
0,0.00035562670667281326,12,1.0,1126.0007336757153
0,0.00035459262028519266,12,1.0,1127.0007336757153
0,0.00035387839784564105,12,1.0,1128.0007336757153
0,0.0003534433969131759,12,1.0,1129.0007336757153
0,0.0003532351881822195,12,1.0,1130.0007336757153
0,0.00035321230830773356,12,1.0,1131.0007336757153
0,0.0003513495981238298,12,1.0,1132.0007336757153
0,0.0003502721291579271,12,1.0,1133.0007336757153
0,0.0003501496944785447,12,1.0,1134.0007336757153
0,0.00034816238459378136,12,1.0,1135.0007336757153
0,0.00034640953179080263,12,1.0,1136.0007336757153
0,0.0003455796030416538,12,1.0,1137.0007336757153
0,0.0003453143693352202,12,1.0,1138.0007336757153
0,0.0003448126877237832,12,1.0,1139.0007336757153
0,0.00034464271607447786,12,1.0,1140.0007336757153
0,0.00034447599767896116,12,1.0,1141.0007336757153
0,0.0003423422275080185,12,1.0,1142.0007336757153
0,0.00034186225679189045,12,1.0,1143.0007336757153
0,0.00034036287356325215,12,1.0,1144.0007336757153
0,0.0003394051538900424,12,1.0,1145.0007336757153
0,0.0003364872880161266,12,1.0,1146.0007336757153
0,0.0003361700559522502,12,1.0,1147.0007336757153
0,0.00033346561912714074,12,1.0,1148.0007336757153
0,0.0003332684809437427,12,1.0,1149.0007336757153
0,0.000332384853678794,12,1.0,1150.0007336757153
0,0.0003298970503833039,12,1.0,1151.0007336757153
0,0.0003272811505720657,12,1.0,1152.0007336757153
0,0.00032720383380130147,12,1.0,1153.0007336757153
0,0.0003263908673718084,12,1.0,1154.0007336757153
0,0.0003261819480691972,12,1.0,1155.0007336757153
0,0.00032583007060397865,12,1.0,1156.0007336757153
0,0.00032568418478870167,12,1.0,1157.0007336757153
0,0.0003239474760182402,12,1.0,1158.0007336757153
0,0.0003224909131509147,12,1.0,1159.0007336757153
0,0.0003221044306303464,12,1.0,1160.0007336757153
0,0.00032202791236590544,12,1.0,1161.0007336757153
0,0.0003216885476417568,12,1.0,1162.0007336757153
0,0.00032115426003287233,12,1.0,1163.0007336757153
0,0.00032086378190796064,12,1.0,1164.0007336757153
0,0.0003197089957819283,12,1.0,1165.0007336757153
0,0.00031802162918511865,12,1.0,1166.0007336757153
0,0.0003175914359521163,12,1.0,1167.0007336757153
0,0.0003137018398595339,12,1.0,1168.0007336757153
0,0.0003128649712338041,12,1.0,1169.0007336757153
0,0.000311103748927561,12,1.0,1170.0007336757153
0,0.00031058472665949525,12,1.0,1171.0007336757153
0,0.000310434339091299,12,1.0,1172.0007336757153
0,0.00030888675491573027,12,1.0,1173.0007336757153
0,0.0003081221800290738,12,1.0,1174.0007336757153
0,0.00030747601109048345,12,1.0,1175.0007336757153
0,0.0003058674033499802,12,1.0,1176.0007336757153
0,0.0003051371505193799,12,1.0,1177.0007336757153
0,0.0003047343389010588,12,1.0,1178.0007336757153
0,0.0003039475394323538,12,1.0,1179.0007336757153
0,0.00030375777565331164,12,1.0,1180.0007336757153
0,0.00030348088427712083,12,1.0,1181.0007336757153
0,0.00030114699581548256,12,1.0,1182.0007336757153
0,0.00030087011639215667,12,1.0,1183.0007336757153
0,0.00030034203610772406,12,1.0,1184.0007336757153
0,0.0003002607779072494,12,1.0,1185.0007336757153
0,0.00029969455629649957,12,1.0,1186.0007336757153
0,0.0002990975817299739,12,1.0,1187.0007336757153
0,0.00029785933293365914,12,1.0,1188.0007336757153
0,0.0002976279580877346,12,1.0,1189.0007336757153
0,0.00029760959766193275,12,1.0,1190.0007336757153
0,0.00029643163103124966,12,1.0,1191.0007336757153
0,0.0002952263925930155,12,1.0,1192.0007336757153
0,0.0002944119795239383,12,1.0,1193.0007336757153
0,0.0002916367627438853,12,1.0,1194.0007336757153
0,0.0002908022904966953,12,1.0,1195.0007336757153
0,0.00028869999725219186,12,1.0,1196.0007336757153
0,0.00028705366137629613,12,1.0,1197.0007336757153
0,0.0002867518945146939,12,1.0,1198.0007336757153
0,0.0002853961021838057,12,1.0,1199.0007336757153
0,0.00028349932560586057,12,1.0,1200.0007336757153
0,0.00028338867967032694,12,1.0,1201.0007336757153
0,0.00028254522011574593,12,1.0,1202.0007336757153
0,0.00028218025865381287,12,1.0,1203.0007336757153
0,0.0002816523042231356,12,1.0,1204.0007336757153
0,0.00028144478455049586,12,1.0,1205.0007336757153
0,0.00028093251610626706,12,1.0,1206.0007336757153
0,0.00027952815647481355,12,1.0,1207.0007336757153
0,0.00027942383225072726,12,1.0,1208.0007336757153
0,0.0002787440994041936,12,1.0,1209.0007336757153
0,0.0002771885353394378,12,1.0,1210.0007336757153
0,0.0002766125226068642,12,1.0,1211.0007336757153
0,0.0002762687618090349,12,1.0,1212.0007336757153
0,0.00027360102953338463,12,1.0,1213.0007336757153
0,0.0002732576137334646,12,1.0,1214.0007336757153
0,0.00027144652551543765,12,1.0,1215.0007336757153
0,0.00026960532964070933,12,1.0,1216.0007336757153
0,0.0002689881708639191,12,1.0,1217.0007336757153
0,0.0002682892582906319,12,1.0,1218.0007336757153
0,0.0002664402254877997,12,1.0,1219.0007336757153
0,0.00026636655791913524,12,1.0,1220.0007336757153
0,0.0002660653735664089,12,1.0,1221.0007336757153
0,0.00026566603150629417,12,1.0,1222.0007336757153
0,0.0002647958963056169,12,1.0,1223.0007336757153
0,0.00026472582684543207,12,1.0,1224.0007336757153
0,0.00026306385752310776,12,1.0,1225.0007336757153
0,0.00026295029108844666,12,1.0,1226.0007336757153
0,0.00026268504020889,12,1.0,1227.0007336757153
0,0.00026164702381505176,12,1.0,1228.0007336757153
0,0.0002614340835841981,12,1.0,1229.0007336757153
0,0.00025752926042596383,12,1.0,1230.0007336757153
0,0.0002565518810707917,12,1.0,1231.0007336757153
0,0.0002560923280833279,12,1.0,1232.0007336757153
0,0.00025591057876673,12,1.0,1233.0007336757153
0,0.0002544824325642311,12,1.0,1234.0007336757153
0,0.00025431447208297395,12,1.0,1235.0007336757153
0,0.00025379012435181134,12,1.0,1236.0007336757153
0,0.00025365038715147875,12,1.0,1237.0007336757153
0,0.00025321957873146016,12,1.0,1238.0007336757153
0,0.0002519096219827108,12,1.0,1239.0007336757153
0,0.00025173289841717747,12,1.0,1240.0007336757153
0,0.00025155442112025057,12,1.0,1241.0007336757153
0,0.0002512066369118994,12,1.0,1242.0007336757153
0,0.00024864334682402544,12,1.0,1243.0007336757153
0,0.0002480513923864034,12,1.0,1244.0007336757153
0,0.00024566671969841194,12,1.0,1245.0007336757153
0,0.0002411840244759808,12,1.0,1246.0007336757153
0,0.00024054700294352314,12,1.0,1247.0007336757153
0,0.00024052295269123416,12,1.0,1248.0007336757153
0,0.00024029153615562435,12,1.0,1249.0007336757153
0,0.00024023515428837745,12,1.0,1250.0007336757153
0,0.00023935470961961418,12,1.0,1251.0007336757153
0,0.0002376140640151431,12,1.0,1252.0007336757153
0,0.00023743253461562986,12,1.0,1253.0007336757153
0,0.0002359387620884133,12,1.0,1254.0007336757153
0,0.00023366781522489715,12,1.0,1255.0007336757153
0,0.00023210837096694102,12,1.0,1256.0007336757153
0,0.00023194262657141946,12,1.0,1257.0007336757153
0,0.00023118083586315394,12,1.0,1258.0007336757153
0,0.00023054710126498576,12,1.0,1259.0007336757153
0,0.00022894521109829985,12,1.0,1260.0007336757153
0,0.00022856692211706305,12,1.0,1261.0007336757153
0,0.00022849719082304273,12,1.0,1262.0007336757153
0,0.0002275309010167527,12,1.0,1263.0007336757153
0,0.0002237452813950314,12,1.0,1264.0007336757153
0,0.00022260071026741578,12,1.0,1265.0007336757153
0,0.0002213923904830276,12,1.0,1266.0007336757153
0,0.00022083974832335835,12,1.0,1267.0007336757153
0,0.00022049257992541924,12,1.0,1268.0007336757153
0,0.0002204670564625314,12,1.0,1269.0007336757153
0,0.00022035162703553166,12,1.0,1270.0007336757153
0,0.00022027483152932848,12,1.0,1271.0007336757153
0,0.0002187711199674694,12,1.0,1272.0007336757153
0,0.00021815284458890337,12,1.0,1273.0007336757153
0,0.00021628991209551559,12,1.0,1274.0007336757153
0,0.00021615221994546156,12,1.0,1275.0007336757153
0,0.00021610225613756875,12,1.0,1276.0007336757153
0,0.00021571909694866547,12,1.0,1277.0007336757153
0,0.0002143681618710034,12,1.0,1278.0007336757153
0,0.0002113340200128793,12,1.0,1279.0007336757153
0,0.0002098006866751735,12,1.0,1280.0007336757153
0,0.00020897430902738038,12,1.0,1281.0007336757153
0,0.00020875887675211107,12,1.0,1282.0007336757153
0,0.00020639365572372597,12,1.0,1283.0007336757153
0,0.00020370357413017806,12,1.0,1284.0007336757153
0,0.00020203836243017106,12,1.0,1285.0007336757153
0,0.00019908558544873937,12,1.0,1286.0007336757153
0,0.0001952770539219642,12,1.0,1287.0007336757153
0,0.00019519399992224697,12,1.0,1288.0007336757153
0,0.00019482236774657255,12,1.0,1289.0007336757153
0,0.0001944681933954128,12,1.0,1290.0007336757153
0,0.00019364282964958642,12,1.0,1291.0007336757153
0,0.00019251020988743505,12,1.0,1292.0007336757153
0,0.00019172961540988377,12,1.0,1293.0007336757153
0,0.00018833389421985653,12,1.0,1294.0007336757153
0,0.00018652535775909914,12,1.0,1295.0007336757153
0,0.00018617140505013469,12,1.0,1296.0007336757153
0,0.00018272207335779436,12,1.0,1297.0007336757153
0,0.00018208215903233328,12,1.0,1298.0007336757153
0,0.00018172054312624506,12,1.0,1299.0007336757153
0,0.00018163049681743627,12,1.0,1300.0007336757153
0,0.0001801446420533957,12,1.0,1301.0007336757153
0,0.00017968127973107826,12,1.0,1302.0007336757153
0,0.00017929404434704574,12,1.0,1303.0007336757153
0,0.00017518977782535804,12,1.0,1304.0007336757153
0,0.00017485492265833946,12,1.0,1305.0007336757153
0,0.00017453946999733915,12,1.0,1306.0007336757153
0,0.00017402006205198282,12,1.0,1307.0007336757153
0,0.00017215129385778923,12,1.0,1308.0007336757153
0,0.00016817295570268422,12,1.0,1309.0007336757153
0,0.00016790678500313547,12,1.0,1310.0007336757153
0,0.00016627177457415843,12,1.0,1311.0007336757153
0,0.00016101797005189266,12,1.0,1312.0007336757153
0,0.00016091229619993535,12,1.0,1313.0007336757153
0,0.000159249371757474,12,1.0,1314.0007336757153
0,0.00015882449202246718,12,1.0,1315.0007336757153
0,0.0001585030997995279,12,1.0,1316.0007336757153
0,0.0001572675315903134,12,1.0,1317.0007336757153
0,0.00015713045589084442,12,1.0,1318.0007336757153
0,0.000156067640641102,12,1.0,1319.0007336757153
0,0.00015559405997862924,12,1.0,1320.0007336757153
0,0.00015325653603575867,12,1.0,1321.0007336757153
0,0.00015138972852787858,12,1.0,1322.0007336757153
0,0.0001470677769102147,12,1.0,1323.0007336757153
0,0.00014331242044940444,12,1.0,1324.0007336757153
0,0.00013846279086214468,12,1.0,1325.0007336757153
0,0.0001361324845330457,12,1.0,1326.0007336757153
0,0.00013557417879042107,12,1.0,1327.0007336757153
0,0.00013513849240278497,12,1.0,1328.0007336757153
0,0.00013420315108602312,12,1.0,1329.0007336757153
0,0.00013418897035472407,12,1.0,1330.0007336757153
0,0.00013046900633342277,12,1.0,1331.0007336757153
0,0.00012996592598802536,12,1.0,1332.0007336757153
0,0.00012982432426134847,12,1.0,1333.0007336757153
0,0.0001283607554649349,12,1.0,1334.0007336757153
0,0.00012680056218227894,12,1.0,1335.0007336757153
0,0.00012316396609454754,12,1.0,1336.0007336757153
0,0.00012175913622544181,12,1.0,1337.0007336757153
0,0.00011996083578355083,12,1.0,1338.0007336757153
0,0.00011836444737514461,12,1.0,1339.0007336757153
0,0.00011094241020043626,12,1.0,1340.0007336757153
0,0.00010851787238568914,12,1.0,1341.0007336757153
0,0.00010783318020974647,12,1.0,1342.0007336757153
0,0.00010767039488910734,12,1.0,1343.0007336757153
0,0.00010753630633173366,12,1.0,1344.0007336757153
0,0.00010663472819873158,12,1.0,1345.0007336757153
0,0.00010530705549811283,12,1.0,1346.0007336757153
0,0.00010462169331050887,12,1.0,1347.0007336757153
0,0.00010447768057260422,12,1.0,1348.0007336757153
0,0.00010127843414372599,12,1.0,1349.0007336757153
0,9.689446478262672e-05,12,1.0,1350.0007336757153
0,9.13693530291241e-05,12,1.0,1351.0007336757153
0,8.798493916045103e-05,12,1.0,1352.0007336757153
0,8.016817401533388e-05,12,1.0,1353.0007336757153
0,7.257816157000142e-05,12,1.0,1354.0007336757153
0,7.06913868170666e-05,12,1.0,1355.0007336757153
0,6.807123344098814e-05,12,1.0,1356.0007336757153
0,6.621175202091084e-05,12,1.0,1357.0007336757153
0,5.8874685115368143e-05,12,1.0,1358.0007336757153
0,5.772773160110856e-05,12,1.0,1359.0007336757153
0,5.442712050061448e-05,12,1.0,1360.0007336757153
0,5.0965257829906816e-05,12,1.0,1361.0007336757153
0,4.745644737596534e-05,12,1.0,1362.0007336757153
