population,gain
0.07336757153338225,0.0
0.1467351430667645,0.0
0.22010271460014674,0.0
0.293470286133529,0.0
0.36683785766691124,0.0
0.4402054292002935,0.0
0.5135730007336757,0.0
0.586940572267058,0.0
0.6603081438004402,0.0
0.7336757153338225,0.0
0.8070432868672046,0.0
0.880410858400587,0.0
0.9537784299339692,0.0
1.0271460014673515,0.0
1.1005135730007336,0.0
1.173881144534116,0.0
1.247248716067498,0.0
1.3206162876008805,0.0
1.3939838591342628,0.0
1.467351430667645,0.0
1.540719002201027,0.0
1.6140865737344092,0.0
1.6874541452677916,0.0
1.760821716801174,0.0
1.834189288334556,0.0
1.9075568598679384,0.0
1.9809244314013204,0.0
2.054292002934703,0.0
2.127659574468085,0.0
2.201027146001467,0.0
2.27439471753485,0.0
2.347762289068232,0.0
2.421129860601614,0.0
2.494497432134996,0.0
2.5678650036683783,0.0
2.641232575201761,0.0
2.714600146735143,0.0
2.7879677182685256,0.0
2.8613352898019073,0.0
2.93470286133529,0.0
3.008070432868672,0.0
3.081438004402054,0.0
3.1548055759354363,0.0
3.2281731474688184,0.0
3.301540719002201,0.0
3.374908290535583,0.0
3.4482758620689653,0.0
3.521643433602348,0.0
3.59501100513573,0.0
3.668378576669112,0.0
3.7417461482024947,0.0
3.815113719735877,0.0
3.8884812912692595,0.0
3.9618488628026407,0.0
4.035216434336023,0.0
4.108584005869406,0.0
4.181951577402788,0.0
4.25531914893617,0.0
4.328686720469553,0.0
4.402054292002934,0.0
4.475421863536317,0.0
4.5487894350697,0.0
4.622157006603081,0.0
4.695524578136464,0.0
4.768892149669846,0.0
4.842259721203228,0.0
4.91562729273661,0.0
4.988994864269992,0.0
5.062362435803375,0.0
5.135730007336757,0.0
5.209097578870139,0.0
5.282465150403522,0.0
5.355832721936904,0.0
5.429200293470286,0.0
5.502567865003669,0.0
5.575935436537051,0.0
5.649303008070433,0.0
5.722670579603815,0.0
5.796038151137197,0.0
5.86940572267058,0.0
5.9427732942039615,0.0
6.016140865737344,0.0
6.089508437270727,0.0
6.162876008804108,0.0
6.236243580337491,0.0
6.309611151870873,0.0
6.382978723404255,0.0
6.456346294937637,0.0
6.5297138664710195,0.0
6.603081438004402,0.0
6.676449009537784,0.0
6.749816581071166,0.0
6.823184152604549,0.0
6.896551724137931,0.0
6.969919295671313,0.0
7.043286867204696,0.0
7.1166544387380775,0.0
7.19002201027146,0.0
7.263389581804843,0.0
7.336757153338224,0.0
7.410124724871607,0.0
7.4834922964049895,0.0
7.556859867938372,0.0
7.630227439471754,0.0
7.703595011005136,0.0
7.776962582538519,0.0
7.850330154071901,0.0
7.923697725605281,0.0
7.997065297138664,0.0
8.070432868672047,0.0
8.143800440205428,0.0
8.217168011738812,0.0
8.290535583272193,0.0
8.363903154805575,0.0
8.437270726338959,0.0
8.51063829787234,0.0
8.584005869405722,0.0
8.657373440939105,0.0
8.730741012472487,0.0
8.804108584005869,0.0
8.877476155539252,0.0
8.950843727072634,0.0
9.024211298606016,0.0
9.0975788701394,0.0
9.17094644167278,0.0
9.244314013206163,0.0
9.317681584739546,0.0
9.391049156272928,0.0
9.46441672780631,0.0
9.537784299339693,0.0
9.611151870873075,0.0
9.684519442406456,0.0
9.757887013939838,0.0
9.83125458547322,0.0
9.904622157006603,0.0
9.977989728539985,0.0
10.051357300073366,0.0
10.12472487160675,0.0
10.198092443140132,0.0
10.271460014673513,0.0
10.344827586206897,0.0
10.418195157740278,0.0
10.49156272927366,0.0
10.564930300807044,0.0
10.638297872340425,0.0
10.711665443873809,0.0
10.78503301540719,0.0
10.858400586940572,0.0
10.931768158473956,0.0
11.005135730007337,0.0
11.078503301540719,0.0
11.151870873074103,0.0
11.225238444607484,0.0
11.298606016140866,0.0
11.37197358767425,0.0
11.44534115920763,0.0
11.518708730741011,0.0
11.592076302274394,0.0
11.665443873807776,0.0
11.73881144534116,0.0
11.812179016874541,0.0
11.885546588407923,0.0
11.958914159941306,0.0
12.032281731474688,0.0
12.10564930300807,0.0
12.179016874541453,0.0
12.252384446074835,0.0
12.325752017608217,0.0
12.3991195891416,0.0
12.472487160674982,0.0
12.545854732208364,0.0
12.619222303741745,0.0
12.692589875275129,0.0
12.76595744680851,0.0
12.839325018341894,0.0
12.912692589875274,0.0
12.986060161408657,0.0
13.059427732942039,0.0
13.132795304475422,0.0
13.206162876008804,0.0
13.279530447542188,0.0
13.352898019075568,0.0
13.426265590608951,0.0
13.499633162142333,0.0
13.573000733675716,0.0
13.646368305209098,0.0
13.719735876742481,0.0
13.793103448275861,0.0
13.866471019809246,0.0
13.939838591342626,0.0
14.01320616287601,0.0
14.086573734409392,0.0
14.159941305942771,0.0
14.233308877476155,0.0
14.306676449009537,0.0
14.38004402054292,0.0
14.453411592076302,0.0
14.526779163609685,0.0
14.600146735143065,0.0
14.673514306676449,0.0
14.74688187820983,0.0
14.820249449743214,0.0
14.893617021276595,0.0
14.966984592809979,0.0
15.040352164343359,0.0
15.113719735876744,0.0
15.187087307410124,0.0
15.260454878943507,0.0
15.33382245047689,0.0
15.407190022010273,0.0
15.480557593543654,0.0
15.553925165077038,0.0
15.627292736610418,0.0
15.700660308143801,0.0
15.774027879677183,0.0
15.847395451210563,0.0
15.920763022743948,0.0
15.994130594277328,0.0
16.06749816581071,0.0
16.140865737344093,0.0
16.214233308877475,0.0
16.287600880410857,0.0
16.36096845194424,0.0
16.434336023477623,0.0
16.507703595011005,0.0
16.581071166544387,0.0
16.654438738077772,0.0
16.72780630961115,0.0
16.801173881144535,0.0
16.874541452677917,0.0
16.9479090242113,0.0
17.02127659574468,0.0
17.094644167278066,0.0
17.168011738811444,0.0
17.24137931034483,0.0
17.31474688187821,0.0
17.388114453411593,0.0
17.461482024944974,0.0
17.53484959647836,0.0
17.608217168011738,0.0
17.68158473954512,0.0
17.754952311078505,0.0
17.828319882611883,0.0
17.901687454145268,0.0
17.97505502567865,0.0
18.04842259721203,0.0
18.121790168745413,0.0
18.1951577402788,0.0
18.268525311812176,0.0
18.34189288334556,0.0
18.415260454878943,0.0
18.488628026412325,0.0
18.561995597945707,0.0
18.635363169479092,0.0
18.708730741012474,0.0
18.782098312545855,0.0
18.855465884079237,0.0
18.92883345561262,0.0
19.002201027146,0.0
19.075568598679386,0.0
19.148936170212767,0.0
19.22230374174615,0.0
19.29567131327953,0.0
19.369038884812912,0.0
19.442406456346294,0.0
19.515774027879676,0.0
19.58914159941306,0.0
19.66250917094644,0.0
19.735876742479824,0.0
19.809244314013206,0.0
19.882611885546588,0.0
19.95597945707997,0.0
20.029347028613355,0.0
20.102714600146733,0.0
20.176082171680118,0.0
20.2494497432135,0.0
20.32281731474688,0.0
20.396184886280263,0.0
20.46955245781365,0.0
20.542920029347027,0.0
20.616287600880412,0.0
20.689655172413794,0.0
20.763022743947175,0.0
20.836390315480557,0.0
20.909757887013942,0.0
20.98312545854732,0.0
21.056493030080702,0.0
21.129860601614087,0.0
21.20322817314747,0.0
21.27659574468085,0.0
21.349963316214232,0.0
21.423330887747618,0.0
21.496698459280996,0.0
21.57006603081438,0.0
21.643433602347763,0.0
21.716801173881144,0.0
21.790168745414526,0.0
21.86353631694791,0.0
21.93690388848129,0.0
22.010271460014675,0.0
22.083639031548056,0.0
22.157006603081438,0.0
22.23037417461482,0.0
22.303741746148205,0.0
22.377109317681583,0.0
22.45047688921497,0.0
22.52384446074835,0.0
22.597212032281732,0.0
22.670579603815114,0.0
22.7439471753485,0.0
22.817314746881877,0.0
22.89068231841526,0.0
22.964049889948644,0.0
23.037417461482022,0.0
23.110785033015407,0.0
23.18415260454879,0.0
23.25752017608217,0.0
23.330887747615552,0.0
23.404255319148938,0.0
23.47762289068232,0.0
23.5509904622157,0.0
23.624358033749083,0.0
23.697725605282464,0.0
23.771093176815846,0.0
23.84446074834923,0.0
23.917828319882613,0.0
23.991195891415995,0.0
24.064563462949376,0.0
24.137931034482758,0.0
24.21129860601614,0.0
24.284666177549525,0.0
24.358033749082907,0.0
24.43140132061629,0.0
24.50476889214967,0.0
24.57813646368305,0.0
24.651504035216433,0.0
24.724871606749815,0.0
24.7982391782832,0.0
24.87160674981658,0.0
24.944974321349964,0.0
25.018341892883345,0.0
25.091709464416727,0.0
25.165077035950112,0.0
25.23844460748349,0.0
25.311812179016872,0.0
25.385179750550257,0.0
25.458547322083643,0.0
25.53191489361702,0.0
25.605282465150403,0.0
25.678650036683788,0.0
25.75201760821717,0.0
25.825385179750548,0.0
25.898752751283933,0.0
25.972120322817315,0.0
26.0454878943507,0.0
26.118855465884078,0.0
26.192223037417463,0.0
26.265590608950845,0.0
26.338958180484223,0.0
26.41232575201761,0.0
26.48569332355099,0.0
26.559060895084375,0.0
26.632428466617753,0.0
26.705796038151135,0.0
26.77916360968452,0.0
26.852531181217902,0.0
26.92589875275128,0.0
26.999266324284665,0.0
27.07263389581805,0.0
27.146001467351432,0.0
27.21936903888481,0.0
27.292736610418196,0.0
27.366104181951577,0.0
27.439471753484963,0.0
27.51283932501834,0.0
27.586206896551722,0.0
27.659574468085108,0.0
27.732942039618493,0.0
27.806309611151868,0.0
27.879677182685253,0.0
27.953044754218638,0.0
28.02641232575202,0.0
28.099779897285398,0.0
28.173147468818783,0.0
28.246515040352165,0.0
28.319882611885543,0.0
28.393250183418928,0.0
28.46661775495231,0.0
28.539985326485695,0.0
28.613352898019073,0.0
28.68672046955246,0.0
28.76008804108584,0.0
28.833455612619225,0.0
28.906823184152604,0.0
28.980190755685985,0.0
29.05355832721937,0.0
29.126925898752752,0.0
29.20029347028613,0.0
29.273661041819516,0.0
29.347028613352897,0.0
29.420396184886282,0.0
29.49376375641966,0.0
29.567131327953046,0.0
29.640498899486428,0.0
29.713866471019813,0.0
29.78723404255319,0.0
29.860601614086573,0.0
29.933969185619958,0.0
30.007336757153336,0.0
30.080704328686718,0.0
30.154071900220103,0.0
30.227439471753488,0.0
30.300807043286866,0.0
30.374174614820248,0.0
30.447542186353633,0.0
30.520909757887015,0.0
30.594277329420393,0.0
30.66764490095378,0.0
30.74101247248716,0.0
30.814380044020545,0.0
30.887747615553923,0.0
30.96111518708731,0.0
31.03448275862069,0.0
31.107850330154076,0.0
31.181217901687454,0.0
31.254585473220835,0.0
31.32795304475422,0.0
31.401320616287602,0.0
31.47468818782098,0.0
31.548055759354366,0.0
31.621423330887747,0.0
31.694790902421126,0.0
31.76815847395451,0.0
31.841526045487896,0.0
31.914893617021278,0.0
31.988261188554656,0.0
32.06162876008804,0.0
32.13499633162142,0.0
32.208363903154805,0.0
32.281731474688186,0.0
32.35509904622157,0.0
32.42846661775495,0.0
32.50183418928834,0.0
32.57520176082171,0.0
32.6485693323551,8.333333333333332
32.72193690388848,8.333333333333332
32.795304475421865,8.333333333333332
32.86867204695525,8.333333333333332
32.94203961848863,8.333333333333332
33.01540719002201,8.333333333333332
33.08877476155539,8.333333333333332
33.162142333088774,8.333333333333332
33.235509904622155,8.333333333333332
33.308877476155544,8.333333333333332
33.38224504768892,8.333333333333332
33.4556126192223,8.333333333333332
33.52898019075569,8.333333333333332
33.60234776228907,8.333333333333332
33.675715333822446,8.333333333333332
33.749082905355834,8.333333333333332
33.822450476889216,8.333333333333332
33.8958180484226,8.333333333333332
33.96918561995598,8.333333333333332
34.04255319148936,8.333333333333332
34.11592076302274,8.333333333333332
34.18928833455613,8.333333333333332
34.262655906089506,8.333333333333332
34.33602347762289,8.333333333333332
34.40939104915628,8.333333333333332
34.48275862068966,8.333333333333332
34.55612619222303,8.333333333333332
34.62949376375642,8.333333333333332
34.7028613352898,8.333333333333332
34.776228906823185,8.333333333333332
34.84959647835657,8.333333333333332
34.92296404988995,8.333333333333332
34.99633162142333,8.333333333333332
35.06969919295672,8.333333333333332
35.143066764490094,8.333333333333332
35.216434336023475,8.333333333333332
35.289801907556864,8.333333333333332
35.36316947909024,8.333333333333332
35.43653705062362,8.333333333333332
35.50990462215701,8.333333333333332
35.58327219369039,8.333333333333332
35.656639765223765,8.333333333333332
35.730007336757154,8.333333333333332
35.803374908290536,8.333333333333332
35.87674247982392,8.333333333333332
35.9501100513573,8.333333333333332
36.02347762289068,8.333333333333332
36.09684519442406,8.333333333333332
36.17021276595745,8.333333333333332
36.243580337490826,8.333333333333332
36.31694790902421,8.333333333333332
36.3903154805576,8.333333333333332
36.46368305209098,8.333333333333332
36.53705062362435,8.333333333333332
36.61041819515774,8.333333333333332
36.68378576669112,8.333333333333332
36.757153338224505,8.333333333333332
36.83052090975789,8.333333333333332
36.90388848129127,8.333333333333332
36.97725605282465,8.333333333333332
37.05062362435803,8.333333333333332
37.12399119589141,8.333333333333332
37.197358767424795,8.333333333333332
37.270726338958184,8.333333333333332
37.34409391049156,8.333333333333332
37.41746148202495,8.333333333333332
37.49082905355833,8.333333333333332
37.56419662509171,8.333333333333332
37.63756419662509,8.333333333333332
37.710931768158474,8.333333333333332
37.784299339691856,8.333333333333332
37.85766691122524,8.333333333333332
37.93103448275862,8.333333333333332
38.004402054292,8.333333333333332
38.07776962582538,8.333333333333332
38.15113719735877,8.333333333333332
38.224504768892146,8.333333333333332
38.297872340425535,8.333333333333332
38.37123991195892,8.333333333333332
38.4446074834923,8.333333333333332
38.51797505502568,8.333333333333332
38.59134262655906,8.333333333333332
38.66471019809244,8.333333333333332
38.738077769625825,8.333333333333332
38.81144534115921,8.333333333333332
38.88481291269259,8.333333333333332
38.95818048422598,8.333333333333332
39.03154805575935,8.333333333333332
39.10491562729273,8.333333333333332
39.17828319882612,8.333333333333332
39.251650770359504,8.333333333333332
39.32501834189288,8.333333333333332
39.39838591342627,8.333333333333332
39.47175348495965,8.333333333333332
39.54512105649303,8.333333333333332
39.61848862802641,8.333333333333332
39.691856199559794,8.333333333333332
39.765223771093176,8.333333333333332
39.838591342626565,8.333333333333332
39.91195891415994,8.333333333333332
39.98532648569332,8.333333333333332
40.05869405722671,8.333333333333332
40.13206162876009,8.333333333333332
40.205429200293466,8.333333333333332
40.278796771826855,8.333333333333332
40.352164343360236,8.333333333333332
40.42553191489361,8.333333333333332
40.498899486427,8.333333333333332
40.57226705796038,8.333333333333332
40.64563462949376,8.333333333333332
40.719002201027145,8.333333333333332
40.79236977256053,8.333333333333332
40.86573734409391,8.333333333333332
40.9391049156273,8.333333333333332
41.01247248716067,8.333333333333332
41.08584005869405,8.333333333333332
41.15920763022744,8.333333333333332
41.232575201760824,8.333333333333332
41.305942773294205,8.333333333333332
41.37931034482759,8.333333333333332
41.45267791636097,8.333333333333332
41.52604548789435,8.333333333333332
41.59941305942773,8.333333333333332
41.672780630961114,8.333333333333332
41.746148202494496,8.333333333333332
41.819515774027884,8.333333333333332
41.89288334556126,8.333333333333332
41.96625091709464,8.333333333333332
42.03961848862803,8.333333333333332
42.112986060161404,8.333333333333332
42.18635363169479,8.333333333333332
42.259721203228175,8.333333333333332
42.333088774761556,8.333333333333332
42.40645634629494,8.333333333333332
42.47982391782832,8.333333333333332
42.5531914893617,8.333333333333332
42.62655906089508,8.333333333333332
42.699926632428465,8.333333333333332
42.77329420396185,8.333333333333332
42.846661775495235,8.333333333333332
42.92002934702862,8.333333333333332
42.99339691856199,8.333333333333332
43.06676449009538,8.333333333333332
43.14013206162876,8.333333333333332
43.213499633162144,8.333333333333332
43.286867204695525,8.333333333333332
43.36023477622891,8.333333333333332
43.43360234776229,8.333333333333332
43.50696991929567,8.333333333333332
43.58033749082905,8.333333333333332
43.653705062362434,8.333333333333332
43.72707263389582,8.333333333333332
43.800440205429204,8.333333333333332
43.87380777696258,8.333333333333332
43.94717534849597,8.333333333333332
44.02054292002935,8.333333333333332
44.093910491562724,8.333333333333332
44.16727806309611,8.333333333333332
44.240645634629495,8.333333333333332
44.314013206162876,8.333333333333332
44.38738077769626,8.333333333333332
44.46074834922964,8.333333333333332
44.53411592076302,8.333333333333332
44.60748349229641,8.333333333333332
44.680851063829785,8.333333333333332
44.754218635363166,8.333333333333332
44.827586206896555,8.333333333333332
44.90095377842994,8.333333333333332
44.97432134996331,8.333333333333332
45.0476889214967,8.333333333333332
45.12105649303008,8.333333333333332
45.194424064563464,8.333333333333332
45.267791636096845,8.333333333333332
45.34115920763023,8.333333333333332
45.41452677916361,8.333333333333332
45.487894350697,8.333333333333332
45.56126192223037,8.333333333333332
45.634629493763754,8.333333333333332
45.70799706529714,8.333333333333332
45.78136463683052,8.333333333333332
45.8547322083639,8.333333333333332
45.92809977989729,8.333333333333332
46.00146735143067,8.333333333333332
46.074834922964044,8.333333333333332
46.14820249449743,8.333333333333332
46.221570066030814,8.333333333333332
46.294937637564196,8.333333333333332
46.36830520909758,8.333333333333332
46.44167278063096,8.333333333333332
46.51504035216434,8.333333333333332
46.58840792369773,8.333333333333332
46.661775495231105,8.333333333333332
46.735143066764486,8.333333333333332
46.808510638297875,8.333333333333332
46.88187820983126,8.333333333333332
46.95524578136464,8.333333333333332
47.02861335289802,8.333333333333332
47.1019809244314,8.333333333333332
47.17534849596478,8.333333333333332
47.248716067498165,8.333333333333332
47.32208363903155,8.333333333333332
47.39545121056493,8.333333333333332
47.46881878209831,8.333333333333332
47.54218635363169,8.333333333333332
47.615553925165074,8.333333333333332
47.68892149669846,8.333333333333332
47.76228906823184,8.333333333333332
47.835656639765226,8.333333333333332
47.90902421129861,8.333333333333332
47.98239178283199,8.333333333333332
48.05575935436537,8.333333333333332
48.12912692589875,8.333333333333332
48.202494497432134,8.333333333333332
48.275862068965516,8.333333333333332
48.3492296404989,8.333333333333332
48.42259721203228,8.333333333333332
48.49596478356567,8.333333333333332
48.56933235509905,8.333333333333332
48.642699926632424,8.333333333333332
48.71606749816581,8.333333333333332
48.789435069699195,8.333333333333332
48.86280264123258,8.333333333333332
48.93617021276596,8.333333333333332
49.00953778429934,8.333333333333332
49.08290535583272,8.333333333333332
49.1562729273661,8.333333333333332
49.229640498899485,8.333333333333332
49.30300807043287,8.333333333333332
49.376375641966256,8.333333333333332
49.44974321349963,8.333333333333332
49.52311078503301,8.333333333333332
49.5964783565664,8.333333333333332
49.66984592809978,8.333333333333332
49.74321349963316,8.333333333333332
49.816581071166546,8.333333333333332
49.88994864269993,8.333333333333332
49.96331621423331,8.333333333333332
50.03668378576669,8.333333333333332
50.11005135730008,8.333333333333332
50.183418928833454,8.333333333333332
50.256786500366836,8.333333333333332
50.330154071900225,8.333333333333332
50.4035216434336,8.333333333333332
50.47688921496698,8.333333333333332
50.55025678650037,8.333333333333332
50.623624358033744,8.333333333333332
50.69699192956713,8.333333333333332
50.770359501100515,8.333333333333332
50.8437270726339,8.333333333333332
50.917094644167285,8.333333333333332
50.99046221570066,8.333333333333332
51.06382978723404,8.333333333333332
51.13719735876743,8.333333333333332
51.210564930300805,8.333333333333332
51.28393250183419,8.333333333333332
51.357300073367576,8.333333333333332
51.43066764490095,8.333333333333332
51.50403521643434,8.333333333333332
51.57740278796772,8.333333333333332
51.650770359501095,8.333333333333332
51.724137931034484,8.333333333333332
51.797505502567866,8.333333333333332
51.87087307410124,8.333333333333332
51.94424064563463,8.333333333333332
52.01760821716801,8.333333333333332
52.0909757887014,8.333333333333332
52.164343360234774,8.333333333333332
52.237710931768156,8.333333333333332
52.311078503301545,8.333333333333332
52.384446074834926,8.333333333333332
52.4578136463683,8.333333333333332
52.53118121790169,8.333333333333332
52.60454878943507,8.333333333333332
52.677916360968446,8.333333333333332
52.751283932501835,8.333333333333332
52.82465150403522,8.333333333333332
52.898019075568605,8.333333333333332
52.97138664710198,8.333333333333332
53.04475421863536,8.333333333333332
53.11812179016875,8.333333333333332
53.191489361702125,8.333333333333332
53.26485693323551,8.333333333333332
53.338224504768895,8.333333333333332
53.41159207630227,8.333333333333332
53.48495964783566,8.333333333333332
53.55832721936904,8.333333333333332
53.631694790902415,8.333333333333332
53.705062362435804,8.333333333333332
53.778429933969186,8.333333333333332
53.85179750550256,8.333333333333332
53.925165077035956,8.333333333333332
53.99853264856933,8.333333333333332
54.07190022010272,8.333333333333332
54.1452677916361,8.333333333333332
54.218635363169476,8.333333333333332
54.292002934702865,8.333333333333332
54.365370506236246,8.333333333333332
54.43873807776962,8.333333333333332
54.51210564930301,8.333333333333332
54.58547322083639,8.333333333333332
54.658840792369766,8.333333333333332
54.732208363903155,8.333333333333332
54.805575935436536,8.333333333333332
54.878943506969925,8.333333333333332
54.9523110785033,8.333333333333332
55.02567865003668,8.333333333333332
55.09904622157007,8.333333333333332
55.172413793103445,8.333333333333332
55.24578136463683,8.333333333333332
55.319148936170215,8.333333333333332
55.39251650770359,8.333333333333332
55.465884079236986,8.333333333333332
55.53925165077036,8.333333333333332
55.612619222303735,8.333333333333332
55.68598679383713,8.333333333333332
55.759354365370505,8.333333333333332
55.83272193690389,8.333333333333332
55.906089508437276,8.333333333333332
55.97945707997065,8.333333333333332
56.05282465150404,8.333333333333332
56.12619222303742,8.333333333333332
56.199559794570796,8.333333333333332
56.272927366104184,8.333333333333332
56.346294937637566,8.333333333333332
56.41966250917094,8.333333333333332
56.49303008070433,8.333333333333332
56.56639765223771,8.333333333333332
56.639765223771086,8.333333333333332
56.713132795304475,8.333333333333332
56.786500366837856,8.333333333333332
56.859867938371245,8.333333333333332
56.93323550990462,8.333333333333332
57.006603081438,8.333333333333332
57.07997065297139,8.333333333333332
57.153338224504765,8.333333333333332
57.226705796038146,8.333333333333332
57.300073367571535,8.333333333333332
57.37344093910492,8.333333333333332
57.446808510638306,8.333333333333332
57.52017608217168,8.333333333333332
57.59354365370506,8.333333333333332
57.66691122523845,8.333333333333332
57.740278796771825,8.333333333333332
57.81364636830521,8.333333333333332
57.887013939838596,8.333333333333332
57.96038151137197,8.333333333333332
58.03374908290535,8.333333333333332
58.10711665443874,8.333333333333332
58.180484225972116,8.333333333333332
58.253851797505504,8.333333333333332
58.327219369038886,8.333333333333332
58.40058694057226,8.333333333333332
58.47395451210565,8.333333333333332
58.54732208363903,8.333333333333332
58.620689655172406,8.333333333333332
58.694057226705795,8.333333333333332
58.767424798239176,8.333333333333332
58.840792369772565,8.333333333333332
58.91415994130595,16.666666666666664
58.98752751283932,16.666666666666664
59.06089508437271,16.666666666666664
59.13426265590609,16.666666666666664
59.207630227439466,16.666666666666664
59.280997798972855,16.666666666666664
59.35436537050624,16.666666666666664
59.427732942039626,16.666666666666664
59.501100513573,16.666666666666664
59.57446808510638,16.666666666666664
59.64783565663977,16.666666666666664
59.721203228173145,16.666666666666664
59.79457079970653,16.666666666666664
59.867938371239916,16.666666666666664
59.94130594277329,16.666666666666664
60.01467351430667,16.666666666666664
60.08804108584006,16.666666666666664
60.161408657373435,16.666666666666664
60.234776228906824,16.666666666666664
60.308143800440206,16.666666666666664
60.38151137197359,16.666666666666664
60.454878943506976,16.666666666666664
60.52824651504035,16.666666666666664
60.60161408657373,16.666666666666664
60.67498165810712,16.666666666666664
60.748349229640496,16.666666666666664
60.821716801173885,16.666666666666664
60.89508437270727,16.666666666666664
60.96845194424064,16.666666666666664
61.04181951577403,16.666666666666664
61.11518708730741,16.666666666666664
61.188554658840786,16.666666666666664
61.261922230374175,16.666666666666664
61.33528980190756,16.666666666666664
61.40865737344093,16.666666666666664
61.48202494497432,16.666666666666664
61.5553925165077,16.666666666666664
61.62876008804109,16.666666666666664
61.702127659574465,16.666666666666664
61.77549523110785,16.666666666666664
61.848862802641236,16.666666666666664
61.92223037417462,16.666666666666664
61.99559794570799,16.666666666666664
62.06896551724138,16.666666666666664
62.14233308877476,16.666666666666664
62.21570066030815,16.666666666666664
62.289068231841526,16.666666666666664
62.36243580337491,16.666666666666664
62.435803374908296,16.666666666666664
62.50917094644167,16.666666666666664
62.58253851797505,16.666666666666664
62.65590608950844,25.0
62.729273661041816,25.0
62.802641232575205,25.0
62.87600880410859,25.0
62.94937637564196,25.0
63.02274394717535,25.0
63.09611151870873,25.0
63.169479090242106,25.0
63.242846661775495,25.0
63.31621423330888,25.0
63.38958180484225,25.0
63.46294937637565,25.0
63.53631694790902,25.0
63.60968451944241,25.0
63.68305209097579,25.0
63.75641966250917,25.0
63.829787234042556,25.0
63.90315480557594,25.0
63.97652237710931,25.0
64.0498899486427,25.0
64.12325752017608,25.0
64.19662509170946,25.0
64.26999266324285,25.0
64.34336023477623,25.0
64.41672780630961,25.0
64.49009537784299,25.0
64.56346294937637,25.0
64.63683052090975,25.0
64.71019809244314,25.0
64.78356566397653,25.0
64.8569332355099,25.0
64.93030080704328,25.0
65.00366837857668,25.0
65.07703595011006,25.0
65.15040352164343,25.0
65.22377109317682,25.0
65.2971386647102,25.0
65.37050623624357,25.0
65.44387380777697,25.0
65.51724137931035,25.0
65.59060895084373,25.0
65.66397652237711,25.0
65.7373440939105,25.0
65.81071166544388,25.0
65.88407923697726,25.0
65.95744680851064,25.0
66.03081438004402,25.0
66.1041819515774,25.0
66.17754952311078,25.0
66.25091709464417,25.0
66.32428466617755,25.0
66.39765223771093,25.0
66.47101980924431,25.0
66.54438738077769,25.0
66.61775495231109,25.0
66.69112252384446,25.0
66.76449009537784,25.0
66.83785766691123,25.0
66.9112252384446,25.0
66.984592809978,25.0
67.05796038151138,25.0
67.13132795304475,25.0
67.20469552457814,33.33333333333333
67.27806309611152,33.33333333333333
67.35143066764489,33.33333333333333
67.42479823917829,33.33333333333333
67.49816581071167,33.33333333333333
67.57153338224505,33.33333333333333
67.64490095377843,33.33333333333333
67.71826852531181,33.33333333333333
67.7916360968452,33.33333333333333
67.86500366837858,33.33333333333333
67.93837123991196,33.33333333333333
68.01173881144534,33.33333333333333
68.08510638297872,33.33333333333333
68.15847395451212,33.33333333333333
68.23184152604549,33.33333333333333
68.30520909757887,33.33333333333333
68.37857666911226,33.33333333333333
68.45194424064563,33.33333333333333
68.52531181217901,33.33333333333333
68.59867938371241,33.33333333333333
68.67204695524578,33.33333333333333
68.74541452677916,33.33333333333333
68.81878209831255,33.33333333333333
68.89214966984592,33.33333333333333
68.96551724137932,33.33333333333333
69.0388848129127,33.33333333333333
69.11225238444607,33.33333333333333
69.18561995597946,33.33333333333333
69.25898752751284,33.33333333333333
69.33235509904621,33.33333333333333
69.4057226705796,33.33333333333333
69.47909024211299,33.33333333333333
69.55245781364637,33.33333333333333
69.62582538517975,33.33333333333333
69.69919295671313,33.33333333333333
69.77256052824652,33.33333333333333
69.8459280997799,33.33333333333333
69.91929567131328,33.33333333333333
69.99266324284666,33.33333333333333
70.06603081438004,33.33333333333333
70.13939838591344,33.33333333333333
70.2127659574468,33.33333333333333
70.28613352898019,33.33333333333333
70.35950110051358,33.33333333333333
70.43286867204695,33.33333333333333
70.50623624358033,33.33333333333333
70.57960381511373,33.33333333333333
70.6529713866471,33.33333333333333
70.72633895818048,33.33333333333333
70.79970652971387,33.33333333333333
70.87307410124724,33.33333333333333
70.94644167278064,33.33333333333333
71.01980924431402,33.33333333333333
71.09317681584739,33.33333333333333
71.16654438738078,33.33333333333333
71.23991195891416,33.33333333333333
71.31327953044753,33.33333333333333
71.38664710198093,33.33333333333333
71.46001467351431,33.33333333333333
71.53338224504769,33.33333333333333
71.60674981658107,33.33333333333333
71.68011738811445,33.33333333333333
71.75348495964784,33.33333333333333
71.82685253118122,33.33333333333333
71.9002201027146,33.33333333333333
71.97358767424798,33.33333333333333
72.04695524578136,33.33333333333333
72.12032281731474,33.33333333333333
72.19369038884813,33.33333333333333
72.2670579603815,33.33333333333333
72.3404255319149,33.33333333333333
72.41379310344827,33.33333333333333
72.48716067498165,33.33333333333333
72.56052824651505,33.33333333333333
72.63389581804842,33.33333333333333
72.7072633895818,33.33333333333333
72.7806309611152,33.33333333333333
72.85399853264856,33.33333333333333
72.92736610418196,33.33333333333333
73.00073367571534,33.33333333333333
73.0741012472487,33.33333333333333
73.1474688187821,33.33333333333333
73.22083639031548,33.33333333333333
73.29420396184886,33.33333333333333
73.36757153338225,33.33333333333333
73.44093910491563,33.33333333333333
73.51430667644901,33.33333333333333
73.58767424798239,33.33333333333333
73.66104181951577,33.33333333333333
73.73440939104916,33.33333333333333
73.80777696258254,33.33333333333333
73.88114453411592,33.33333333333333
73.9545121056493,33.33333333333333
74.02787967718268,33.33333333333333
74.10124724871606,33.33333333333333
74.17461482024945,33.33333333333333
74.24798239178283,33.33333333333333
74.32134996331622,33.33333333333333
74.39471753484959,33.33333333333333
74.46808510638297,33.33333333333333
74.54145267791637,33.33333333333333
74.61482024944974,33.33333333333333
74.68818782098312,33.33333333333333
74.76155539251651,33.33333333333333
74.8349229640499,33.33333333333333
74.90829053558328,33.33333333333333
74.98165810711666,33.33333333333333
75.05502567865004,33.33333333333333
75.12839325018342,33.33333333333333
75.2017608217168,33.33333333333333
75.27512839325018,33.33333333333333
75.34849596478357,33.33333333333333
75.42186353631695,33.33333333333333
75.49523110785033,33.33333333333333
75.56859867938371,33.33333333333333
75.6419662509171,33.33333333333333
75.71533382245048,33.33333333333333
75.78870139398386,33.33333333333333
75.86206896551724,41.66666666666667
75.93543653705062,41.66666666666667
76.008804108584,41.66666666666667
76.08217168011738,41.66666666666667
76.15553925165077,41.66666666666667
76.22890682318415,41.66666666666667
76.30227439471754,41.66666666666667
76.37564196625092,41.66666666666667
76.44900953778429,41.66666666666667
76.52237710931769,41.66666666666667
76.59574468085107,41.66666666666667
76.66911225238444,41.66666666666667
76.74247982391783,41.66666666666667
76.81584739545121,41.66666666666667
76.8892149669846,41.66666666666667
76.96258253851798,41.66666666666667
77.03595011005136,41.66666666666667
77.10931768158474,41.66666666666667
77.18268525311812,41.66666666666667
77.2560528246515,41.66666666666667
77.32942039618489,41.66666666666667
77.40278796771827,41.66666666666667
77.47615553925165,41.66666666666667
77.54952311078503,41.66666666666667
77.62289068231841,41.66666666666667
77.6962582538518,41.66666666666667
77.76962582538518,41.66666666666667
77.84299339691856,41.66666666666667
77.91636096845195,41.66666666666667
77.98972853998532,41.66666666666667
78.0630961115187,41.66666666666667
78.1364636830521,41.66666666666667
78.20983125458547,41.66666666666667
78.28319882611886,41.66666666666667
78.35656639765224,41.66666666666667
78.42993396918561,41.66666666666667
78.50330154071901,41.66666666666667
78.57666911225239,41.66666666666667
78.65003668378576,41.66666666666667
78.72340425531915,41.66666666666667
78.79677182685253,41.66666666666667
78.87013939838592,41.66666666666667
78.9435069699193,41.66666666666667
79.01687454145268,41.66666666666667
79.09024211298606,41.66666666666667
79.16360968451944,41.66666666666667
79.23697725605282,41.66666666666667
79.3103448275862,41.66666666666667
79.38371239911959,41.66666666666667
79.45707997065297,41.66666666666667
79.53044754218635,41.66666666666667
79.60381511371973,41.66666666666667
79.67718268525313,41.66666666666667
79.7505502567865,41.66666666666667
79.82391782831988,41.66666666666667
79.89728539985327,41.66666666666667
79.97065297138664,41.66666666666667
80.04402054292002,41.66666666666667
80.11738811445342,41.66666666666667
80.19075568598679,41.66666666666667
80.26412325752018,41.66666666666667
80.33749082905356,41.66666666666667
80.41085840058693,41.66666666666667
80.48422597212033,41.66666666666667
80.55759354365371,41.66666666666667
80.63096111518708,41.66666666666667
80.70432868672047,41.66666666666667
80.77769625825385,41.66666666666667
80.85106382978722,41.66666666666667
80.92443140132062,41.66666666666667
80.997798972854,41.66666666666667
81.07116654438738,41.66666666666667
81.14453411592076,41.66666666666667
81.21790168745414,41.66666666666667
81.29126925898753,41.66666666666667
81.36463683052091,41.66666666666667
81.43800440205429,41.66666666666667
81.51137197358767,41.66666666666667
81.58473954512105,41.66666666666667
81.65810711665445,41.66666666666667
81.73147468818782,41.66666666666667
81.8048422597212,41.66666666666667
81.8782098312546,41.66666666666667
81.95157740278796,41.66666666666667
82.02494497432134,41.66666666666667
82.09831254585474,41.66666666666667
82.1716801173881,41.66666666666667
82.2450476889215,41.66666666666667
82.31841526045488,41.66666666666667
82.39178283198825,41.66666666666667
82.46515040352165,41.66666666666667
82.53851797505503,41.66666666666667
82.61188554658841,41.66666666666667
82.68525311812179,41.66666666666667
82.75862068965517,41.66666666666667
82.83198826118856,41.66666666666667
82.90535583272194,41.66666666666667
82.97872340425532,41.66666666666667
83.0520909757887,41.66666666666667
83.12545854732208,41.66666666666667
83.19882611885546,41.66666666666667
83.27219369038885,41.66666666666667
83.34556126192223,41.66666666666667
83.41892883345561,41.66666666666667
83.49229640498899,41.66666666666667
83.56566397652237,41.66666666666667
83.63903154805577,41.66666666666667
83.71239911958914,41.66666666666667
83.78576669112252,41.66666666666667
83.85913426265591,41.66666666666667
83.93250183418928,41.66666666666667
84.00586940572266,41.66666666666667
84.07923697725606,41.66666666666667
84.15260454878944,41.66666666666667
84.22597212032281,41.66666666666667
84.2993396918562,41.66666666666667
84.37270726338959,41.66666666666667
84.44607483492297,41.66666666666667
84.51944240645635,41.66666666666667
84.59280997798973,41.66666666666667
84.66617754952311,41.66666666666667
84.7395451210565,41.66666666666667
84.81291269258988,41.66666666666667
84.88628026412326,41.66666666666667
84.95964783565664,41.66666666666667
85.03301540719002,41.66666666666667
85.1063829787234,41.66666666666667
85.17975055025678,41.66666666666667
85.25311812179017,41.66666666666667
85.32648569332355,41.66666666666667
85.39985326485693,41.66666666666667
85.47322083639031,41.66666666666667
85.5465884079237,41.66666666666667
85.61995597945709,41.66666666666667
85.69332355099047,41.66666666666667
85.76669112252384,41.66666666666667
85.84005869405723,41.66666666666667
85.91342626559062,41.66666666666667
85.98679383712398,41.66666666666667
86.06016140865738,41.66666666666667
86.13352898019076,41.66666666666667
86.20689655172413,41.66666666666667
86.28026412325752,41.66666666666667
86.3536316947909,41.66666666666667
86.42699926632429,41.66666666666667
86.50036683785767,41.66666666666667
86.57373440939105,41.66666666666667
86.64710198092443,41.66666666666667
86.72046955245781,41.66666666666667
86.7938371239912,41.66666666666667
86.86720469552458,41.66666666666667
86.94057226705796,41.66666666666667
87.01393983859134,41.66666666666667
87.08730741012472,41.66666666666667
87.1606749816581,41.66666666666667
87.2340425531915,41.66666666666667
87.30741012472487,41.66666666666667
87.38077769625825,41.66666666666667
87.45414526779165,50.0
87.52751283932501,50.0
87.60088041085841,50.0
87.67424798239179,50.0
87.74761555392516,50.0
87.82098312545855,50.0
87.89435069699194,50.0
87.9677182685253,50.0
88.0410858400587,50.0
88.11445341159208,50.0
88.18782098312545,50.0
88.26118855465884,50.0
88.33455612619223,50.0
88.40792369772561,50.0
88.48129126925899,50.0
88.55465884079237,50.0
88.62802641232575,50.0
88.70139398385913,50.0
88.77476155539252,50.0
88.8481291269259,50.0
88.92149669845928,50.0
88.99486426999268,50.0
89.06823184152604,50.0
89.14159941305942,50.0
89.21496698459282,50.0
89.28833455612619,50.0
89.36170212765957,50.0
89.43506969919297,50.0
89.50843727072633,50.0
89.58180484225971,50.0
89.65517241379311,50.0
89.72853998532648,50.0
89.80190755685987,50.0
89.87527512839326,50.0
89.94864269992662,50.0
90.02201027146002,50.0
90.0953778429934,50.0
90.16874541452677,50.0
90.24211298606016,50.0
90.31548055759355,50.0
90.38884812912693,50.0
90.46221570066031,50.0
90.53558327219369,50.0
90.60895084372707,50.0
90.68231841526045,50.0
90.75568598679384,50.0
90.82905355832722,50.0
90.9024211298606,50.0
90.975788701394,50.0
91.04915627292736,50.0
91.12252384446074,50.0
91.19589141599414,50.0
91.26925898752751,50.0
91.34262655906089,50.0
91.41599413059429,50.0
91.48936170212765,50.0
91.56272927366103,50.0
91.63609684519443,50.0
91.7094644167278,50.0
91.7828319882612,50.0
91.85619955979458,50.0
91.92956713132794,50.0
92.00293470286134,50.0
92.07630227439472,50.0
92.14966984592809,50.0
92.22303741746148,50.0
92.29640498899487,58.333333333333336
92.36977256052825,58.333333333333336
92.44314013206163,58.333333333333336
92.51650770359501,58.333333333333336
92.58987527512839,58.333333333333336
92.66324284666177,58.333333333333336
92.73661041819516,58.333333333333336
92.80997798972854,58.333333333333336
92.88334556126192,58.333333333333336
92.95671313279531,58.333333333333336
93.03008070432868,58.333333333333336
93.10344827586206,58.333333333333336
93.17681584739546,58.333333333333336
93.25018341892883,58.333333333333336
93.32355099046221,58.333333333333336
93.3969185619956,58.333333333333336
93.47028613352897,58.333333333333336
93.54365370506235,58.333333333333336
93.61702127659575,58.333333333333336
93.69038884812912,58.333333333333336
93.76375641966251,58.333333333333336
93.8371239911959,58.333333333333336
93.91049156272928,58.333333333333336
93.98385913426266,58.333333333333336
94.05722670579604,58.333333333333336
94.13059427732942,58.333333333333336
94.2039618488628,58.333333333333336
94.27732942039619,58.333333333333336
94.35069699192957,58.333333333333336
94.42406456346295,58.333333333333336
94.49743213499633,58.333333333333336
94.57079970652971,58.333333333333336
94.6441672780631,58.333333333333336
94.71753484959648,66.66666666666666
94.79090242112986,66.66666666666666
94.86426999266324,66.66666666666666
94.93763756419662,66.66666666666666
95.01100513573,66.66666666666666
95.08437270726338,66.66666666666666
95.15774027879678,66.66666666666666
95.23110785033015,66.66666666666666
95.30447542186353,66.66666666666666
95.37784299339692,66.66666666666666
95.4512105649303,66.66666666666666
95.52457813646367,66.66666666666666
95.59794570799707,66.66666666666666
95.67131327953045,66.66666666666666
95.74468085106383,66.66666666666666
95.81804842259722,66.66666666666666
95.8914159941306,66.66666666666666
95.96478356566398,66.66666666666666
96.03815113719736,66.66666666666666
96.11151870873074,66.66666666666666
96.18488628026412,66.66666666666666
96.2582538517975,66.66666666666666
96.33162142333089,66.66666666666666
96.40498899486427,66.66666666666666
96.47835656639765,66.66666666666666
96.55172413793103,66.66666666666666
96.62509170946441,66.66666666666666
96.6984592809978,66.66666666666666
96.77182685253118,66.66666666666666
96.84519442406456,66.66666666666666
96.91856199559794,66.66666666666666
96.99192956713134,66.66666666666666
97.0652971386647,66.66666666666666
97.1386647101981,66.66666666666666
97.21203228173148,66.66666666666666
97.28539985326485,66.66666666666666
97.35876742479824,66.66666666666666
97.43213499633163,66.66666666666666
97.505502567865,75.0
97.57887013939839,75.0
97.65223771093177,75.0
97.72560528246515,75.0
97.79897285399854,75.0
97.87234042553192,75.0
97.9457079970653,75.0
98.01907556859868,75.0
98.09244314013206,75.0
98.16581071166544,75.0
98.23917828319883,75.0
98.3125458547322,75.0
98.38591342626559,75.0
98.45928099779897,75.0
98.53264856933237,75.0
98.60601614086573,75.0
98.67938371239912,75.0
98.75275128393251,83.33333333333334
98.82611885546588,83.33333333333334
98.89948642699926,83.33333333333334
98.97285399853266,83.33333333333334
99.04622157006602,83.33333333333334
99.11958914159942,83.33333333333334
99.1929567131328,83.33333333333334
99.26632428466617,91.66666666666666
99.33969185619956,91.66666666666666
99.41305942773295,91.66666666666666
99.48642699926631,91.66666666666666
99.55979457079971,91.66666666666666
99.63316214233309,91.66666666666666
99.70652971386647,100.0
99.77989728539985,100.0
99.85326485693324,100.0
99.92663242846662,100.0
100.0,100.0
