population,lift
0.07336757153338225,0.0
0.1467351430667645,0.0
0.22010271460014674,0.0
0.293470286133529,0.0
0.36683785766691124,0.0
0.4402054292002935,0.0
0.5135730007336757,0.0
0.586940572267058,0.0
0.6603081438004402,0.0
0.7336757153338225,0.0
0.8070432868672046,0.0
0.880410858400587,0.0
0.9537784299339692,0.0
1.0271460014673515,0.0
1.1005135730007336,0.0
1.173881144534116,0.0
1.247248716067498,0.0
1.3206162876008805,0.0
1.3939838591342628,0.0
1.467351430667645,0.0
1.540719002201027,0.0
1.6140865737344092,0.0
1.6874541452677916,0.0
1.760821716801174,0.0
1.834189288334556,0.0
1.9075568598679384,0.0
1.9809244314013204,0.0
2.054292002934703,0.0
2.127659574468085,0.0
2.201027146001467,0.0
2.27439471753485,0.0
2.347762289068232,0.0
2.421129860601614,0.0
2.494497432134996,0.0
2.5678650036683783,0.0
2.641232575201761,0.0
2.714600146735143,0.0
2.7879677182685256,0.0
2.8613352898019073,0.0
2.93470286133529,0.0
3.008070432868672,0.0
3.081438004402054,0.0
3.1548055759354363,0.0
3.2281731474688184,0.0
3.301540719002201,0.0
3.374908290535583,0.0
3.4482758620689653,0.0
3.521643433602348,0.0
3.59501100513573,0.0
3.668378576669112,0.0
3.7417461482024947,0.0
3.815113719735877,0.0
3.8884812912692595,0.0
3.9618488628026407,0.0
4.035216434336023,0.0
4.108584005869406,0.0
4.181951577402788,0.0
4.25531914893617,0.0
4.328686720469553,0.0
4.402054292002934,0.0
4.475421863536317,0.0
4.5487894350697,0.0
4.622157006603081,0.0
4.695524578136464,0.0
4.768892149669846,0.0
4.842259721203228,0.0
4.91562729273661,0.0
4.988994864269992,0.0
5.062362435803375,0.0
5.135730007336757,0.0
5.209097578870139,0.0
5.282465150403522,0.0
5.355832721936904,0.0
5.429200293470286,0.0
5.502567865003669,0.0
5.575935436537051,0.0
5.649303008070433,0.0
5.722670579603815,0.0
5.796038151137197,0.0
5.86940572267058,0.0
5.9427732942039615,0.0
6.016140865737344,0.0
6.089508437270727,0.0
6.162876008804108,0.0
6.236243580337491,0.0
6.309611151870873,0.0
6.382978723404255,0.0
6.456346294937637,0.0
6.5297138664710195,0.0
6.603081438004402,0.0
6.676449009537784,0.0
6.749816581071166,0.0
6.823184152604549,0.0
6.896551724137931,0.0
6.969919295671313,0.0
7.043286867204696,0.0
7.1166544387380775,0.0
7.19002201027146,0.0
7.263389581804843,0.0
7.336757153338224,0.0
7.410124724871607,0.0
7.4834922964049895,0.0
7.556859867938372,0.0
7.630227439471754,0.0
7.703595011005136,0.0
7.776962582538519,0.0
7.850330154071901,0.0
7.923697725605281,0.0
7.997065297138664,0.0
8.070432868672047,0.0
8.143800440205428,0.0
8.217168011738812,0.0
8.290535583272193,0.0
8.363903154805575,0.0
8.437270726338959,0.0
8.51063829787234,0.0
8.584005869405722,0.0
8.657373440939105,0.0
8.730741012472487,0.0
8.804108584005869,0.0
8.877476155539252,0.0
8.950843727072634,0.0
9.024211298606016,0.0
9.0975788701394,0.0
9.17094644167278,0.0
9.244314013206163,0.0
9.317681584739546,0.0
9.391049156272928,0.0
9.46441672780631,0.0
9.537784299339693,0.0
9.611151870873075,0.0
9.684519442406456,0.0
9.757887013939838,0.0
9.83125458547322,0.0
9.904622157006603,0.0
9.977989728539985,0.0
10.051357300073366,0.0
10.12472487160675,0.0
10.198092443140132,0.0
10.271460014673513,0.0
10.344827586206897,0.0
10.418195157740278,0.0
10.49156272927366,0.0
10.564930300807044,0.0
10.638297872340425,0.0
10.711665443873809,0.0
10.78503301540719,0.0
10.858400586940572,0.0
10.931768158473956,0.0
11.005135730007337,0.0
11.078503301540719,0.0
11.151870873074103,0.0
11.225238444607484,0.0
11.298606016140866,0.0
11.37197358767425,0.0
11.44534115920763,0.0
11.518708730741011,0.0
11.592076302274394,0.0
11.665443873807776,0.0
11.73881144534116,0.0
11.812179016874541,0.0
11.885546588407923,0.0
11.958914159941306,0.0
12.032281731474688,0.0
12.10564930300807,0.0
12.179016874541453,0.0
12.252384446074835,0.0
12.325752017608217,0.0
12.3991195891416,0.0
12.472487160674982,0.0
12.545854732208364,0.0
12.619222303741745,0.0
12.692589875275129,0.0
12.76595744680851,0.0
12.839325018341894,0.0
12.912692589875274,0.0
12.986060161408657,0.0
13.059427732942039,0.0
13.132795304475422,0.0
13.206162876008804,0.0
13.279530447542188,0.0
13.352898019075568,0.0
13.426265590608951,0.0
13.499633162142333,0.0
13.573000733675716,0.0
13.646368305209098,0.0
13.719735876742481,0.0
13.793103448275861,0.0
13.866471019809246,0.0
13.939838591342626,0.0
14.01320616287601,0.0
14.086573734409392,0.0
14.159941305942771,0.0
14.233308877476155,0.0
14.306676449009537,0.0
14.38004402054292,0.0
14.453411592076302,0.0
14.526779163609685,0.0
14.600146735143065,0.0
14.673514306676449,0.0
14.74688187820983,0.0
14.820249449743214,0.0
14.893617021276595,0.0
14.966984592809979,0.0
15.040352164343359,0.0
15.113719735876744,0.0
15.187087307410124,0.0
15.260454878943507,0.0
15.33382245047689,0.0
15.407190022010273,0.0
15.480557593543654,0.0
15.553925165077038,0.0
15.627292736610418,0.0
15.700660308143801,0.0
15.774027879677183,0.0
15.847395451210563,0.0
15.920763022743948,0.0
15.994130594277328,0.0
16.06749816581071,0.0
16.140865737344093,0.0
16.214233308877475,0.0
16.287600880410857,0.0
16.36096845194424,0.0
16.434336023477623,0.0
16.507703595011005,0.0
16.581071166544387,0.0
16.654438738077772,0.0
16.72780630961115,0.0
16.801173881144535,0.0
16.874541452677917,0.0
16.9479090242113,0.0
17.02127659574468,0.0
17.094644167278066,0.0
17.168011738811444,0.0
17.24137931034483,0.0
17.31474688187821,0.0
17.388114453411593,0.0
17.461482024944974,0.0
17.53484959647836,0.0
17.608217168011738,0.0
17.68158473954512,0.0
17.754952311078505,0.0
17.828319882611883,0.0
17.901687454145268,0.0
17.97505502567865,0.0
18.04842259721203,0.0
18.121790168745413,0.0
18.1951577402788,0.0
18.268525311812176,0.0
18.34189288334556,0.0
18.415260454878943,0.0
18.488628026412325,0.0
18.561995597945707,0.0
18.635363169479092,0.0
18.708730741012474,0.0
18.782098312545855,0.0
18.855465884079237,0.0
18.92883345561262,0.0
19.002201027146,0.0
19.075568598679386,0.0
19.148936170212767,0.0
19.22230374174615,0.0
19.29567131327953,0.0
19.369038884812912,0.0
19.442406456346294,0.0
19.515774027879676,0.0
19.58914159941306,0.0
19.66250917094644,0.0
19.735876742479824,0.0
19.809244314013206,0.0
19.882611885546588,0.0
19.95597945707997,0.0
20.029347028613355,0.0
20.102714600146733,0.0
20.176082171680118,0.0
20.2494497432135,0.0
20.32281731474688,0.0
20.396184886280263,0.0
20.46955245781365,0.0
20.542920029347027,0.0
20.616287600880412,0.0
20.689655172413794,0.0
20.763022743947175,0.0
20.836390315480557,0.0
20.909757887013942,0.0
20.98312545854732,0.0
21.056493030080702,0.0
21.129860601614087,0.0
21.20322817314747,0.0
21.27659574468085,0.0
21.349963316214232,0.0
21.423330887747618,0.0
21.496698459280996,0.0
21.57006603081438,0.0
21.643433602347763,0.0
21.716801173881144,0.0
21.790168745414526,0.0
21.86353631694791,0.0
21.93690388848129,0.0
22.010271460014675,0.0
22.083639031548056,0.0
22.157006603081438,0.0
22.23037417461482,0.0
22.303741746148205,0.0
22.377109317681583,0.0
22.45047688921497,0.0
22.52384446074835,0.0
22.597212032281732,0.0
22.670579603815114,0.0
22.7439471753485,0.0
22.817314746881877,0.0
22.89068231841526,0.0
22.964049889948644,0.0
23.037417461482022,0.0
23.110785033015407,0.0
23.18415260454879,0.0
23.25752017608217,0.0
23.330887747615552,0.0
23.404255319148938,0.0
23.47762289068232,0.0
23.5509904622157,0.0
23.624358033749083,0.0
23.697725605282464,0.0
23.771093176815846,0.0
23.84446074834923,0.0
23.917828319882613,0.0
23.991195891415995,0.0
24.064563462949376,0.0
24.137931034482758,0.0
24.21129860601614,0.0
24.284666177549525,0.0
24.358033749082907,0.0
24.43140132061629,0.0
24.50476889214967,0.0
24.57813646368305,0.0
24.651504035216433,0.0
24.724871606749815,0.0
24.7982391782832,0.0
24.87160674981658,0.0
24.944974321349964,0.0
25.018341892883345,0.0
25.091709464416727,0.0
25.165077035950112,0.0
25.23844460748349,0.0
25.311812179016872,0.0
25.385179750550257,0.0
25.458547322083643,0.0
25.53191489361702,0.0
25.605282465150403,0.0
25.678650036683788,0.0
25.75201760821717,0.0
25.825385179750548,0.0
25.898752751283933,0.0
25.972120322817315,0.0
26.0454878943507,0.0
26.118855465884078,0.0
26.192223037417463,0.0
26.265590608950845,0.0
26.338958180484223,0.0
26.41232575201761,0.0
26.48569332355099,0.0
26.559060895084375,0.0
26.632428466617753,0.0
26.705796038151135,0.0
26.77916360968452,0.0
26.852531181217902,0.0
26.92589875275128,0.0
26.999266324284665,0.0
27.07263389581805,0.0
27.146001467351432,0.0
27.21936903888481,0.0
27.292736610418196,0.0
27.366104181951577,0.0
27.439471753484963,0.0
27.51283932501834,0.0
27.586206896551722,0.0
27.659574468085108,0.0
27.732942039618493,0.0
27.806309611151868,0.0
27.879677182685253,0.0
27.953044754218638,0.0
28.02641232575202,0.0
28.099779897285398,0.0
28.173147468818783,0.0
28.246515040352165,0.0
28.319882611885543,0.0
28.393250183418928,0.0
28.46661775495231,0.0
28.539985326485695,0.0
28.613352898019073,0.0
28.68672046955246,0.0
28.76008804108584,0.0
28.833455612619225,0.0
28.906823184152604,0.0
28.980190755685985,0.0
29.05355832721937,0.0
29.126925898752752,0.0
29.20029347028613,0.0
29.273661041819516,0.0
29.347028613352897,0.0
29.420396184886282,0.0
29.49376375641966,0.0
29.567131327953046,0.0
29.640498899486428,0.0
29.713866471019813,0.0
29.78723404255319,0.0
29.860601614086573,0.0
29.933969185619958,0.0
30.007336757153336,0.0
30.080704328686718,0.0
30.154071900220103,0.0
30.227439471753488,0.0
30.300807043286866,0.0
30.374174614820248,0.0
30.447542186353633,0.0
30.520909757887015,0.0
30.594277329420393,0.0
30.66764490095378,0.0
30.74101247248716,0.0
30.814380044020545,0.0
30.887747615553923,0.0
30.96111518708731,0.0
31.03448275862069,0.0
31.107850330154076,0.0
31.181217901687454,0.0
31.254585473220835,0.0
31.32795304475422,0.0
31.401320616287602,0.0
31.47468818782098,0.0
31.548055759354366,0.0
31.621423330887747,0.0
31.694790902421126,0.0
31.76815847395451,0.0
31.841526045487896,0.0
31.914893617021278,0.0
31.988261188554656,0.0
32.06162876008804,0.0
32.13499633162142,0.0
32.208363903154805,0.0
32.281731474688186,0.0
32.35509904622157,0.0
32.42846661775495,0.0
32.50183418928834,0.0
32.57520176082171,0.0
32.6485693323551,0.2552434456928838
32.72193690388848,0.25467115097159937
32.795304475421865,0.2541014168530947
32.86867204695525,0.25353422619047616
32.94203961848863,0.2529695619896065
33.01540719002201,0.25240740740740736
33.08877476155539,0.25184774575018476
33.162142333088774,0.2512905604719764
33.235509904622155,0.25073583517292125
33.308877476155544,0.25018355359765043
33.38224504768892,0.2496336996336996
33.4556126192223,0.24908625730994152
33.52898019075569,0.24854121079504005
33.60234776228907,0.24799854439592425
33.675715333822446,0.24745824255628177
33.749082905355834,0.24692028985507242
33.822450476889216,0.24638467100506142
33.8958180484226,0.24585137085137082
33.96918561995598,0.24532037437005036
34.04255319148936,0.24479166666666663
34.11592076302274,0.24426523297491037
34.18928833455613,0.24374105865522167
34.262655906089506,0.24321912919343325
34.33602347762289,0.2426994301994302
34.40939104915628,0.24218194740582794
34.48275862068966,0.2416666666666666
34.55612619222303,0.24115357395612172
34.62949376375642,0.2406426553672316
34.7028613352898,0.24013389711064126
34.776228906823185,0.23962728551336143
34.84959647835657,0.23912280701754382
34.92296404988995,0.23862044817927167
34.99633162142333,0.23812019566736545
35.06969919295672,0.23762203626220355
35.143066764490094,0.2371259568545581
35.216434336023475,0.23663194444444444
35.289801907556864,0.23613998613998607
35.36316947909024,0.23565006915629322
35.43653705062362,0.23516218081435472
35.50990462215701,0.23467630853994487
35.58327219369039,0.2341924398625429
35.656639765223765,0.23371056241426613
35.730007336757154,0.23323066392881583
35.803374908290536,0.23275273224043713
35.87674247982392,0.2322767552828902
35.9501100513573,0.23180272108843536
36.02347762289068,0.23133061778682956
36.09684519442406,0.23086043360433603
36.17021276595745,0.23039215686274503
36.243580337490826,0.22992577597840755
36.31694790902421,0.22946127946127945
36.3903154805576,0.22899865591397844
36.46368305209098,0.22853789403085173
36.53705062362435,0.2280789825970549
36.61041819515774,0.2276219104876419
36.68378576669112,0.22716666666666663
36.757153338224505,0.22671324018629405
36.83052090975789,0.22626162018592294
36.90388848129127,0.22581179589131872
36.97725605282465,0.2253637566137566
37.05062362435803,0.22491749174917489
37.12399119589141,0.2244729907773386
37.197358767424795,0.22403024326101248
37.270726338958184,0.2235892388451443
37.34409391049156,0.22314996725605762
37.41746148202495,0.22271241830065355
37.49082905355833,0.2222765818656229
37.56419662509171,0.22184244791666663
37.63756419662509,0.22141000649772577
37.710931768158474,0.22097924773022046
37.784299339691856,0.2205501618122977
37.85766691122524,0.22012273901808782
37.93103448275862,0.21969696969696967
38.004402054292,0.21927284427284424
38.07776962582538,0.2188503532434168
38.15113719735877,0.21842948717948713
38.224504768892146,0.21801023672424824
38.297872340425535,0.21759259259259253
38.37123991195892,0.21717654557042698
38.4446074834923,0.21676208651399487
38.51797505502568,0.21634920634920632
38.59134262655906,0.21593789607097588
38.66471019809244,0.21552814674256796
38.738077769625825,0.21511994949494948
38.81144534115921,0.21471329552614996
38.88481291269259,0.2143081761006289
38.95818048422598,0.21390458254865027
39.03154805575935,0.21350250626566414
39.10491562729273,0.2131019387116948
39.17828319882612,0.21270287141073654
39.251650770359504,0.2123052959501557
39.32501834189288,0.2119092039800995
39.39838591342627,0.2115145872129112
39.47175348495965,0.21112143742255263
39.54512105649303,0.2107297464440321
39.61848862802641,0.21033950617283947
39.691856199559794,0.2099507085643869
39.765223771093176,0.2095633456334563
39.838591342626565,0.20917740945365249
39.91195891415994,0.20879289215686272
39.98532648569332,0.2084097859327217
40.05869405722671,0.20802808302808298
40.13206162876009,0.20764777574649598
40.205429200293466,0.20726885644768855
40.278796771826855,0.2068913175470552
40.352164343360236,0.20651515151515148
40.42553191489361,0.20614035087719298
40.498899486427,0.20576690821256036
40.57226705796038,0.2053948161543098
40.64563462949376,0.2050240673886883
40.719002201027145,0.20465465465465463
40.79236977256053,0.20428657074340525
40.86573734409391,0.20391980849790542
40.9391049156273,0.20355436081242528
41.01247248716067,0.2031902206320811
41.08584005869405,0.20282738095238095
41.15920763022744,0.20246583481877595
41.232575201760824,0.20210557532621587
41.305942773294205,0.20174659561870925
41.37931034482759,0.20138888888888887
41.45267791636097,0.20103244837758108
41.52604548789435,0.20067726737338043
41.59941305942773,0.20032333921222809
41.672780630961114,0.19997065727699528
41.746148202494496,0.19961921499707086
41.819515774027884,0.19926900584795318
41.89288334556126,0.19892002335084646
41.96625091709464,0.19857226107226106
42.03961848862803,0.19822571262361835
42.112986060161404,0.19788037166085945
42.18635363169479,0.19753623188405794
42.259721203228175,0.197193287037037
42.333088774761556,0.19685153090699015
42.40645634629494,0.1965109573241061
42.47982391782832,0.19617156016119744
42.5531914893617,0.1958333333333333
42.62655906089508,0.19549627079747559
42.699926632428465,0.1951603665521191
42.77329420396185,0.19482561463693537
42.846661775495235,0.19449200913242004
42.92002934702862,0.19415954415954412
42.99339691856199,0.1938282138794084
43.06676449009538,0.19349801249290172
43.14013206162876,0.19316893424036277
43.213499633162144,0.192840973401245
43.286867204695525,0.19251412429378528
43.36023477622891,0.19218838127467566
43.43360234776229,0.19186373873873871
43.50696991929567,0.19154019111860593
43.58033749082905,0.19121773288439953
43.653705062362434,0.19089635854341735
43.72707263389582,0.190576062639821
43.800440205429204,0.19025683975432714
43.87380777696258,0.1899386845039019
43.94717534849597,0.18962159154145794
44.02054292002935,0.1893055555555555
44.093910491562724,0.18899057127010538
44.16727806309611,0.18867663344407526
44.240645634629495,0.18836373687119953
44.314013206162876,0.18805187637969092
44.38738077769626,0.1877410468319559
44.46074834922964,0.18743124312431242
44.53411592076302,0.18712246018671058
44.60748349229641,0.1868146929824561
44.680851063829785,0.18650793650793648
44.754218635363166,0.1862021857923497
44.827586206896555,0.18589743589743585
44.90095377842994,0.1855936819172113
44.97432134996331,0.18529091897770528
45.0476889214967,0.1849891422366992
45.12105649303008,0.1846883468834688
45.194424064563464,0.1843885281385281
45.267791636096845,0.18408968125337652
45.34115920763023,0.1837918015102481
45.41452677916361,0.1834948842218632
45.487894350697,0.18319892473118274
45.56126192223037,0.18290391841116477
45.634629493763754,0.18260986066452303
45.70799706529714,0.18231674692348845
45.78136463683052,0.18202457264957264
45.8547322083639,0.18173333333333333
45.92809977989729,0.18144302449414268
46.00146735143067,0.18115364167995743
46.074834922964044,0.1808651804670913
46.14820249449743,0.18057763645998937
46.221570066030814,0.18029100529100525
46.294937637564196,0.1800052826201796
46.36830520909758,0.17972046413502107
46.44167278063096,0.1794365455502896
46.51504035216434,0.17915352260778128
46.58840792369773,0.17887139107611544
46.661775495231105,0.1785901467505241
46.735143066764486,0.1783097854526426
46.808510638297875,0.17803030303030298
46.88187820983126,0.17775169535732913
46.95524578136464,0.1774739583333333
47.02861335289802,0.17719708788351532
47.1019809244314,0.1769210799584631
47.17534849596478,0.1766459305339554
47.248716067498165,0.17637163561076602
47.32208363903155,0.17609819121447026
47.39545121056493,0.17582559339525283
47.46881878209831,0.17555383822771767
47.54218635363169,0.17528292181069957
47.615553925165074,0.17501284026707753
47.68892149669846,0.1747435897435897
47.76228906823184,0.17447516641065028
47.835656639765226,0.17420756646216765
47.90902421129861,0.17394078611536495
47.98239178283199,0.1736748216106014
48.05575935436537,0.1734096692111959
48.12912692589875,0.17314532520325202
48.202494497432134,0.1728817858954845
48.275862068965516,0.1726190476190476
48.3492296404989,0.17235710672736468
48.42259721203228,0.17209595959595958
48.49596478356567,0.17183560262228942
48.56933235509905,0.17157603222557902
48.642699926632424,0.1713172448466566
48.71606749816581,0.17105923694779113
48.789435069699195,0.1708020050125313
48.86280264123258,0.17054554554554552
48.93617021276596,0.17028985507246375
49.00953778429934,0.17003493013972054
49.08290535583272,0.1697807673143996
49.1562729273661,0.16952736318407957
49.229640498899485,0.16927471435668154
49.30300807043287,0.16902281746031744
49.376375641966256,0.16877166914314012
49.44974321349963,0.16852126607319484
49.52311078503301,0.1682716049382716
49.5964783565664,0.16802268244575932
49.66984592809978,0.1677744953225012
49.74321349963316,0.16752704031465093
49.816581071166546,0.16728031418753064
49.88994864269993,0.16703431372549016
49.96331621423331,0.16678903573176698
50.03668378576669,0.166544477028348
50.11005135730008,0.16630063445583207
50.183418928833454,0.16605750487329432
50.256786500366836,0.16581508515815083
50.330154071900225,0.16557337220602522
50.4035216434336,0.1653323629306162
50.47688921496698,0.16509205426356588
50.55025678650037,0.16485244315432993
50.623624358033744,0.1646135265700483
50.69699192956713,0.16437530149541724
50.770359501100515,0.1641377649325626
50.8437270726339,0.16390091390091388
50.917094644167285,0.16366474543707968
50.99046221570066,0.1634292565947242
51.06382978723404,0.16319444444444442
51.13719735876743,0.16296030607364892
51.210564930300805,0.1627268385864374
51.28393250183419,0.16249403910348115
51.357300073367576,0.16226190476190472
51.43066764490095,0.1620304327151688
51.50403521643434,0.16179962013295343
51.57740278796772,0.16156946420104312
51.650770359501095,0.16133996212121213
51.724137931034484,0.1611111111111111
51.797505502567866,0.16088290840415484
51.87087307410124,0.16065535124941066
51.94424064563463,0.16042843691148773
52.01760821716801,0.1602021626704278
52.0909757887014,0.15997652582159622
52.164343360234774,0.1597515236755743
52.237710931768156,0.15952715355805241
52.311078503301545,0.15930341280972413
52.384446074834926,0.1590802987861811
52.4578136463683,0.15885780885780884
52.53118121790169,0.1586359404096834
52.60454878943507,0.15841469084146906
52.677916360968446,0.1581940575673166
52.751283932501835,0.1579740380157626
52.82465150403522,0.1577546296296296
52.898019075568605,0.1575358298659269
52.97138664710198,0.1573176361957525
53.04475421863536,0.15710004610419545
53.11812179016875,0.15688305709023936
53.191489361702125,0.15666666666666665
53.26485693323551,0.15645087235996324
53.338224504768895,0.15623567171022465
53.41159207630227,0.15602106227106227
53.48495964783566,0.15580704160951073
53.55832721936904,0.15559360730593605
53.631694790902415,0.15538075695394438
53.705062362435804,0.1551684881602914
53.778429933969186,0.15495679854479308
53.85179750550256,0.15474568574023614
53.925165077035956,0.1545351473922902
53.99853264856933,0.15432518115942026
54.07190022010272,0.1541157847127996
54.1452677916361,0.15390695573622398
54.218635363169476,0.15369869192602614
54.292002934702865,0.15349099099099095
54.365370506236246,0.15328385065227168
54.43873807776962,0.15307726864330637
54.51210564930301,0.1528712427097353
54.58547322083639,0.15266577060931896
54.658840792369766,0.1524608501118568
54.732208363903155,0.15225647899910633
54.805575935436536,0.15205265506470325
54.878943506969925,0.15184937611408195
54.9523110785033,0.15164663996439695
55.02567865003668,0.15144444444444444
55.09904622157007,0.15124278739458497
55.172413793103445,0.15104166666666666
55.24578136463683,0.15084108012394865
55.319148936170215,0.1506410256410256
55.39251650770359,0.15044150110375276
55.465884079236986,0.15024250440917103
55.53925165077036,0.1500440334654337
55.612619222303735,0.14984608619173262
55.68598679383713,0.1496486605182257
55.759354365370505,0.1494517543859649
55.83272193690389,0.14925536574682433
55.906089508437276,0.14905949256342954
55.97945707997065,0.14886413280908692
56.05282465150404,0.14866928446771374
56.12619222303742,0.14847494553376903
56.199559794570796,0.1482811140121845
56.272927366104184,0.14808778791829635
56.346294937637566,0.14789496527777776
56.41966250917094,0.1477026441265713
56.49303008070433,0.14751082251082248
56.56639765223771,0.14731949848681364
56.639765223771086,0.1471286701208981
56.713132795304475,0.14693833548943508
56.786500366837856,0.14674849267872522
56.859867938371245,0.1465591397849462
56.93323550990462,0.14637027491408933
57.006603081438,0.14618189618189617
57.07997065297139,0.14599400171379603
57.153338224504765,0.1458065896448438
57.226705796038146,0.1456196581196581
57.300073367571535,0.1454332052923602
57.37344093910492,0.14524722932651318
57.446808510638306,0.14506172839506168
57.52017608217168,0.14487670068027209
57.59354365370506,0.144692144373673
57.66691122523845,0.14450805767599656
57.740278796771825,0.14432443879711984
57.81364636830521,0.14414128595600675
57.887013939838596,0.1439585973806506
57.96038151137197,0.14377637130801688
58.03374908290535,0.14359460598398652
58.10711665443874,0.14341329966329963
58.180484225972116,0.14323245060949977
58.253851797505504,0.14305205709487823
58.327219369038886,0.14287211740041927
58.40058694057226,0.14269262981574538
58.47395451210565,0.14251359263906313
58.54732208363903,0.14233500417710943
58.620689655172406,0.14215686274509803
58.694057226705795,0.14197916666666666
58.767424798239176,0.14180191427382438
58.840792369772565,0.1416251039068994
58.91415994130595,0.2828974678289746
58.98752751283932,0.28254560530679934
59.06089508437271,0.28219461697722564
59.13426265590609,0.28184449958643504
59.207630227439466,0.28149524989673685
59.280997798972855,0.2811468646864686
59.35436537050624,0.28079934074989693
59.427732942039626,0.2804526748971193
59.501100513573,0.2801068639539663
59.57446808510638,0.2797619047619047
59.64783565663977,0.2794177941779417
59.721203228173145,0.27907452907452907
59.79457079970653,0.27873210633946827
59.867938371239916,0.27839052287581695
59.94130594277329,0.27804977560179517
60.01467351430667,0.2777098614506927
60.08804108584006,0.2773707773707773
60.161408657373435,0.27703252032520326
60.234776228906824,0.2766950872919204
60.308143800440206,0.2763584752635847
60.38151137197359,0.2760226812474686
60.454878943506976,0.2756877022653721
60.52824651504035,0.2753535353535353
60.60161408657373,0.2750201775625504
60.67498165810712,0.27468762595727525
60.748349229640496,0.2743558776167472
60.821716801173885,0.27402492963409725
60.89508437270727,0.27369477911646584
60.96845194424064,0.27336542318491774
61.04181951577403,0.2730368589743589
61.11518708730741,0.2727090836334533
61.188554658840786,0.27238209432454036
61.261922230374175,0.27205588822355287
61.33528980190756,0.27173046251993616
61.40865737344093,0.2714058144165671
61.48202494497432,0.2710819411296738
61.5553925165077,0.27075883988875643
61.62876008804109,0.27043650793650786
61.702127659574465,0.2701149425287356
61.77549523110785,0.26979414093428344
61.848862802641236,0.26947410043495446
61.92223037417462,0.26915481832543436
61.99559794570799,0.26883629191321495
62.06896551724138,0.2685185185185185
62.14233308877476,0.26820149547422273
62.21570066030815,0.2678852201257861
62.289068231841526,0.2675696898311739
62.36243580337491,0.2672549019607843
62.435803374908296,0.2669408538973756
62.50917094644167,0.26662754303599373
62.58253851797505,0.26631496678389993
62.65590608950844,0.3990046838407494
62.729273661041816,0.39853801169590647
62.802641232575205,0.398072429906542
62.87600880410859,0.39760793465577593
62.94937637564196,0.39714452214452217
63.02274394717535,0.3966821885913853
63.09611151870873,0.3962209302325581
63.169479090242106,0.39576074332171896
63.242846661775495,0.3953016241299304
63.31621423330888,0.39484356894553885
63.38958180484225,0.3943865740740741
63.46294937637565,0.39393063583815024
63.53631694790902,0.3934757505773672
63.60968451944241,0.3930219146482122
63.68305209097579,0.39256912442396313
63.75641966250917,0.39211737629459154
63.829787234042556,0.39166666666666666
63.90315480557594,0.3912169919632606
63.97652237710931,0.39076834862385323
64.0498899486427,0.39032073310423826
64.12325752017608,0.3898741418764302
64.19662509170946,0.38942857142857146
64.26999266324285,0.3889840182648402
64.34336023477623,0.3885404789053592
64.41672780630961,0.3880979498861048
64.49009537784299,0.38765642775881687
64.56346294937637,0.3872159090909091
64.63683052090975,0.38677639046538026
64.71019809244314,0.38633786848072565
64.78356566397653,0.3859003397508493
64.8569332355099,0.3854638009049774
64.93030080704328,0.3850282485875707
65.00366837857668,0.38459367945823925
65.07703595011006,0.38416009019165726
65.15040352164343,0.38372747747747754
65.22377109317682,0.3832958380202474
65.2971386647102,0.3828651685393258
65.37050623624357,0.38243546576879917
65.44387380777697,0.3820067264573991
65.51724137931035,0.381578947368421
65.59060895084373,0.38115212527964204
65.66397652237711,0.3807262569832402
65.7373440939105,0.38030133928571425
65.81071166544388,0.3798773690078038
65.88407923697726,0.3794543429844098
65.95744680851064,0.3790322580645161
66.03081438004402,0.3786111111111111
66.1041819515774,0.37819089900110986
66.17754952311078,0.3777716186252772
66.25091709464417,0.37735326688815063
66.32428466617755,0.3769358407079646
66.39765223771093,0.3765193370165746
66.47101980924431,0.3761037527593819
66.54438738077769,0.3756890848952591
66.61775495231109,0.3752753303964757
66.69112252384446,0.3748624862486249
66.76449009537784,0.3744505494505495
66.83785766691123,0.37403951701426996
66.9112252384446,0.3736293859649123
66.984592809978,0.37322015334063524
67.05796038151138,0.37281181619256015
67.13132795304475,0.3724043715846995
67.20469552457814,0.4959970887918485
67.27806309611152,0.495456197746274
67.35143066764489,0.49491648511256353
67.42479823917829,0.4943779470438882
67.49816581071167,0.49384057971014483
67.57153338224505,0.4933043792978645
67.64490095377843,0.49276934201012285
67.71826852531181,0.4922354640664499
67.7916360968452,0.49170274170274164
67.86500366837858,0.4911711711711711
67.93837123991196,0.4906407487401007
68.01173881144534,0.4901114706939949
68.08510638297872,0.48958333333333326
68.15847395451212,0.48905633297452444
68.23184152604549,0.48853046594982075
68.30520909757887,0.4880057286072323
68.37857666911226,0.48748211731044333
68.45194424064563,0.4869596284387281
68.52531181217901,0.4864382583868665
68.59867938371241,0.48591800356506226
68.67204695524578,0.4853988603988604
68.74541452677916,0.48488082532906435
68.81878209831255,0.48436389481165587
68.89214966984592,0.48384806531771385
68.96551724137932,0.4833333333333332
69.0388848129127,0.4828196953595465
69.11225238444607,0.48230714791224344
69.18561995597946,0.4817956875220925
69.25898752751284,0.4812853107344632
69.33235509904621,0.48077601410934745
69.4057226705796,0.4802677942212825
69.47909024211299,0.47976064765927484
69.55245781364637,0.47925457102672286
69.62582538517975,0.4787495609413417
69.69919295671313,0.47824561403508764
69.77256052824652,0.4777427269540834
69.8459280997799,0.47724089635854333
69.91929567131328,0.4767401189227002
69.99266324284666,0.4762403913347309
70.06603081438004,0.47574171029668405
70.13939838591344,0.4752440725244071
70.2127659574468,0.4747474747474747
70.28613352898019,0.4742519137091162
70.35950110051358,0.47375738616614516
70.43286867204695,0.4732638888888889
70.50623624358033,0.4727714186611169
70.57960381511373,0.47227997227997215
70.6529713866471,0.47178954655590166
70.72633895818048,0.47130013831258644
70.79970652971387,0.4708117443868738
70.87307410124724,0.47032436162870944
70.94644167278064,0.4698379869010685
71.01980924431402,0.46935261707988973
71.09317681584739,0.4688682490540076
71.16654438738078,0.4683848797250858
71.23991195891416,0.4679025060075523
71.31327953044753,0.46742112482853226
71.38664710198093,0.4669407331277834
71.46001467351431,0.46646132785763167
71.53338224504769,0.4659829059829059
71.60674981658107,0.46550546448087426
71.68011738811445,0.46502900034118044
71.75348495964784,0.4645535105657804
71.82685253118122,0.46407899216887977
71.9002201027146,0.4636054421768707
71.97358767424798,0.46313285762827044
72.04695524578136,0.4626612355736591
72.12032281731474,0.4621905730756188
72.19369038884813,0.46172086720867206
72.2670579603815,0.46125211505922165
72.3404255319149,0.46078431372549006
72.41379310344827,0.4603174603174603
72.48716067498165,0.4598515519568151
72.56052824651505,0.4593865857768789
72.63389581804842,0.4589225589225589
72.7072633895818,0.4584594685502859
72.7806309611152,0.4579973118279569
72.85399853264856,0.4575360859348775
72.92736610418196,0.45707578806170346
73.00073367571534,0.45661641541038517
73.0741012472487,0.4561579651941098
73.1474688187821,0.45570043463724497
73.22083639031548,0.4552438209752838
73.29420396184886,0.45478812145478803
73.36757153338225,0.45433333333333326
73.44093910491563,0.45387945387945383
73.51430667644901,0.4534264803725881
73.58767424798239,0.4529744101030242
73.66104181951577,0.4525232403718459
73.73440939104916,0.45207296849087886
73.80777696258254,0.45162359178263745
73.88114453411592,0.4511751075802714
73.9545121056493,0.4507275132275132
74.02787967718268,0.45028080607862564
74.10124724871606,0.44983498349834977
74.17461482024945,0.4493900428618529
74.24798239178283,0.4489459815546772
74.32134996331622,0.44850279697268824
74.39471753484959,0.44806048652202496
74.46808510638297,0.4476190476190476
74.54145267791637,0.4471784776902886
74.61482024944974,0.4467387741724025
74.68818782098312,0.44629993451211525
74.76155539251651,0.4458619561661759
74.8349229640499,0.4454248366013071
74.90829053558328,0.444988573294156
74.98165810711666,0.4445531637312458
75.05502567865004,0.4441186054089279
75.12839325018342,0.44368489583333326
75.2017608217168,0.44325203252032513
75.27512839325018,0.44282001299545154
75.34849596478357,0.442388834793898
75.42186353631695,0.4419584954604409
75.49523110785033,0.44152899254940065
75.56859867938371,0.4411003236245954
75.6419662509171,0.4406724862592951
75.71533382245048,0.44024547803617564
75.78870139398386,0.43981929654727325
75.86206896551724,0.5492424242424243
75.93543653705062,0.5487117552334945
76.008804108584,0.5481821106821108
76.08217168011738,0.5476534876245581
76.15553925165077,0.5471258831085422
76.22890682318415,0.5465992941931346
76.30227439471754,0.546073717948718
76.37564196625092,0.5455491514569324
76.44900953778429,0.5450255918106207
76.52237710931769,0.5445030361137744
76.59574468085107,0.5439814814814815
76.66911225238444,0.5434609250398725
76.74247982391783,0.5429413639260676
76.81584739545121,0.5424227952881249
76.8892149669846,0.5419052162849873
76.96258253851798,0.5413886240864315
77.03595011005136,0.540873015873016
77.10931768158474,0.5403583888360293
77.18268525311812,0.5398447401774399
77.2560528246515,0.5393320671098449
77.32942039618489,0.5388203668564201
77.40278796771827,0.538309636650869
77.47615553925165,0.5377998737373738
77.54952311078503,0.5372910753705457
77.62289068231841,0.536783238815375
77.6962582538518,0.5362763613471829
77.76962582538518,0.5357704402515724
77.84299339691856,0.5352654728243796
77.91636096845195,0.5347614563716259
77.98972853998532,0.5342583882094701
78.0630961115187,0.5337562656641605
78.1364636830521,0.5332550860719875
78.20983125458547,0.5327548467792371
78.28319882611886,0.5322555451421431
78.35656639765224,0.5317571785268415
78.42993396918561,0.5312597443093234
78.50330154071901,0.5307632398753894
78.57666911225239,0.5302676626206039
78.65003668378576,0.5297730099502489
78.72340425531915,0.5292792792792793
78.79677182685253,0.5287864680322781
78.87013939838592,0.5282945736434109
78.9435069699193,0.5278035935563817
79.01687454145268,0.5273135252243888
79.09024211298606,0.5268243661100804
79.16360968451944,0.5263361136855114
79.23697725605282,0.5258487654320988
79.3103448275862,0.5253623188405798
79.38371239911959,0.5248767714109674
79.45707997065297,0.5243921206525085
79.53044754218635,0.5239083640836409
79.60381511371973,0.5234254992319509
79.67718268525313,0.5229435236341313
79.7505502567865,0.52246243483594
79.82391782831988,0.521982230392157
79.89728539985327,0.5215029078665442
79.97065297138664,0.5210244648318044
80.04402054292002,0.5205468988695388
80.11738811445342,0.5200702075702076
80.19075568598679,0.5195943885330895
80.26412325752018,0.5191194393662402
80.33749082905356,0.5186453576864536
80.41085840058693,0.5181721411192215
80.48422597212033,0.5176997872986935
80.55759354365371,0.5172282938676381
80.63096111518708,0.5167576584774038
80.70432868672047,0.5162878787878789
80.77769625825385,0.5158189524674539
80.85106382978722,0.5153508771929826
80.92443140132062,0.5148836506497432
80.997798972854,0.5144172705314011
81.07116654438738,0.5139517345399699
81.14453411592076,0.5134870403857746
81.21790168745414,0.5130231857874135
81.29126925898753,0.5125601684717209
81.36463683052091,0.5120979861737301
81.43800440205429,0.5116366366366367
81.51137197358767,0.5111761176117613
81.58473954512105,0.5107164268585133
81.65810711665445,0.5102575621443546
81.73147468818782,0.5097995212447637
81.8048422597212,0.5093423019431988
81.8782098312546,0.5088859020310633
81.95157740278796,0.5084303193076695
82.02494497432134,0.5079755515802028
82.09831254585474,0.5075215966636878
82.1716801173881,0.5070684523809524
82.2450476889215,0.506616116562593
82.31841526045488,0.50616458704694
82.39178283198825,0.5057138616800239
82.46515040352165,0.5052639383155397
82.53851797505503,0.5048148148148148
82.61188554658841,0.5043664890467733
82.68525311812179,0.5039189588879031
82.75862068965517,0.5034722222222223
82.83198826118856,0.503026276941246
82.90535583272194,0.5025811209439529
82.97872340425532,0.5021367521367522
83.0520909757887,0.5016931684334511
83.12545854732208,0.5012503677552221
83.19882611885546,0.5008083480305703
83.27219369038885,0.5003671071953011
83.34556126192223,0.4999266431924883
83.41892883345561,0.4994869539724422
83.49229640498899,0.4990480374926773
83.56566397652237,0.4986098917178813
83.63903154805577,0.49817251461988304
83.71239911958914,0.49773590417762203
83.78576669112252,0.49730005837711627
83.85913426265591,0.4968649752114319
83.93250183418928,0.4964306526806528
84.00586940572266,0.49599708879184873
84.07923697725606,0.49556428155904597
84.15260454878944,0.49513222900319676
84.22597212032281,0.49470092915214875
84.2993396918562,0.4942703800406151
84.37270726338959,0.49384057971014494
84.44607483492297,0.49341152620909356
84.51944240645635,0.4929832175925926
84.59280997798973,0.492555651922521
84.66617754952311,0.4921288272674755
84.7395451210565,0.49170274170274175
84.81291269258988,0.4912773933102653
84.88628026412326,0.49085278017862294
84.95964783565664,0.49042890040299375
85.03301540719002,0.4900057520851309
85.1063829787234,0.48958333333333337
85.17975055025678,0.48916164226241754
85.25311812179017,0.4887406769936891
85.32648569332355,0.4883204356549155
85.39985326485693,0.4879009163802979
85.47322083639031,0.48748211731044355
85.5465884079237,0.48706403659233855
85.61995597945709,0.4866466723793202
85.69332355099047,0.4862300228310502
85.76669112252384,0.4858140861134874
85.84005869405723,0.48539886039886043
85.91342626559062,0.48498434386564193
85.98679383712398,0.4845705346985211
86.06016140865738,0.4841574310883774
86.13352898019076,0.48374503123225443
86.20689655172413,0.48333333333333345
86.28026412325752,0.4829223356009071
86.3536316947909,0.48251203625035405
86.42699926632429,0.48210243350311266
86.50036683785767,0.4816935255866554
86.57373440939105,0.48128531073446335
86.64710198092443,0.4808777871860006
86.72046955245781,0.48047095318668925
86.7938371239912,0.48006480698788395
86.86720469552458,0.4796593468468469
86.94057226705796,0.479254571026723
87.01393983859134,0.47885047779651496
87.08730741012472,0.47844706543105875
87.1606749816581,0.47804433221099896
87.2340425531915,0.47764227642276424
87.30741012472487,0.4772408963585435
87.38077769625825,0.4768401903162609
87.45414526779165,0.571728187919463
87.52751283932501,0.5712489522212909
87.60088041085841,0.5707705192629815
87.67424798239179,0.5702928870292887
87.74761555392516,0.5698160535117057
87.82098312545855,0.5693400167084377
87.89435069699194,0.5688647746243739
87.9677182685253,0.5683903252710593
88.0410858400587,0.5679166666666666
88.11445341159208,0.56744379683597
88.18782098312545,0.5669717138103162
88.26118855465884,0.5665004156275977
88.33455612619223,0.5660299003322259
88.40792369772561,0.5655601659751037
88.48129126925899,0.5650912106135987
88.55465884079237,0.5646230323115161
88.62802641232575,0.5641556291390728
88.70139398385913,0.5636889991728702
88.77476155539252,0.5632231404958677
88.8481291269259,0.5627580511973576
88.92149669845928,0.5622937293729373
88.99486426999268,0.5618301731244847
89.06823184152604,0.5613673805601318
89.14159941305942,0.5609053497942387
89.21496698459282,0.5604440789473684
89.28833455612619,0.5599835661462613
89.36170212765957,0.5595238095238095
89.43506969919297,0.559064807219032
89.50843727072633,0.5586065573770492
89.58180484225971,0.5581490581490582
89.65517241379311,0.5576923076923076
89.72853998532648,0.5572363041700736
89.80190755685987,0.5567810457516339
89.87527512839326,0.5563265306122449
89.94864269992662,0.5558727569331159
90.02201027146002,0.5554197229013854
90.0953778429934,0.5549674267100977
90.16874541452677,0.5545158665581774
90.24211298606016,0.5540650406504065
90.31548055759355,0.5536149471974005
90.38884812912693,0.5531655844155844
90.46221570066031,0.5527169505271695
90.53558327219369,0.5522690437601296
90.60895084372707,0.5518218623481781
90.68231841526045,0.5513754045307443
90.75568598679384,0.5509296685529507
90.82905355832722,0.5504846526655897
90.9024211298606,0.5500403551251009
90.975788701394,0.5495967741935484
91.04915627292736,0.5491539081385979
91.12252384446074,0.5487117552334944
91.19589141599414,0.5482703137570394
91.26925898752751,0.5478295819935691
91.34262655906089,0.5473895582329318
91.41599413059429,0.5469502407704654
91.48936170212765,0.5465116279069768
91.56272927366103,0.546073717948718
91.63609684519443,0.5456365092073658
91.7094644167278,0.5452
91.7828319882612,0.5447641886490807
91.85619955979458,0.5443290734824281
91.92956713132794,0.5438946528332004
92.00293470286134,0.5434609250398724
92.07630227439472,0.5430278884462151
92.14966984592809,0.542595541401274
92.22303741746148,0.5421638822593476
92.29640498899487,0.6320217276099629
92.36977256052825,0.6315197246491925
92.44314013206163,0.6310185185185185
92.51650770359501,0.630518107322231
92.58987527512839,0.6300184891706286
92.66324284666177,0.6295196621799948
92.73661041819516,0.6290216244725739
92.80997798972854,0.6285243741765482
92.88334556126192,0.6280279094260137
92.95671313279531,0.6275322283609576
93.03008070432868,0.6270373291272345
93.10344827586206,0.6265432098765432
93.17681584739546,0.6260498687664041
93.25018341892883,0.6255573039601364
93.32355099046221,0.6250655136268345
93.3969185619956,0.6245744959413458
93.47028613352897,0.6240842490842492
93.54365370506235,0.6235947712418302
93.61702127659575,0.6231060606060606
93.69038884812912,0.6226181153745759
93.76375641966251,0.6221309337506521
93.8371239911959,0.6216445139431848
93.91049156272928,0.6211588541666667
93.98385913426266,0.6206739526411658
94.05722670579604,0.6201898075923037
94.13059427732942,0.6197064172512341
94.2039618488628,0.619223779854621
94.27732942039619,0.6187418936446174
94.35069699192957,0.618260756868844
94.42406456346295,0.6177803677803678
94.49743213499633,0.6173007246376812
94.57079970652971,0.6168218257046807
94.6441672780631,0.616343669250646
94.71753484959648,0.7038471469145364
94.79090242112986,0.7033023735810113
94.86426999266324,0.702758442897654
94.93763756419662,0.7022153529108707
95.01100513573,0.7016731016731016
95.08437270726338,0.7011316872427983
95.15774027879678,0.7005911076843997
95.23110785033015,0.7000513610683101
95.30447542186353,0.699512445470875
95.37784299339692,0.6989743589743588
95.4512105649303,0.6984370996669227
95.52457813646367,0.6979006656426011
95.59794570799707,0.697365055001279
95.67131327953045,0.6968302658486706
95.74468085106383,0.6962962962962962
95.81804842259722,0.6957631444614598
95.8914159941306,0.6952308084672276
95.96478356566398,0.6946992864424056
96.03815113719736,0.6941685765215176
96.11151870873074,0.6936386768447836
96.18488628026412,0.6931095855580981
96.2582538517975,0.6925813008130081
96.33162142333089,0.692053820766692
96.40498899486427,0.691527143581938
96.47835656639765,0.6910012674271229
96.55172413793103,0.6904761904761904
96.62509170946441,0.6899519109086306
96.6984592809978,0.6894284269094587
96.77182685253118,0.6889057366691937
96.84519442406456,0.6883838383838383
96.91856199559794,0.6878627302548573
96.99192956713134,0.6873424104891577
97.0652971386647,0.6868228772990678
97.1386647101981,0.6863041289023161
97.21203228173148,0.6857861635220124
97.28539985326485,0.6852689793866265
97.35876742479824,0.6847525747299672
97.43213499633163,0.6842369477911645
97.505502567865,0.7691873589164786
97.57887013939839,0.768609022556391
97.65223771093177,0.7680315552216378
97.72560528246515,0.767454954954955
97.79897285399854,0.7668792198049512
97.87234042553192,0.7663043478260869
97.9457079970653,0.7657303370786517
98.01907556859868,0.7651571856287425
98.09244314013206,0.7645848915482424
98.16581071166544,0.7640134529147982
98.23917828319883,0.7634428678117998
98.3125458547322,0.7628731343283582
98.38591342626559,0.7623042505592841
98.45928099779897,0.7617362146050671
98.53264856933237,0.761169024571854
98.60601614086573,0.7606026785714286
98.67938371239912,0.7600371747211896
98.75275128393251,0.8438583457157008
98.82611885546588,0.8432318732986885
98.89948642699926,0.8426063303659744
98.97285399853266,0.8419817148505065
99.04622157006602,0.8413580246913582
99.11958914159942,0.8407352578337035
99.1929567131328,0.8401134122287969
99.26632428466617,0.9234417344173441
99.33969185619956,0.9227597242737566
99.41305942773295,0.9220787207872078
99.48642699926631,0.9213987217305801
99.55979457079971,0.9207197248833209
99.63316214233309,0.9200417280314186
99.70652971386647,1.002943340691685
99.77989728539985,1.0022058823529412
99.85326485693324,1.0014695077149154
99.92663242846662,1.000734214390602
100.0,1.0
