actual,probability,cum_fraud,gain
1,0.99997973,1,8.333333333333332
1,0.99984944,2,16.666666666666664
1,0.99980754,3,25.0
1,0.9997465,4,33.33333333333333
1,0.99923956,5,41.66666666666667
1,0.9981725,6,50.0
1,0.9905607,7,58.333333333333336
1,0.74964654,8,66.66666666666666
1,0.2742549,9,75.0
1,0.19862546,10,83.33333333333334
0,0.15538922,10,83.33333333333334
0,0.13885534,10,83.33333333333334
0,0.044080645,10,83.33333333333334
1,0.043730825,11,91.66666666666666
0,0.026378965,11,91.66666666666666
0,0.023840638,11,91.66666666666666
0,0.020460157,11,91.66666666666666
0,0.01887067,11,91.66666666666666
0,0.014107855,11,91.66666666666666
0,0.013494403,11,91.66666666666666
0,0.013016465,11,91.66666666666666
0,0.0125933895,11,91.66666666666666
0,0.012320285,11,91.66666666666666
0,0.010886095,11,91.66666666666666
0,0.010266678,11,91.66666666666666
0,0.01000236,11,91.66666666666666
0,0.009961805,11,91.66666666666666
0,0.009431236,11,91.66666666666666
0,0.009280916,11,91.66666666666666
0,0.008933593,11,91.66666666666666
0,0.0075900564,11,91.66666666666666
1,0.007511751,12,100.0
0,0.0067089833,12,100.0
0,0.006597499,12,100.0
0,0.00629167,12,100.0
0,0.005785447,12,100.0
0,0.005622555,12,100.0
0,0.0055708997,12,100.0
0,0.0051185153,12,100.0
0,0.004940432,12,100.0
0,0.0047093825,12,100.0
0,0.0044698673,12,100.0
0,0.0040868353,12,100.0
0,0.003904888,12,100.0
0,0.0038087508,12,100.0
0,0.003777559,12,100.0
0,0.003608762,12,100.0
0,0.0035985317,12,100.0
0,0.0035842324,12,100.0
0,0.0034541292,12,100.0
0,0.0029999914,12,100.0
0,0.0027655277,12,100.0
0,0.0027074546,12,100.0
0,0.0022252812,12,100.0
0,0.002098146,12,100.0
0,0.0018406213,12,100.0
0,0.0018229819,12,100.0
0,0.0017942769,12,100.0
0,0.0017856845,12,100.0
0,0.0017371161,12,100.0
0,0.0016882279,12,100.0
0,0.0016232661,12,100.0
0,0.0015194555,12,100.0
0,0.0014879062,12,100.0
0,0.0014420575,12,100.0
0,0.0014331472,12,100.0
0,0.001409812,12,100.0
0,0.0013581753,12,100.0
0,0.0013043488,12,100.0
0,0.0012011995,12,100.0
0,0.0011946168,12,100.0
0,0.0011701304,12,100.0
0,0.0011641613,12,100.0
0,0.0011469661,12,100.0
0,0.0011454904,12,100.0
0,0.0011381253,12,100.0
0,0.0011354354,12,100.0
0,0.0010433248,12,100.0
0,0.0010130203,12,100.0
0,0.0010035124,12,100.0
0,0.000988824,12,100.0
0,0.0009759923,12,100.0
0,0.0009663169,12,100.0
0,0.00096468773,12,100.0
0,0.00096199487,12,100.0
0,0.0009509383,12,100.0
0,0.0009299448,12,100.0
0,0.00092239113,12,100.0
0,0.00091464113,12,100.0
0,0.00090584776,12,100.0
0,0.00087824656,12,100.0
0,0.0008779696,12,100.0
0,0.0008761508,12,100.0
0,0.00087472686,12,100.0
0,0.0008746006,12,100.0
0,0.0008693529,12,100.0
0,0.00086232094,12,100.0
0,0.000854578,12,100.0
0,0.00082715135,12,100.0
0,0.0007870691,12,100.0
0,0.0007756235,12,100.0
0,0.0007734668,12,100.0
0,0.0007643015,12,100.0
0,0.0007451302,12,100.0
0,0.0007447071,12,100.0
0,0.00074251066,12,100.0
0,0.0007307996,12,100.0
0,0.0007256209,12,100.0
0,0.0007207501,12,100.0
0,0.0007193036,12,100.0
0,0.00071540725,12,100.0
0,0.00070662575,12,100.0
0,0.0007029196,12,100.0
0,0.00069472945,12,100.0
0,0.00067688356,12,100.0
0,0.000672184,12,100.0
0,0.0006666486,12,100.0
0,0.00065814337,12,100.0
0,0.0006477494,12,100.0
0,0.0006416313,12,100.0
0,0.0006203706,12,100.0
0,0.00061899505,12,100.0
0,0.0006074581,12,100.0
0,0.0006017628,12,100.0
0,0.0005911531,12,100.0
0,0.0005889373,12,100.0
0,0.00058422686,12,100.0
0,0.0005837905,12,100.0
0,0.0005765727,12,100.0
0,0.0005717771,12,100.0
0,0.00056640746,12,100.0
0,0.00056207844,12,100.0
0,0.0005469978,12,100.0
0,0.0005448132,12,100.0
0,0.00054157706,12,100.0
0,0.00053797866,12,100.0
0,0.00052703486,12,100.0
0,0.0005214024,12,100.0
0,0.00052056444,12,100.0
0,0.0005203687,12,100.0
0,0.00051977974,12,100.0
0,0.0005153099,12,100.0
0,0.00051330804,12,100.0
0,0.0005127264,12,100.0
0,0.000505571,12,100.0
0,0.00048161412,12,100.0
0,0.00047937673,12,100.0
0,0.00046969144,12,100.0
0,0.00046189065,12,100.0
0,0.00045727694,12,100.0
0,0.00045093067,12,100.0
0,0.0004500229,12,100.0
0,0.00044393705,12,100.0
0,0.00044069492,12,100.0
0,0.00043093893,12,100.0
0,0.00042318503,12,100.0
0,0.00041956388,12,100.0
0,0.0004178472,12,100.0
0,0.0004114831,12,100.0
0,0.00040438725,12,100.0
0,0.00040399807,12,100.0
0,0.00040134214,12,100.0
0,0.00039295215,12,100.0
0,0.00038129048,12,100.0
0,0.00038088195,12,100.0
0,0.00037999247,12,100.0
0,0.00037607944,12,100.0
0,0.00037008023,12,100.0
0,0.00036765158,12,100.0
0,0.0003676374,12,100.0
0,0.00036731563,12,100.0
0,0.0003648336,12,100.0
0,0.00036463264,12,100.0
0,0.00036194528,12,100.0
0,0.0003610649,12,100.0
0,0.0003610238,12,100.0
0,0.00035597067,12,100.0
0,0.00035507182,12,100.0
0,0.00035109153,12,100.0
0,0.0003505151,12,100.0
0,0.00034954306,12,100.0
0,0.0003476042,12,100.0
0,0.00034689656,12,100.0
0,0.00034597743,12,100.0
0,0.00034494032,12,100.0
0,0.0003436548,12,100.0
0,0.0003434167,12,100.0
0,0.0003422714,12,100.0
0,0.00033822103,12,100.0
0,0.00033803083,12,100.0
0,0.00033377224,12,100.0
0,0.0003332578,12,100.0
0,0.00033101975,12,100.0
0,0.00032797022,12,100.0
0,0.00032687365,12,100.0
0,0.00032579873,12,100.0
0,0.00032472517,12,100.0
0,0.00032156895,12,100.0
0,0.00032091324,12,100.0
0,0.0003186915,12,100.0
0,0.00031839544,12,100.0
0,0.00031765655,12,100.0
0,0.00031716813,12,100.0
0,0.00031672817,12,100.0
0,0.00031584073,12,100.0
0,0.00031552595,12,100.0
0,0.0003135202,12,100.0
0,0.00031262744,12,100.0
0,0.0003102941,12,100.0
0,0.0003101403,12,100.0
0,0.00030667608,12,100.0
0,0.0003059746,12,100.0
0,0.00030425718,12,100.0
0,0.00030149578,12,100.0
0,0.00029969777,12,100.0
0,0.00029671204,12,100.0
0,0.00028875918,12,100.0
0,0.00028812917,12,100.0
0,0.0002844355,12,100.0
0,0.0002843089,12,100.0
0,0.00028402713,12,100.0
0,0.0002838,12,100.0
0,0.000280862,12,100.0
0,0.00027930466,12,100.0
0,0.00027729713,12,100.0
0,0.00027476938,12,100.0
0,0.00027364705,12,100.0
0,0.00027243682,12,100.0
0,0.000271867,12,100.0
0,0.00027070078,12,100.0
0,0.0002692398,12,100.0
0,0.00026883453,12,100.0
0,0.0002679545,12,100.0
0,0.00026647406,12,100.0
0,0.00026430967,12,100.0
0,0.00026375861,12,100.0
0,0.00025971577,12,100.0
0,0.00025873136,12,100.0
0,0.00025767012,12,100.0
0,0.00025448398,12,100.0
0,0.00025441,12,100.0
0,0.00025346698,12,100.0
0,0.00025299325,12,100.0
0,0.0002511844,12,100.0
0,0.0002496154,12,100.0
0,0.0002495195,12,100.0
0,0.00024854293,12,100.0
0,0.000248478,12,100.0
0,0.00024764193,12,100.0
0,0.00024618005,12,100.0
0,0.00024572347,12,100.0
0,0.00024462526,12,100.0
0,0.00024308634,12,100.0
0,0.00024265445,12,100.0
0,0.00024237238,12,100.0
0,0.00023657456,12,100.0
0,0.00023587614,12,100.0
0,0.00023437123,12,100.0
0,0.00023418406,12,100.0
0,0.00023388036,12,100.0
0,0.00023311653,12,100.0
0,0.0002307354,12,100.0
0,0.00023041465,12,100.0
0,0.0002301705,12,100.0
0,0.00023004456,12,100.0
0,0.00022945553,12,100.0
0,0.00022884003,12,100.0
0,0.00022849253,12,100.0
0,0.00022818032,12,100.0
0,0.00022727338,12,100.0
0,0.00022638342,12,100.0
0,0.00022563738,12,100.0
0,0.00022518521,12,100.0
0,0.00022504717,12,100.0
0,0.00022487559,12,100.0
0,0.00022394357,12,100.0
0,0.00022281538,12,100.0
0,0.00022172356,12,100.0
0,0.00022073428,12,100.0
0,0.00021932072,12,100.0
0,0.00021770253,12,100.0
0,0.00021700517,12,100.0
0,0.0002162319,12,100.0
0,0.00021621725,12,100.0
0,0.0002152977,12,100.0
0,0.00021117237,12,100.0
0,0.0002102364,12,100.0
0,0.00020765071,12,100.0
0,0.00020737806,12,100.0
0,0.00020629104,12,100.0
0,0.00020565886,12,100.0
0,0.00020455391,12,100.0
0,0.00020247318,12,100.0
0,0.00020207837,12,100.0
0,0.00020158033,12,100.0
0,0.00019984305,12,100.0
0,0.00019860755,12,100.0
0,0.00019795551,12,100.0
0,0.00019695295,12,100.0
0,0.00019611084,12,100.0
0,0.00019356095,12,100.0
0,0.00019342957,12,100.0
0,0.00019300015,12,100.0
0,0.00019274966,12,100.0
0,0.00019221888,12,100.0
0,0.00019176526,12,100.0
0,0.00019088906,12,100.0
0,0.00019062131,12,100.0
0,0.00018597202,12,100.0
0,0.00018446945,12,100.0
0,0.0001842752,12,100.0
0,0.00018361554,12,100.0
0,0.0001834346,12,100.0
0,0.00018158511,12,100.0
0,0.00018141481,12,100.0
0,0.00018107609,12,100.0
0,0.00018099944,12,100.0
0,0.00018073816,12,100.0
0,0.00018042978,12,100.0
0,0.00018040586,12,100.0
0,0.00017807033,12,100.0
0,0.00017792624,12,100.0
0,0.00017738095,12,100.0
0,0.00017731788,12,100.0
0,0.0001753835,12,100.0
0,0.00017492588,12,100.0
0,0.0001746627,12,100.0
0,0.00017437116,12,100.0
0,0.00017424882,12,100.0
0,0.00017254458,12,100.0
0,0.00017188446,12,100.0
0,0.00017172162,12,100.0
0,0.00017147585,12,100.0
0,0.00017147292,12,100.0
0,0.00017147097,12,100.0
0,0.00017069821,12,100.0
0,0.00017033433,12,100.0
0,0.0001699142,12,100.0
0,0.00016989492,12,100.0
0,0.00016914475,12,100.0
0,0.00016887144,12,100.0
0,0.00016823981,12,100.0
0,0.00016805687,12,100.0
0,0.00016501933,12,100.0
0,0.00016483817,12,100.0
0,0.00016471106,12,100.0
0,0.00016426187,12,100.0
0,0.0001638311,12,100.0
0,0.00016369509,12,100.0
0,0.00016344803,12,100.0
0,0.0001609454,12,100.0
0,0.00016094356,12,100.0
0,0.00016069178,12,100.0
0,0.00016067353,12,100.0
0,0.00016032186,12,100.0
0,0.00016024055,12,100.0
0,0.00016010126,12,100.0
0,0.00015943841,12,100.0
0,0.00015940254,12,100.0
0,0.00015909308,12,100.0
0,0.00015704958,12,100.0
0,0.00015702353,12,100.0
0,0.00015609126,12,100.0
0,0.00015425509,12,100.0
0,0.00015353122,12,100.0
0,0.00015229115,12,100.0
0,0.00015224672,12,100.0
0,0.00014916214,12,100.0
0,0.00014750335,12,100.0
0,0.00014712394,12,100.0
0,0.00014672983,12,100.0
0,0.00014665585,12,100.0
0,0.00014629842,12,100.0
0,0.0001457779,12,100.0
0,0.00014517904,12,100.0
0,0.00014470251,12,100.0
0,0.00014455675,12,100.0
0,0.00014447888,12,100.0
0,0.0001441434,12,100.0
0,0.00014389155,12,100.0
0,0.00014371218,12,100.0
0,0.00014343386,12,100.0
0,0.00014326273,12,100.0
0,0.00014308402,12,100.0
0,0.00014308389,12,100.0
0,0.00014262159,12,100.0
0,0.00014243851,12,100.0
0,0.00014165117,12,100.0
0,0.00014157622,12,100.0
0,0.00014110412,12,100.0
0,0.00014097501,12,100.0
0,0.00014013788,12,100.0
0,0.00013931104,12,100.0
0,0.00013912108,12,100.0
0,0.00013829193,12,100.0
0,0.00013815274,12,100.0
0,0.00013806082,12,100.0
0,0.00013805977,12,100.0
0,0.00013786166,12,100.0
0,0.00013783957,12,100.0
0,0.00013759991,12,100.0
0,0.00013745186,12,100.0
0,0.00013721536,12,100.0
0,0.00013698134,12,100.0
0,0.00013668698,12,100.0
0,0.00013653497,12,100.0
0,0.0001361007,12,100.0
0,0.00013577974,12,100.0
0,0.00013541861,12,100.0
0,0.00013513057,12,100.0
0,0.00013504336,12,100.0
0,0.00013481936,12,100.0
0,0.00013475523,12,100.0
0,0.0001343621,12,100.0
0,0.00013408947,12,100.0
0,0.00013277124,12,100.0
0,0.0001327696,12,100.0
0,0.00013262192,12,100.0
0,0.00013222921,12,100.0
0,0.0001315521,12,100.0
0,0.00013134327,12,100.0
0,0.00013059148,12,100.0
0,0.00013058276,12,100.0
0,0.00013048195,12,100.0
0,0.00012886757,12,100.0
0,0.00012857777,12,100.0
0,0.0001282018,12,100.0
0,0.00012742849,12,100.0
0,0.00012737952,12,100.0
0,0.00012712326,12,100.0
0,0.00012693174,12,100.0
0,0.00012654792,12,100.0
0,0.00012617452,12,100.0
0,0.00012579921,12,100.0
0,0.00012545948,12,100.0
0,0.0001253478,12,100.0
0,0.00012452352,12,100.0
0,0.00012419267,12,100.0
0,0.00012408022,12,100.0
0,0.00012374771,12,100.0
0,0.00012372648,12,100.0
0,0.00012335058,12,100.0
0,0.00012332459,12,100.0
0,0.00012330542,12,100.0
0,0.00012257192,12,100.0
0,0.00012256012,12,100.0
0,0.00012221654,12,100.0
0,0.0001221266,12,100.0
0,0.00012165205,12,100.0
0,0.0001214301,12,100.0
0,0.00012054361,12,100.0
0,0.00012042816,12,100.0
0,0.00012021566,12,100.0
0,0.000120057804,12,100.0
0,0.000119840595,12,100.0
0,0.000119664735,12,100.0
0,0.00011935306,12,100.0
0,0.00011792425,12,100.0
0,0.00011766446,12,100.0
0,0.000117365824,12,100.0
0,0.00011727241,12,100.0
0,0.000117170355,12,100.0
0,0.000117000985,12,100.0
0,0.00011674811,12,100.0
0,0.000116315525,12,100.0
0,0.00011603602,12,100.0
0,0.00011517243,12,100.0
0,0.00011452225,12,100.0
0,0.00011418225,12,100.0
0,0.00011394677,12,100.0
0,0.0001138868,12,100.0
0,0.00011334446,12,100.0
0,0.0001131147,12,100.0
0,0.00011236967,12,100.0
0,0.00011225625,12,100.0
0,0.000112155045,12,100.0
0,0.00011142568,12,100.0
0,0.000111217305,12,100.0
0,0.00011029688,12,100.0
0,0.000110129884,12,100.0
0,0.000110093344,12,100.0
0,0.0001097731,12,100.0
0,0.000109498564,12,100.0
0,0.00010911041,12,100.0
0,0.000108951856,12,100.0
0,0.00010858811,12,100.0
0,0.00010817172,12,100.0
0,0.00010800372,12,100.0
0,0.00010769991,12,100.0
0,0.000107557265,12,100.0
0,0.000107507316,12,100.0
0,0.00010723262,12,100.0
0,0.00010705067,12,100.0
0,0.00010693965,12,100.0
0,0.00010596375,12,100.0
0,0.00010529705,12,100.0
0,0.000105132,12,100.0
0,0.000105051135,12,100.0
0,0.00010499064,12,100.0
0,0.000104942796,12,100.0
0,0.00010465439,12,100.0
0,0.00010387808,12,100.0
0,0.000103746715,12,100.0
0,0.00010342885,12,100.0
0,0.00010328633,12,100.0
0,0.00010294857,12,100.0
0,0.00010277426,12,100.0
0,0.0001020915,12,100.0
0,0.0001015136,12,100.0
0,0.000100505815,12,100.0
0,9.953431e-05,12,100.0
0,9.933036e-05,12,100.0
0,9.9249126e-05,12,100.0
0,9.888316e-05,12,100.0
0,9.882038e-05,12,100.0
0,9.859673e-05,12,100.0
0,9.8278804e-05,12,100.0
0,9.822887e-05,12,100.0
0,9.813187e-05,12,100.0
0,9.8125034e-05,12,100.0
0,9.770925e-05,12,100.0
0,9.7571174e-05,12,100.0
0,9.720602e-05,12,100.0
0,9.681656e-05,12,100.0
0,9.677503e-05,12,100.0
0,9.633289e-05,12,100.0
0,9.6188785e-05,12,100.0
0,9.5848445e-05,12,100.0
0,9.576138e-05,12,100.0
0,9.557245e-05,12,100.0
0,9.5438576e-05,12,100.0
0,9.533279e-05,12,100.0
0,9.5184274e-05,12,100.0
0,9.456555e-05,12,100.0
0,9.4498384e-05,12,100.0
0,9.438698e-05,12,100.0
0,9.423149e-05,12,100.0
0,9.4216484e-05,12,100.0
0,9.364154e-05,12,100.0
0,9.360083e-05,12,100.0
0,9.351768e-05,12,100.0
0,9.3224924e-05,12,100.0
0,9.308644e-05,12,100.0
0,9.301563e-05,12,100.0
0,9.280778e-05,12,100.0
0,9.151093e-05,12,100.0
0,9.114124e-05,12,100.0
0,9.105602e-05,12,100.0
0,9.0997e-05,12,100.0
0,9.091633e-05,12,100.0
0,9.0783265e-05,12,100.0
0,9.036075e-05,12,100.0
0,9.011963e-05,12,100.0
0,9.0015536e-05,12,100.0
0,8.951453e-05,12,100.0
0,8.924911e-05,12,100.0
0,8.897455e-05,12,100.0
0,8.8828056e-05,12,100.0
0,8.867166e-05,12,100.0
0,8.8412366e-05,12,100.0
0,8.807182e-05,12,100.0
0,8.76896e-05,12,100.0
0,8.759943e-05,12,100.0
0,8.751151e-05,12,100.0
0,8.6769134e-05,12,100.0
0,8.6256245e-05,12,100.0
0,8.621381e-05,12,100.0
0,8.616359e-05,12,100.0
0,8.602132e-05,12,100.0
0,8.594638e-05,12,100.0
0,8.580135e-05,12,100.0
0,8.558537e-05,12,100.0
0,8.546761e-05,12,100.0
0,8.5087515e-05,12,100.0
0,8.507048e-05,12,100.0
0,8.503341e-05,12,100.0
0,8.443017e-05,12,100.0
0,8.437986e-05,12,100.0
0,8.421066e-05,12,100.0
0,8.3881656e-05,12,100.0
0,8.367299e-05,12,100.0
0,8.358279e-05,12,100.0
0,8.356558e-05,12,100.0
0,8.3298415e-05,12,100.0
0,8.319458e-05,12,100.0
0,8.3193074e-05,12,100.0
0,8.3134546e-05,12,100.0
0,8.267633e-05,12,100.0
0,8.258453e-05,12,100.0
0,8.244274e-05,12,100.0
0,8.2320184e-05,12,100.0
0,8.2231614e-05,12,100.0
0,8.222549e-05,12,100.0
0,8.218284e-05,12,100.0
0,8.201336e-05,12,100.0
0,8.1352984e-05,12,100.0
0,8.1266844e-05,12,100.0
0,8.122833e-05,12,100.0
0,8.1085775e-05,12,100.0
0,8.105957e-05,12,100.0
0,8.072356e-05,12,100.0
0,8.058342e-05,12,100.0
0,8.049725e-05,12,100.0
0,8.048981e-05,12,100.0
0,8.0180085e-05,12,100.0
0,8.009572e-05,12,100.0
0,8.001228e-05,12,100.0
0,7.995126e-05,12,100.0
0,7.985023e-05,12,100.0
0,7.964574e-05,12,100.0
0,7.958409e-05,12,100.0
0,7.958091e-05,12,100.0
0,7.947473e-05,12,100.0
0,7.938997e-05,12,100.0
0,7.927906e-05,12,100.0
0,7.92675e-05,12,100.0
0,7.918032e-05,12,100.0
0,7.867769e-05,12,100.0
0,7.8590856e-05,12,100.0
0,7.844657e-05,12,100.0
0,7.8443205e-05,12,100.0
0,7.830277e-05,12,100.0
0,7.820524e-05,12,100.0
0,7.819174e-05,12,100.0
0,7.808556e-05,12,100.0
0,7.766346e-05,12,100.0
0,7.755578e-05,12,100.0
0,7.7539145e-05,12,100.0
0,7.6053366e-05,12,100.0
0,7.6008844e-05,12,100.0
0,7.594625e-05,12,100.0
0,7.585107e-05,12,100.0
0,7.579966e-05,12,100.0
0,7.5530166e-05,12,100.0
0,7.536095e-05,12,100.0
0,7.51557e-05,12,100.0
0,7.4755e-05,12,100.0
0,7.472214e-05,12,100.0
0,7.462487e-05,12,100.0
0,7.45418e-05,12,100.0
0,7.447032e-05,12,100.0
0,7.423372e-05,12,100.0
0,7.420498e-05,12,100.0
0,7.398785e-05,12,100.0
0,7.3777686e-05,12,100.0
0,7.374259e-05,12,100.0
0,7.3537325e-05,12,100.0
0,7.319263e-05,12,100.0
0,7.31592e-05,12,100.0
0,7.305763e-05,12,100.0
0,7.300546e-05,12,100.0
0,7.294499e-05,12,100.0
0,7.286553e-05,12,100.0
0,7.266097e-05,12,100.0
0,7.2646006e-05,12,100.0
0,7.2425486e-05,12,100.0
0,7.234942e-05,12,100.0
0,7.229439e-05,12,100.0
0,7.223078e-05,12,100.0
0,7.21492e-05,12,100.0
0,7.195819e-05,12,100.0
0,7.1819704e-05,12,100.0
0,7.150802e-05,12,100.0
0,7.125887e-05,12,100.0
0,7.078465e-05,12,100.0
0,7.063759e-05,12,100.0
0,7.0323375e-05,12,100.0
0,7.0289585e-05,12,100.0
0,7.0271555e-05,12,100.0
0,7.024516e-05,12,100.0
0,6.979099e-05,12,100.0
0,6.96915e-05,12,100.0
0,6.920751e-05,12,100.0
0,6.917274e-05,12,100.0
0,6.893134e-05,12,100.0
0,6.8703426e-05,12,100.0
0,6.868718e-05,12,100.0
0,6.868266e-05,12,100.0
0,6.8441725e-05,12,100.0
0,6.844114e-05,12,100.0
0,6.8255904e-05,12,100.0
0,6.81239e-05,12,100.0
0,6.808156e-05,12,100.0
0,6.8029316e-05,12,100.0
0,6.791277e-05,12,100.0
0,6.788299e-05,12,100.0
0,6.778066e-05,12,100.0
0,6.745837e-05,12,100.0
0,6.738656e-05,12,100.0
0,6.736696e-05,12,100.0
0,6.725931e-05,12,100.0
0,6.724251e-05,12,100.0
0,6.704805e-05,12,100.0
0,6.6870285e-05,12,100.0
0,6.668269e-05,12,100.0
0,6.6400185e-05,12,100.0
0,6.6360364e-05,12,100.0
0,6.6224515e-05,12,100.0
0,6.617686e-05,12,100.0
0,6.61595e-05,12,100.0
0,6.6132125e-05,12,100.0
0,6.6098335e-05,12,100.0
0,6.601858e-05,12,100.0
0,6.583538e-05,12,100.0
0,6.5733126e-05,12,100.0
0,6.564418e-05,12,100.0
0,6.559224e-05,12,100.0
0,6.555785e-05,12,100.0
0,6.501874e-05,12,100.0
0,6.487536e-05,12,100.0
0,6.471774e-05,12,100.0
0,6.460576e-05,12,100.0
0,6.458648e-05,12,100.0
0,6.453335e-05,12,100.0
0,6.4348074e-05,12,100.0
0,6.4201704e-05,12,100.0
0,6.339837e-05,12,100.0
0,6.33913e-05,12,100.0
0,6.329574e-05,12,100.0
0,6.3272804e-05,12,100.0
0,6.317236e-05,12,100.0
0,6.285149e-05,12,100.0
0,6.277727e-05,12,100.0
0,6.2717016e-05,12,100.0
0,6.247854e-05,12,100.0
0,6.242149e-05,12,100.0
0,6.2266314e-05,12,100.0
0,6.2263345e-05,12,100.0
0,6.210206e-05,12,100.0
0,6.206375e-05,12,100.0
0,6.202683e-05,12,100.0
0,6.199011e-05,12,100.0
0,6.179316e-05,12,100.0
0,6.123933e-05,12,100.0
0,6.1131206e-05,12,100.0
0,6.1013037e-05,12,100.0
0,6.087728e-05,12,100.0
0,6.0864273e-05,12,100.0
0,6.0813683e-05,12,100.0
0,6.071292e-05,12,100.0
0,6.0620125e-05,12,100.0
0,6.061879e-05,12,100.0
0,6.0577127e-05,12,100.0
0,6.0362843e-05,12,100.0
0,6.0348222e-05,12,100.0
0,6.0200677e-05,12,100.0
0,6.015196e-05,12,100.0
0,5.9779974e-05,12,100.0
0,5.964741e-05,12,100.0
0,5.9608854e-05,12,100.0
0,5.9578735e-05,12,100.0
0,5.953069e-05,12,100.0
0,5.9384234e-05,12,100.0
0,5.92933e-05,12,100.0
0,5.892522e-05,12,100.0
0,5.8924317e-05,12,100.0
0,5.8874495e-05,12,100.0
0,5.8846043e-05,12,100.0
0,5.8833248e-05,12,100.0
0,5.8602553e-05,12,100.0
0,5.858277e-05,12,100.0
0,5.8445836e-05,12,100.0
0,5.831884e-05,12,100.0
0,5.8231035e-05,12,100.0
0,5.8028374e-05,12,100.0
0,5.802135e-05,12,100.0
0,5.798495e-05,12,100.0
0,5.7971796e-05,12,100.0
0,5.7829726e-05,12,100.0
0,5.7825535e-05,12,100.0
0,5.7719146e-05,12,100.0
0,5.770462e-05,12,100.0
0,5.7529953e-05,12,100.0
0,5.733355e-05,12,100.0
0,5.7177283e-05,12,100.0
0,5.717489e-05,12,100.0
0,5.6903842e-05,12,100.0
0,5.6900855e-05,12,100.0
0,5.6889952e-05,12,100.0
0,5.678751e-05,12,100.0
0,5.6776786e-05,12,100.0
0,5.6393397e-05,12,100.0
0,5.626464e-05,12,100.0
0,5.6191286e-05,12,100.0
0,5.6115357e-05,12,100.0
0,5.6003253e-05,12,100.0
0,5.6000797e-05,12,100.0
0,5.5990546e-05,12,100.0
0,5.5981523e-05,12,100.0
0,5.5974207e-05,12,100.0
0,5.5968285e-05,12,100.0
0,5.595724e-05,12,100.0
0,5.560143e-05,12,100.0
0,5.5549233e-05,12,100.0
0,5.5496384e-05,12,100.0
0,5.548025e-05,12,100.0
0,5.541664e-05,12,100.0
0,5.533927e-05,12,100.0
0,5.5250734e-05,12,100.0
0,5.5168603e-05,12,100.0
0,5.5161505e-05,12,100.0
0,5.5154876e-05,12,100.0
0,5.5005283e-05,12,100.0
0,5.4735337e-05,12,100.0
0,5.4713415e-05,12,100.0
0,5.450584e-05,12,100.0
0,5.4244963e-05,12,100.0
0,5.4150485e-05,12,100.0
0,5.4093143e-05,12,100.0
0,5.341507e-05,12,100.0
0,5.3212723e-05,12,100.0
0,5.3187963e-05,12,100.0
0,5.3121003e-05,12,100.0
0,5.3004165e-05,12,100.0
0,5.2903422e-05,12,100.0
0,5.261634e-05,12,100.0
0,5.258945e-05,12,100.0
0,5.2553554e-05,12,100.0
0,5.255225e-05,12,100.0
0,5.2133608e-05,12,100.0
0,5.2122527e-05,12,100.0
0,5.2080988e-05,12,100.0
0,5.2043553e-05,12,100.0
0,5.1900515e-05,12,100.0
0,5.188765e-05,12,100.0
0,5.1804098e-05,12,100.0
0,5.1730145e-05,12,100.0
0,5.1693853e-05,12,100.0
0,5.168261e-05,12,100.0
0,5.1602925e-05,12,100.0
0,5.1598745e-05,12,100.0
0,5.143132e-05,12,100.0
0,5.142799e-05,12,100.0
0,5.1311545e-05,12,100.0
0,5.1156814e-05,12,100.0
0,5.1077892e-05,12,100.0
0,5.096535e-05,12,100.0
0,5.042386e-05,12,100.0
0,5.007725e-05,12,100.0
0,4.995391e-05,12,100.0
0,4.9633723e-05,12,100.0
0,4.9600647e-05,12,100.0
0,4.955649e-05,12,100.0
0,4.9530976e-05,12,100.0
0,4.9431976e-05,12,100.0
0,4.9303733e-05,12,100.0
0,4.9144277e-05,12,100.0
0,4.8947695e-05,12,100.0
0,4.8867758e-05,12,100.0
0,4.882816e-05,12,100.0
0,4.8735492e-05,12,100.0
0,4.8694706e-05,12,100.0
0,4.8539943e-05,12,100.0
0,4.8527036e-05,12,100.0
0,4.8440896e-05,12,100.0
0,4.8438862e-05,12,100.0
0,4.8396843e-05,12,100.0
0,4.8290858e-05,12,100.0
0,4.814721e-05,12,100.0
0,4.7958543e-05,12,100.0
0,4.7937607e-05,12,100.0
0,4.785457e-05,12,100.0
0,4.7806127e-05,12,100.0
0,4.77058e-05,12,100.0
0,4.755822e-05,12,100.0
0,4.753392e-05,12,100.0
0,4.7454836e-05,12,100.0
0,4.7222034e-05,12,100.0
0,4.7202717e-05,12,100.0
0,4.7167574e-05,12,100.0
0,4.7069123e-05,12,100.0
0,4.6965237e-05,12,100.0
0,4.6653662e-05,12,100.0
0,4.6649522e-05,12,100.0
0,4.6493595e-05,12,100.0
0,4.636979e-05,12,100.0
0,4.636683e-05,12,100.0
0,4.629216e-05,12,100.0
0,4.6012683e-05,12,100.0
0,4.6002722e-05,12,100.0
0,4.5956815e-05,12,100.0
0,4.595182e-05,12,100.0
0,4.586177e-05,12,100.0
0,4.5630728e-05,12,100.0
0,4.5614634e-05,12,100.0
0,4.5565026e-05,12,100.0
0,4.548853e-05,12,100.0
0,4.5316552e-05,12,100.0
0,4.5291577e-05,12,100.0
0,4.524107e-05,12,100.0
0,4.5110624e-05,12,100.0
0,4.5100773e-05,12,100.0
0,4.5077126e-05,12,100.0
0,4.5023466e-05,12,100.0
0,4.4782984e-05,12,100.0
0,4.464172e-05,12,100.0
0,4.4625718e-05,12,100.0
0,4.4589302e-05,12,100.0
0,4.4585944e-05,12,100.0
0,4.45516e-05,12,100.0
0,4.414282e-05,12,100.0
0,4.4092754e-05,12,100.0
0,4.4067576e-05,12,100.0
0,4.4049215e-05,12,100.0
0,4.367906e-05,12,100.0
0,4.3610264e-05,12,100.0
0,4.3431755e-05,12,100.0
0,4.342401e-05,12,100.0
0,4.3412587e-05,12,100.0
0,4.3385517e-05,12,100.0
0,4.3342305e-05,12,100.0
0,4.3334985e-05,12,100.0
0,4.33083e-05,12,100.0
0,4.3293432e-05,12,100.0
0,4.3243464e-05,12,100.0
0,4.316465e-05,12,100.0
0,4.3068558e-05,12,100.0
0,4.287276e-05,12,100.0
0,4.280491e-05,12,100.0
0,4.269581e-05,12,100.0
0,4.25436e-05,12,100.0
0,4.251205e-05,12,100.0
0,4.222152e-05,12,100.0
0,4.21859e-05,12,100.0
0,4.208769e-05,12,100.0
0,4.2082593e-05,12,100.0
0,4.2074407e-05,12,100.0
0,4.1942607e-05,12,100.0
0,4.1805637e-05,12,100.0
0,4.165255e-05,12,100.0
0,4.1647112e-05,12,100.0
0,4.1603165e-05,12,100.0
0,4.1424937e-05,12,100.0
0,4.1373813e-05,12,100.0
0,4.135866e-05,12,100.0
0,4.1316915e-05,12,100.0
0,4.1283398e-05,12,100.0
0,4.1247353e-05,12,100.0
0,4.117496e-05,12,100.0
0,4.1153053e-05,12,100.0
0,4.110301e-05,12,100.0
0,4.0991996e-05,12,100.0
0,4.0953393e-05,12,100.0
0,4.0942574e-05,12,100.0
0,4.0872277e-05,12,100.0
0,4.079988e-05,12,100.0
0,4.077853e-05,12,100.0
0,4.0746614e-05,12,100.0
0,4.0648538e-05,12,100.0
0,4.0572246e-05,12,100.0
0,4.0472776e-05,12,100.0
0,4.038738e-05,12,100.0
0,4.024443e-05,12,100.0
0,4.0241095e-05,12,100.0
0,4.017637e-05,12,100.0
0,3.999235e-05,12,100.0
0,3.9871138e-05,12,100.0
0,3.9744536e-05,12,100.0
0,3.9641953e-05,12,100.0
0,3.9617993e-05,12,100.0
0,3.951845e-05,12,100.0
0,3.9489558e-05,12,100.0
0,3.9188948e-05,12,100.0
0,3.9117855e-05,12,100.0
0,3.8974533e-05,12,100.0
0,3.8810973e-05,12,100.0
0,3.879935e-05,12,100.0
0,3.8775306e-05,12,100.0
0,3.870478e-05,12,100.0
0,3.844214e-05,12,100.0
0,3.836823e-05,12,100.0
0,3.8215006e-05,12,100.0
0,3.8168968e-05,12,100.0
0,3.813815e-05,12,100.0
0,3.8134116e-05,12,100.0
0,3.8102746e-05,12,100.0
0,3.8095986e-05,12,100.0
0,3.7922724e-05,12,100.0
0,3.788878e-05,12,100.0
0,3.7836428e-05,12,100.0
0,3.7367543e-05,12,100.0
0,3.7349233e-05,12,100.0
0,3.730189e-05,12,100.0
0,3.7293354e-05,12,100.0
0,3.721981e-05,12,100.0
0,3.7192593e-05,12,100.0
0,3.7109832e-05,12,100.0
0,3.7019097e-05,12,100.0
0,3.6966252e-05,12,100.0
0,3.675068e-05,12,100.0
0,3.6708825e-05,12,100.0
0,3.6636466e-05,12,100.0
0,3.6590653e-05,12,100.0
0,3.6565296e-05,12,100.0
0,3.6561636e-05,12,100.0
0,3.650471e-05,12,100.0
0,3.6296155e-05,12,100.0
0,3.6228615e-05,12,100.0
0,3.619084e-05,12,100.0
0,3.6176483e-05,12,100.0
0,3.614221e-05,12,100.0
0,3.613611e-05,12,100.0
0,3.607809e-05,12,100.0
0,3.603466e-05,12,100.0
0,3.5995472e-05,12,100.0
0,3.5955367e-05,12,100.0
0,3.583508e-05,12,100.0
0,3.5743677e-05,12,100.0
0,3.5663394e-05,12,100.0
0,3.554981e-05,12,100.0
0,3.553737e-05,12,100.0
0,3.545697e-05,12,100.0
0,3.545623e-05,12,100.0
0,3.54251e-05,12,100.0
0,3.535945e-05,12,100.0
0,3.5335757e-05,12,100.0
0,3.527162e-05,12,100.0
0,3.526486e-05,12,100.0
0,3.5207973e-05,12,100.0
0,3.5048444e-05,12,100.0
0,3.4985133e-05,12,100.0
0,3.4975023e-05,12,100.0
0,3.4915272e-05,12,100.0
0,3.487647e-05,12,100.0
0,3.4850338e-05,12,100.0
0,3.483183e-05,12,100.0
0,3.4696204e-05,12,100.0
0,3.4503806e-05,12,100.0
0,3.443376e-05,12,100.0
0,3.4431952e-05,12,100.0
0,3.4413275e-05,12,100.0
0,3.4379944e-05,12,100.0
0,3.4345278e-05,12,100.0
0,3.4291308e-05,12,100.0
0,3.4241995e-05,12,100.0
0,3.4075376e-05,12,100.0
0,3.4038967e-05,12,100.0
0,3.399034e-05,12,100.0
0,3.3988723e-05,12,100.0
0,3.381156e-05,12,100.0
0,3.3788932e-05,12,100.0
0,3.3782973e-05,12,100.0
0,3.373993e-05,12,100.0
0,3.3638855e-05,12,100.0
0,3.3556735e-05,12,100.0
0,3.343395e-05,12,100.0
0,3.342725e-05,12,100.0
0,3.3272656e-05,12,100.0
0,3.3123288e-05,12,100.0
0,3.307086e-05,12,100.0
0,3.3068212e-05,12,100.0
0,3.2881766e-05,12,100.0
0,3.2854277e-05,12,100.0
0,3.2761764e-05,12,100.0
0,3.274646e-05,12,100.0
0,3.2731095e-05,12,100.0
0,3.2692038e-05,12,100.0
0,3.264282e-05,12,100.0
0,3.2622684e-05,12,100.0
0,3.2563876e-05,12,100.0
0,3.252809e-05,12,100.0
0,3.250319e-05,12,100.0
0,3.2494016e-05,12,100.0
0,3.2477874e-05,12,100.0
0,3.2324e-05,12,100.0
0,3.2196785e-05,12,100.0
0,3.2113992e-05,12,100.0
0,3.2100244e-05,12,100.0
0,3.2098957e-05,12,100.0
0,3.2050477e-05,12,100.0
0,3.1825854e-05,12,100.0
0,3.1745163e-05,12,100.0
0,3.1709398e-05,12,100.0
0,3.1703807e-05,12,100.0
0,3.170187e-05,12,100.0
0,3.1677875e-05,12,100.0
0,3.1620468e-05,12,100.0
0,3.149116e-05,12,100.0
0,3.1411946e-05,12,100.0
0,3.1399337e-05,12,100.0
0,3.110829e-05,12,100.0
0,3.099287e-05,12,100.0
0,3.0932042e-05,12,100.0
0,3.0925465e-05,12,100.0
0,3.0817362e-05,12,100.0
0,3.0768493e-05,12,100.0
0,3.07326e-05,12,100.0
0,3.072554e-05,12,100.0
0,3.0268677e-05,12,100.0
0,3.0212383e-05,12,100.0
0,3.0158639e-05,12,100.0
0,3.006775e-05,12,100.0
0,3.0053474e-05,12,100.0
0,2.9900244e-05,12,100.0
0,2.9880948e-05,12,100.0
0,2.9879835e-05,12,100.0
0,2.9722702e-05,12,100.0
0,2.9509045e-05,12,100.0
0,2.94927e-05,12,100.0
0,2.9449504e-05,12,100.0
0,2.9409422e-05,12,100.0
0,2.9362402e-05,12,100.0
0,2.9306424e-05,12,100.0
0,2.9262299e-05,12,100.0
0,2.9176865e-05,12,100.0
0,2.8964423e-05,12,100.0
0,2.8885286e-05,12,100.0
0,2.887694e-05,12,100.0
0,2.8764527e-05,12,100.0
0,2.8620192e-05,12,100.0
0,2.8530318e-05,12,100.0
0,2.850364e-05,12,100.0
0,2.8500675e-05,12,100.0
0,2.8309243e-05,12,100.0
0,2.8290004e-05,12,100.0
0,2.8282098e-05,12,100.0
0,2.8222476e-05,12,100.0
0,2.8220913e-05,12,100.0
0,2.8138036e-05,12,100.0
0,2.8129049e-05,12,100.0
0,2.8121565e-05,12,100.0
0,2.8118238e-05,12,100.0
0,2.8080563e-05,12,100.0
0,2.7763455e-05,12,100.0
0,2.7739134e-05,12,100.0
0,2.755647e-05,12,100.0
0,2.7479293e-05,12,100.0
0,2.7467528e-05,12,100.0
0,2.7429129e-05,12,100.0
0,2.729904e-05,12,100.0
0,2.728725e-05,12,100.0
0,2.7232398e-05,12,100.0
0,2.7216274e-05,12,100.0
0,2.7076661e-05,12,100.0
0,2.702156e-05,12,100.0
0,2.700796e-05,12,100.0
0,2.698973e-05,12,100.0
0,2.6965674e-05,12,100.0
0,2.6865056e-05,12,100.0
0,2.6848895e-05,12,100.0
0,2.6827653e-05,12,100.0
0,2.6813252e-05,12,100.0
0,2.6660267e-05,12,100.0
0,2.6642705e-05,12,100.0
0,2.6602364e-05,12,100.0
0,2.6476146e-05,12,100.0
0,2.6443848e-05,12,100.0
0,2.6407055e-05,12,100.0
0,2.637293e-05,12,100.0
0,2.63162e-05,12,100.0
0,2.6312635e-05,12,100.0
0,2.6216656e-05,12,100.0
0,2.6093488e-05,12,100.0
0,2.5917778e-05,12,100.0
0,2.5870982e-05,12,100.0
0,2.5822352e-05,12,100.0
0,2.5762385e-05,12,100.0
0,2.5737485e-05,12,100.0
0,2.5573388e-05,12,100.0
0,2.5563806e-05,12,100.0
0,2.5530648e-05,12,100.0
0,2.5511688e-05,12,100.0
0,2.5435433e-05,12,100.0
0,2.5428766e-05,12,100.0
0,2.5355077e-05,12,100.0
0,2.5296074e-05,12,100.0
0,2.5219504e-05,12,100.0
0,2.5192316e-05,12,100.0
0,2.512104e-05,12,100.0
0,2.512037e-05,12,100.0
0,2.5064111e-05,12,100.0
0,2.4997964e-05,12,100.0
0,2.4977113e-05,12,100.0
0,2.4961495e-05,12,100.0
0,2.4933277e-05,12,100.0
0,2.4903407e-05,12,100.0
0,2.4857163e-05,12,100.0
0,2.4844412e-05,12,100.0
0,2.4768238e-05,12,100.0
0,2.4752984e-05,12,100.0
0,2.4684763e-05,12,100.0
0,2.4537323e-05,12,100.0
0,2.4527475e-05,12,100.0
0,2.4505707e-05,12,100.0
0,2.440221e-05,12,100.0
0,2.4336743e-05,12,100.0
0,2.4277726e-05,12,100.0
0,2.4177543e-05,12,100.0
0,2.4091532e-05,12,100.0
0,2.3972794e-05,12,100.0
0,2.39557e-05,12,100.0
0,2.3909528e-05,12,100.0
0,2.3811433e-05,12,100.0
0,2.3762026e-05,12,100.0
0,2.3715504e-05,12,100.0
0,2.3646287e-05,12,100.0
0,2.3618408e-05,12,100.0
0,2.3472032e-05,12,100.0
0,2.3471875e-05,12,100.0
0,2.3437251e-05,12,100.0
0,2.3434613e-05,12,100.0
0,2.3431641e-05,12,100.0
0,2.34265e-05,12,100.0
0,2.3335951e-05,12,100.0
0,2.319617e-05,12,100.0
0,2.318856e-05,12,100.0
0,2.316447e-05,12,100.0
0,2.3066023e-05,12,100.0
0,2.2956145e-05,12,100.0
0,2.2674232e-05,12,100.0
0,2.2669497e-05,12,100.0
0,2.2629518e-05,12,100.0
0,2.2609393e-05,12,100.0
0,2.2567321e-05,12,100.0
0,2.2453565e-05,12,100.0
0,2.2443954e-05,12,100.0
0,2.2273121e-05,12,100.0
0,2.2254395e-05,12,100.0
0,2.2104052e-05,12,100.0
0,2.208233e-05,12,100.0
0,2.1755537e-05,12,100.0
0,2.1648702e-05,12,100.0
0,2.1588585e-05,12,100.0
0,2.1555608e-05,12,100.0
0,2.1513139e-05,12,100.0
0,2.1499745e-05,12,100.0
0,2.1456159e-05,12,100.0
0,2.1311515e-05,12,100.0
0,2.1135345e-05,12,100.0
0,2.101654e-05,12,100.0
0,2.1014035e-05,12,100.0
0,2.0966914e-05,12,100.0
0,2.0732867e-05,12,100.0
0,2.053638e-05,12,100.0
0,2.0531565e-05,12,100.0
0,2.049084e-05,12,100.0
0,2.048607e-05,12,100.0
0,2.031109e-05,12,100.0
0,2.0294923e-05,12,100.0
0,2.0140293e-05,12,100.0
0,2.0139812e-05,12,100.0
0,2.0101284e-05,12,100.0
0,1.9916308e-05,12,100.0
0,1.9834579e-05,12,100.0
0,1.9692185e-05,12,100.0
0,1.9662275e-05,12,100.0
0,1.9590756e-05,12,100.0
0,1.957115e-05,12,100.0
0,1.9484107e-05,12,100.0
0,1.9389388e-05,12,100.0
0,1.932452e-05,12,100.0
0,1.9311736e-05,12,100.0
0,1.9188756e-05,12,100.0
0,1.9188334e-05,12,100.0
0,1.912815e-05,12,100.0
0,1.9078308e-05,12,100.0
0,1.9022062e-05,12,100.0
0,1.9004201e-05,12,100.0
0,1.8968605e-05,12,100.0
0,1.8827885e-05,12,100.0
0,1.8808898e-05,12,100.0
0,1.8739858e-05,12,100.0
0,1.8705667e-05,12,100.0
0,1.8621284e-05,12,100.0
0,1.8536097e-05,12,100.0
0,1.848984e-05,12,100.0
0,1.848524e-05,12,100.0
0,1.8329289e-05,12,100.0
0,1.8319275e-05,12,100.0
0,1.831187e-05,12,100.0
0,1.8288676e-05,12,100.0
0,1.8077282e-05,12,100.0
0,1.7959028e-05,12,100.0
0,1.7926568e-05,12,100.0
0,1.7782604e-05,12,100.0
0,1.7705272e-05,12,100.0
0,1.7564242e-05,12,100.0
0,1.7544538e-05,12,100.0
0,1.7519993e-05,12,100.0
0,1.7285014e-05,12,100.0
0,1.718862e-05,12,100.0
0,1.7160744e-05,12,100.0
0,1.7101735e-05,12,100.0
0,1.7058359e-05,12,100.0
0,1.6855269e-05,12,100.0
0,1.683164e-05,12,100.0
0,1.6636342e-05,12,100.0
0,1.6546297e-05,12,100.0
0,1.6542699e-05,12,100.0
0,1.6533788e-05,12,100.0
0,1.6530399e-05,12,100.0
0,1.6323333e-05,12,100.0
0,1.6270087e-05,12,100.0
0,1.6251464e-05,12,100.0
0,1.6248674e-05,12,100.0
0,1.621912e-05,12,100.0
0,1.6142982e-05,12,100.0
0,1.607879e-05,12,100.0
0,1.6049897e-05,12,100.0
0,1.5927564e-05,12,100.0
0,1.5751482e-05,12,100.0
0,1.5623718e-05,12,100.0
0,1.5599198e-05,12,100.0
0,1.5276728e-05,12,100.0
0,1.5134546e-05,12,100.0
0,1.4858858e-05,12,100.0
0,1.4450022e-05,12,100.0
0,1.4424385e-05,12,100.0
0,1.4401088e-05,12,100.0
0,1.4224547e-05,12,100.0
0,1.4109383e-05,12,100.0
0,1.4099967e-05,12,100.0
0,1.4051925e-05,12,100.0
0,1.4023638e-05,12,100.0
0,1.4016631e-05,12,100.0
0,1.3974762e-05,12,100.0
0,1.39108315e-05,12,100.0
0,1.3523203e-05,12,100.0
0,1.3446661e-05,12,100.0
0,1.3407246e-05,12,100.0
0,1.3249016e-05,12,100.0
0,1.2917113e-05,12,100.0
0,1.281003e-05,12,100.0
0,1.2650206e-05,12,100.0
0,1.2511918e-05,12,100.0
0,1.2476304e-05,12,100.0
0,1.2383086e-05,12,100.0
0,1.23483205e-05,12,100.0
0,1.2303453e-05,12,100.0
0,1.2246491e-05,12,100.0
0,1.2118578e-05,12,100.0
0,1.207838e-05,12,100.0
0,1.20064415e-05,12,100.0
0,1.1853726e-05,12,100.0
0,1.1827992e-05,12,100.0
0,1.1478583e-05,12,100.0
0,1.1463048e-05,12,100.0
0,1.1319091e-05,12,100.0
0,1.1308646e-05,12,100.0
0,1.1278662e-05,12,100.0
0,1.0876025e-05,12,100.0
0,1.0823224e-05,12,100.0
0,1.0817591e-05,12,100.0
0,1.0794209e-05,12,100.0
0,1.0759736e-05,12,100.0
0,1.0328918e-05,12,100.0
0,1.016606e-05,12,100.0
0,1.0098979e-05,12,100.0
0,1.0029127e-05,12,100.0
0,9.936828e-06,12,100.0
0,9.716294e-06,12,100.0
0,9.675138e-06,12,100.0
0,9.322648e-06,12,100.0
0,9.300199e-06,12,100.0
0,9.298213e-06,12,100.0
0,9.245637e-06,12,100.0
0,9.143328e-06,12,100.0
0,8.970124e-06,12,100.0
0,8.781851e-06,12,100.0
0,8.079724e-06,12,100.0
0,7.694766e-06,12,100.0
0,7.3496512e-06,12,100.0
0,6.6413113e-06,12,100.0
