precision,recall,threshold
0.00880410858400587,1.0,4.745644737596534e-05
0.00881057268722467,1.0,5.0965257829906816e-05
0.00881704628949302,1.0,5.442712050061448e-05
0.008823529411764706,1.0,5.772773160110856e-05
0.008830022075055188,1.0,5.8874685115368143e-05
0.008836524300441826,1.0,6.621175202091084e-05
0.008843036109064112,1.0,6.807123344098814e-05
0.008849557522123894,1.0,7.06913868170666e-05
0.008856088560885609,1.0,7.257816157000142e-05
0.008862629246676515,1.0,8.016817401533388e-05
0.008869179600886918,1.0,8.798493916045103e-05
0.008875739644970414,1.0,9.13693530291241e-05
0.008882309400444115,1.0,9.689446478262672e-05
0.008888888888888889,1.0,0.00010127843414372599
0.008895478131949592,1.0,0.00010447768057260422
0.008902077151335312,1.0,0.00010462169331050887
0.008908685968819599,1.0,0.00010530705549811283
0.008915304606240713,1.0,0.00010663472819873158
0.008921933085501859,1.0,0.00010753630633173366
0.008928571428571428,1.0,0.00010767039488910734
0.008935219657483246,1.0,0.00010783318020974647
0.00894187779433681,1.0,0.00010851787238568914
0.008948545861297539,1.0,0.00011094241020043626
0.008955223880597015,1.0,0.00011836444737514461
0.008961911874533234,1.0,0.00011996083578355083
0.008968609865470852,1.0,0.00012175913622544181
0.008975317875841436,1.0,0.00012316396609454754
0.008982035928143712,1.0,0.00012680056218227894
0.008988764044943821,1.0,0.0001283607554649349
0.008995502248875561,1.0,0.00012982432426134847
0.00900225056264066,1.0,0.00012996592598802536
0.009009009009009009,1.0,0.00013046900633342277
0.009015777610818933,1.0,0.00013418897035472407
0.009022556390977444,1.0,0.00013420315108602312
0.009029345372460496,1.0,0.00013513849240278497
0.009036144578313253,1.0,0.00013557417879042107
0.00904295403165034,1.0,0.0001361324845330457
0.00904977375565611,1.0,0.00013846279086214468
0.009056603773584906,1.0,0.00014331242044940444
0.00906344410876133,1.0,0.0001470677769102147
0.009070294784580499,1.0,0.00015138972852787858
0.009077155824508321,1.0,0.00015325653603575867
0.009084027252081756,1.0,0.00015559405997862924
0.00909090909090909,1.0,0.000156067640641102
0.009097801364670205,1.0,0.00015713045589084442
0.009104704097116844,1.0,0.0001572675315903134
0.009111617312072893,1.0,0.0001585030997995279
0.00911854103343465,1.0,0.00015882449202246718
0.009125475285171103,1.0,0.000159249371757474
0.0091324200913242,1.0,0.00016091229619993535
0.00913937547600914,1.0,0.00016101797005189266
0.009146341463414634,1.0,0.00016627177457415843
0.009153318077803204,1.0,0.00016790678500313547
0.00916030534351145,1.0,0.00016817295570268422
0.009167303284950344,1.0,0.00017215129385778923
0.009174311926605505,1.0,0.00017402006205198282
0.009181331293037491,1.0,0.00017453946999733915
0.009188361408882083,1.0,0.00017485492265833946
0.009195402298850575,1.0,0.00017518977782535804
0.009202453987730062,1.0,0.00017929404434704574
0.00920951650038373,1.0,0.00017968127973107826
0.009216589861751152,1.0,0.0001801446420533957
0.009223674096848577,1.0,0.00018163049681743627
0.009230769230769232,1.0,0.00018172054312624506
0.009237875288683603,1.0,0.00018208215903233328
0.009244992295839754,1.0,0.00018272207335779436
0.009252120277563608,1.0,0.00018617140505013469
0.009259259259259259,1.0,0.00018652535775909914
0.009266409266409266,1.0,0.00018833389421985653
0.00927357032457496,1.0,0.00019172961540988377
0.009280742459396751,1.0,0.00019251020988743505
0.009287925696594427,1.0,0.00019364282964958642
0.009295120061967466,1.0,0.0001944681933954128
0.009302325581395349,1.0,0.00019482236774657255
0.009309542280837859,1.0,0.00019519399992224697
0.009316770186335404,1.0,0.0001952770539219642
0.009324009324009324,1.0,0.00019908558544873937
0.00933125972006221,1.0,0.00020203836243017106
0.00933852140077821,1.0,0.00020370357413017806
0.009345794392523364,1.0,0.00020639365572372597
0.009353078721745909,1.0,0.00020875887675211107
0.0093603744149766,1.0,0.00020897430902738038
0.00936768149882904,1.0,0.0002098006866751735
0.009375,1.0,0.0002113340200128793
0.009382329945269743,1.0,0.0002143681618710034
0.009389671361502348,1.0,0.00021571909694866547
0.009397024275646046,1.0,0.00021610225613756875
0.009404388714733543,1.0,0.00021615221994546156
0.009411764705882352,1.0,0.00021628991209551559
0.009419152276295133,1.0,0.00021815284458890337
0.009426551453260016,1.0,0.0002187711199674694
0.009433962264150943,1.0,0.00022027483152932848
0.00944138473642801,1.0,0.00022035162703553166
0.009448818897637795,1.0,0.0002204670564625314
0.009456264775413711,1.0,0.00022049257992541924
0.00946372239747634,1.0,0.00022083974832335835
0.009471191791633781,1.0,0.0002213923904830276
0.009478672985781991,1.0,0.00022260071026741578
0.009486166007905139,1.0,0.0002237452813950314
0.00949367088607595,1.0,0.0002275309010167527
0.009501187648456057,1.0,0.00022849719082304273
0.009508716323296355,1.0,0.00022856692211706305
0.00951625693893735,1.0,0.00022894521109829985
0.009523809523809525,1.0,0.00023054710126498576
0.009531374106433678,1.0,0.00023118083586315394
0.009538950715421303,1.0,0.00023194262657141946
0.00954653937947494,1.0,0.00023210837096694102
0.009554140127388535,1.0,0.00023366781522489715
0.009561752988047808,1.0,0.0002359387620884133
0.009569377990430622,1.0,0.00023743253461562986
0.009577015163607342,1.0,0.0002376140640151431
0.009584664536741214,1.0,0.00023935470961961418
0.009592326139088728,1.0,0.00024023515428837745
0.0096,1.0,0.00024029153615562435
0.009607686148919135,1.0,0.00024052295269123416
0.009615384615384616,1.0,0.00024054700294352314
0.009623095429029671,1.0,0.0002411840244759808
0.009630818619582664,1.0,0.00024566671969841194
0.00963855421686747,1.0,0.0002480513923864034
0.00964630225080386,1.0,0.00024864334682402544
0.009654062751407884,1.0,0.0002512066369118994
0.00966183574879227,1.0,0.00025155442112025057
0.009669621273166801,1.0,0.00025173289841717747
0.00967741935483871,1.0,0.0002519096219827108
0.009685230024213076,1.0,0.00025321957873146016
0.009693053311793215,1.0,0.00025365038715147875
0.009700889248181084,1.0,0.00025379012435181134
0.009708737864077669,1.0,0.00025431447208297395
0.009716599190283401,1.0,0.0002544824325642311
0.009724473257698542,1.0,0.00025591057876673
0.009732360097323601,1.0,0.0002560923280833279
0.00974025974025974,1.0,0.0002565518810707917
0.00974817221770918,1.0,0.00025752926042596383
0.00975609756097561,1.0,0.0002614340835841981
0.009764035801464606,1.0,0.00026164702381505176
0.009771986970684038,1.0,0.00026268504020889
0.009779951100244499,1.0,0.00026295029108844666
0.009787928221859706,1.0,0.00026306385752310776
0.009795918367346938,1.0,0.00026472582684543207
0.00980392156862745,1.0,0.0002647958963056169
0.009811937857726901,1.0,0.00026566603150629417
0.009819967266775777,1.0,0.0002660653735664089
0.009828009828009828,1.0,0.00026636655791913524
0.009836065573770493,1.0,0.0002664402254877997
0.009844134536505332,1.0,0.0002682892582906319
0.009852216748768473,1.0,0.0002689881708639191
0.009860312243221035,1.0,0.00026960532964070933
0.009868421052631578,1.0,0.00027144652551543765
0.009876543209876543,1.0,0.0002732576137334646
0.009884678747940691,1.0,0.00027360102953338463
0.00989282769991756,1.0,0.0002762687618090349
0.009900990099009901,1.0,0.0002766125226068642
0.00990916597853014,1.0,0.0002771885353394378
0.009917355371900827,1.0,0.0002787440994041936
0.009925558312655087,1.0,0.00027942383225072726
0.009933774834437087,1.0,0.00027952815647481355
0.009942004971002486,1.0,0.00028093251610626706
0.009950248756218905,1.0,0.00028144478455049586
0.00995850622406639,1.0,0.0002816523042231356
0.009966777408637873,1.0,0.00028218025865381287
0.00997506234413965,1.0,0.00028254522011574593
0.009983361064891847,1.0,0.00028338867967032694
0.009991673605328892,1.0,0.00028349932560586057
0.01,1.0,0.0002853961021838057
0.010008340283569641,1.0,0.0002867518945146939
0.01001669449081803,1.0,0.00028705366137629613
0.010025062656641603,1.0,0.00028869999725219186
0.010033444816053512,1.0,0.0002908022904966953
0.0100418410041841,1.0,0.0002916367627438853
0.010050251256281407,1.0,0.0002944119795239383
0.010058675607711651,1.0,0.0002952263925930155
0.010067114093959731,1.0,0.00029643163103124966
0.010075566750629723,1.0,0.00029760959766193275
0.010084033613445379,1.0,0.0002976279580877346
0.010092514718250631,1.0,0.00029785933293365914
0.010101010101010102,1.0,0.0002990975817299739
0.010109519797809604,1.0,0.00029969455629649957
0.01011804384485666,1.0,0.0003002607779072494
0.010126582278481013,1.0,0.00030034203610772406
0.010135135135135136,1.0,0.00030087011639215667
0.01014370245139476,1.0,0.00030114699581548256
0.01015228426395939,1.0,0.00030348088427712083
0.010160880609652836,1.0,0.00030375777565331164
0.010169491525423728,1.0,0.0003039475394323538
0.010178117048346057,1.0,0.0003047343389010588
0.010186757215619695,1.0,0.0003051371505193799
0.010195412064570943,1.0,0.0003058674033499802
0.01020408163265306,1.0,0.00030747601109048345
0.010212765957446808,1.0,0.0003081221800290738
0.010221465076660987,1.0,0.00030888675491573027
0.010230179028132993,1.0,0.000310434339091299
0.010238907849829351,1.0,0.00031058472665949525
0.010247651579846286,1.0,0.000311103748927561
0.010256410256410256,1.0,0.0003128649712338041
0.010265183917878529,1.0,0.0003137018398595339
0.010273972602739725,1.0,0.0003175914359521163
0.010282776349614395,1.0,0.00031802162918511865
0.010291595197255575,1.0,0.0003197089957819283
0.010300429184549357,1.0,0.00032086378190796064
0.010309278350515464,1.0,0.00032115426003287233
0.010318142734307825,1.0,0.0003216885476417568
0.010327022375215147,1.0,0.00032202791236590544
0.0103359173126615,1.0,0.0003221044306303464
0.010344827586206896,1.0,0.0003224909131509147
0.010353753235547885,1.0,0.0003239474760182402
0.010362694300518135,1.0,0.00032568418478870167
0.010371650821089023,1.0,0.00032583007060397865
0.010380622837370242,1.0,0.0003261819480691972
0.01038961038961039,1.0,0.0003263908673718084
0.010398613518197574,1.0,0.00032720383380130147
0.010407632263660017,1.0,0.0003272811505720657
0.010416666666666666,1.0,0.0003298970503833039
0.010425716768027803,1.0,0.000332384853678794
0.010434782608695653,1.0,0.0003332684809437427
0.010443864229765013,1.0,0.00033346561912714074
0.010452961672473868,1.0,0.0003361700559522502
0.010462074978204011,1.0,0.0003364872880161266
0.010471204188481676,1.0,0.0003394051538900424
0.010480349344978166,1.0,0.00034036287356325215
0.01048951048951049,1.0,0.00034186225679189045
0.010498687664041995,1.0,0.0003423422275080185
0.010507880910683012,1.0,0.00034447599767896116
0.010517090271691499,1.0,0.00034464271607447786
0.010526315789473684,1.0,0.0003448126877237832
0.010535557506584723,1.0,0.0003453143693352202
0.01054481546572935,1.0,0.0003455796030416538
0.010554089709762533,1.0,0.00034640953179080263
0.01056338028169014,1.0,0.00034816238459378136
0.010572687224669603,1.0,0.0003501496944785447
0.010582010582010581,1.0,0.0003502721291579271
0.01059135039717564,1.0,0.0003513495981238298
0.01060070671378092,1.0,0.00035321230830773356
0.010610079575596816,1.0,0.0003532351881822195
0.010619469026548672,1.0,0.0003534433969131759
0.010628875110717449,1.0,0.00035387839784564105
0.010638297872340425,1.0,0.00035459262028519266
0.01064773735581189,1.0,0.00035562670667281326
0.010657193605683837,1.0,0.000356571924546336
0.010666666666666666,1.0,0.0003578140515138015
0.010676156583629894,1.0,0.000360258793112546
0.01068566340160285,1.0,0.00036106746397616713
0.0106951871657754,1.0,0.00036152596586774046
0.010704727921498661,1.0,0.00036235310328584905
0.010714285714285714,1.0,0.00036278563876448425
0.010723860589812333,1.0,0.00036359331344021915
0.01073345259391771,1.0,0.00036587767082099805
0.010743061772605193,1.0,0.0003665771139452039
0.010752688172043012,1.0,0.00036669675904291545
0.010762331838565023,1.0,0.00036783629908415904
0.010771992818671455,1.0,0.00036885219947349867
0.01078167115902965,1.0,0.00037050654824084394
0.01079136690647482,1.0,0.000371794559155176
0.010801080108010801,1.0,0.00037250390147826855
0.010810810810810811,1.0,0.0003742558920092995
0.010820559062218215,1.0,0.0003793705986236017
0.010830324909747292,1.0,0.0003795050053482101
0.01084010840108401,1.0,0.0003800078129887258
0.0108499095840868,1.0,0.00038091959837937027
0.01085972850678733,1.0,0.00038164117703933854
0.010869565217391304,1.0,0.00038341777758382187
0.010879419764279238,1.0,0.00038558718010958275
0.010889292196007259,1.0,0.00038565497989103103
0.010899182561307902,1.0,0.0003865599065650198
0.01090909090909091,1.0,0.00038701499790403374
0.01091901728844404,1.0,0.00038857684228646883
0.01092896174863388,1.0,0.00038869853265730274
0.010938924339106655,1.0,0.0003899317525157036
0.010948905109489052,1.0,0.0003904022838463335
0.010958904109589041,1.0,0.0003904849818995992
0.010968921389396709,1.0,0.0003918956530712945
0.010978956999085087,1.0,0.00039262752905203823
0.01098901098901099,1.0,0.0003931921163834326
0.010999083409715857,1.0,0.0003938624023437168
0.011009174311926606,1.0,0.0003944913149835077
0.011019283746556474,1.0,0.0003963949209419867
0.011029411764705883,1.0,0.00039698594226675473
0.011039558417663294,1.0,0.0003974243248330826
0.011049723756906077,1.0,0.00039787149465838153
0.011059907834101382,1.0,0.00040033539508267614
0.01107011070110701,1.0,0.0004013036405536705
0.0110803324099723,1.0,0.00040295221433593137
0.011090573012939002,1.0,0.00040438358479902373
0.011100832562442183,1.0,0.00040501091963356025
0.011111111111111112,1.0,0.0004060773503460071
0.011121408711770158,1.0,0.00040686715031610846
0.011131725417439703,1.0,0.0004081719245525513
0.011142061281337047,1.0,0.00040877398025342197
0.011152416356877323,1.0,0.0004116255166889898
0.011162790697674419,1.0,0.00041175521910483695
0.0111731843575419,1.0,0.00041286696404115877
0.011183597390493943,1.0,0.00041355212875357803
0.011194029850746268,1.0,0.00041402476886747157
0.011204481792717087,1.0,0.0004145564460126712
0.011214953271028037,1.0,0.00041501393994721386
0.011225444340505144,1.0,0.0004174228538663165
0.011235955056179775,1.0,0.00041793695193309484
0.011246485473289597,1.0,0.000418236987897383
0.01125703564727955,1.0,0.0004226758864907102
0.011267605633802818,1.0,0.0004231270781475949
0.011278195488721804,1.0,0.00042320549093032044
0.011288805268109126,1.0,0.00042446815545732676
0.011299435028248588,1.0,0.00042844749361952133
0.011310084825636193,1.0,0.00042918292305393977
0.011320754716981131,1.0,0.000429274698270144
0.0113314447592068,1.0,0.0004306200475609129
0.011342155009451797,1.0,0.00043127309035667573
0.011352885525070956,1.0,0.00043168588185441345
0.011363636363636364,1.0,0.00043292177431462686
0.011374407582938388,1.0,0.0004333279168500634
0.011385199240986717,1.0,0.0004345591880336048
0.011396011396011397,1.0,0.00043474736686917954
0.011406844106463879,1.0,0.00043634306034805376
0.011417697431018078,1.0,0.0004396019904652873
0.011428571428571429,1.0,0.00043997181677293563
0.011439466158245948,1.0,0.00044011722551374045
0.011450381679389313,1.0,0.00044061740102108865
0.011461318051575931,1.0,0.0004412649439444955
0.011472275334608031,1.0,0.0004428059075448087
0.011483253588516746,1.0,0.00044425959414500383
0.011494252873563218,1.0,0.000444828890577545
0.011505273250239693,1.0,0.00044539006955194964
0.011516314779270634,1.0,0.00044678485658966165
0.011527377521613832,1.0,0.0004473588562929809
0.011538461538461539,1.0,0.00044741351789685563
0.011549566891241578,1.0,0.0004474216414950184
0.011560693641618497,1.0,0.000447780127611284
0.011571841851494697,1.0,0.0004477921842467348
0.011583011583011582,1.0,0.0004494641050755191
0.011594202898550725,1.0,0.0004511675927791233
0.01160541586073501,1.0,0.0004524961067100786
0.011616650532429816,1.0,0.00045330276858395087
0.011627906976744186,1.0,0.0004556360561043075
0.011639185257032008,1.0,0.00045575537390505505
0.011650485436893204,1.0,0.0004563057496310324
0.011661807580174927,1.0,0.0004612590818909665
0.011673151750972763,1.0,0.0004621660803686253
0.011684518013631937,1.0,0.0004625075642122597
0.011695906432748537,1.0,0.00046369924149978114
0.011707317073170732,1.0,0.00046373392310940193
0.01171875,1.0,0.00046757156106698016
0.011730205278592375,1.0,0.0004677482766156797
0.011741682974559686,1.0,0.00046783319072830925
0.011753183153770812,1.0,0.00046807964762423336
0.011764705882352941,1.0,0.00046918954583724553
0.011776251226692836,1.0,0.00046998153163755143
0.011787819253438114,1.0,0.0004729462706670259
0.011799410029498525,1.0,0.00047417406228047267
0.011811023622047244,1.0,0.0004743746359579191
0.011822660098522168,1.0,0.0004747065907069928
0.011834319526627219,1.0,0.0004749568288610818
0.011846001974333662,1.0,0.000475120144750827
0.011857707509881422,1.0,0.00047726684099025775
0.011869436201780416,1.0,0.0004773729255558139
0.011881188118811881,1.0,0.00047848462178787216
0.011892963330029732,1.0,0.00048036325682716184
0.011904761904761904,1.0,0.00048212402740644865
0.011916583912611719,1.0,0.0004822963709930211
0.011928429423459244,1.0,0.00048367132693744524
0.011940298507462687,1.0,0.0004840194197233718
0.01195219123505976,1.0,0.00048447331689497583
0.011964107676969093,1.0,0.00048555430807822707
0.011976047904191617,1.0,0.0004856704788498037
0.011988011988011988,1.0,0.000485699429972053
0.012,1.0,0.0004857606599133349
0.012012012012012012,1.0,0.00048620691124416214
0.012024048096192385,1.0,0.00048745858574008243
0.012036108324974924,1.0,0.0004885206664853063
0.012048192771084338,1.0,0.0004891217857821126
0.012060301507537688,1.0,0.0004905259811988921
0.012072434607645875,1.0,0.0004920023850912423
0.012084592145015106,1.0,0.0004921927133078322
0.012096774193548387,1.0,0.0004941707212324295
0.012108980827447022,1.0,0.0004946987838301
0.012121212121212121,1.0,0.0004947270416665693
0.012133468149646108,1.0,0.0004989145304017961
0.012145748987854251,1.0,0.0005006945049425967
0.0121580547112462,1.0,0.0005017178460227918
0.012170385395537525,1.0,0.0005062698647599112
0.012182741116751269,1.0,0.0005084374370811999
0.012195121951219513,1.0,0.0005099393530356493
0.012207527975584944,1.0,0.0005102738032163415
0.012219959266802444,1.0,0.000511034509602157
0.012232415902140673,1.0,0.0005126268418123623
0.012244897959183673,1.0,0.0005129454309558654
0.012257405515832482,1.0,0.0005139903593479094
0.012269938650306749,1.0,0.0005148344707502847
0.012282497441146366,1.0,0.0005149653819978481
0.012295081967213115,1.0,0.0005150480065596928
0.012307692307692308,1.0,0.0005159984541032051
0.012320328542094456,1.0,0.0005160308178115329
0.012332990750256937,1.0,0.0005164242451286705
0.012345679012345678,1.0,0.000517097243691399
0.012358393408856848,1.0,0.0005214466471770352
0.012371134020618556,1.0,0.000521748897515987
0.01238390092879257,1.0,0.0005219822597082167
0.012396694214876033,1.0,0.0005239375358504891
0.012409513960703205,1.0,0.0005304847011229177
0.012422360248447204,1.0,0.000531465105901505
0.012435233160621761,1.0,0.0005323034569265355
0.012448132780082987,1.0,0.0005378936949981049
0.012461059190031152,1.0,0.00053990126626982
0.012474012474012475,1.0,0.0005425630937708608
0.012486992715920915,1.0,0.000542774229423953
0.0125,1.0,0.0005457624874034122
0.01251303441084463,1.0,0.0005463717605524957
0.012526096033402923,1.0,0.0005470747407559961
0.012539184952978056,1.0,0.0005508559934854646
0.012552301255230125,1.0,0.0005510488575173741
0.012565445026178011,1.0,0.0005510834758239586
0.012578616352201259,1.0,0.0005513042322998568
0.012591815320041973,1.0,0.0005516259003811427
0.012605042016806723,1.0,0.0005530881029576142
0.012618296529968454,1.0,0.0005541016426029759
0.01263157894736842,1.0,0.0005552372960904789
0.012644889357218124,1.0,0.0005552743081005287
0.012658227848101266,1.0,0.0005565078229484063
0.012671594508975714,1.0,0.0005612223364415134
0.012684989429175475,1.0,0.0005613679935192735
0.012698412698412698,1.0,0.000563507626173943
0.012711864406779662,1.0,0.0005642350526609837
0.012725344644750796,1.0,0.0005649182145917158
0.012738853503184714,1.0,0.0005655488807165011
0.012752391073326248,1.0,0.0005656012978812582
0.01276595744680851,1.0,0.0005659017751230139
0.012779552715654952,1.0,0.0005667519667194749
0.01279317697228145,1.0,0.0005721205697099957
0.012806830309498399,1.0,0.0005734250742982847
0.01282051282051282,1.0,0.0005747770601546104
0.012834224598930482,1.0,0.0005757625760360055
0.01284796573875803,1.0,0.0005765271968471473
0.012861736334405145,1.0,0.0005799760882806361
0.012875536480686695,1.0,0.0005801536855876568
0.01288936627282492,1.0,0.0005813534637951913
0.012903225806451613,1.0,0.00058400542077762
0.012917115177610334,1.0,0.000584211217347397
0.01293103448275862,1.0,0.0005862166506492458
0.012944983818770227,1.0,0.0005864066322361334
0.012958963282937365,1.0,0.0005876225260840123
0.012972972972972972,1.0,0.000589666112733038
0.012987012987012988,1.0,0.0005910063474381527
0.013001083423618635,1.0,0.0005913203381909856
0.013015184381778741,1.0,0.0005932592969645945
0.013029315960912053,1.0,0.0005937259423322587
0.013043478260869565,1.0,0.0005956336575008025
0.013057671381936888,1.0,0.0005994888364498978
0.013071895424836602,1.0,0.000600875284907346
0.013086150490730643,1.0,0.0006020447438185846
0.013100436681222707,1.0,0.0006024213828724779
0.013114754098360656,1.0,0.000604743453232731
0.01312910284463895,1.0,0.000604925242753368
0.013143483023001095,1.0,0.000606069554665475
0.013157894736842105,1.0,0.0006061113362238613
0.013172338090010977,1.0,0.0006064365375400061
0.013186813186813187,1.0,0.0006082389924979669
0.013201320132013201,1.0,0.0006131890813140756
0.013215859030837005,1.0,0.0006138330928688821
0.013230429988974642,1.0,0.0006152246204850644
0.013245033112582781,1.0,0.0006177339240511244
0.013259668508287293,1.0,0.0006204592456782509
0.01327433628318584,1.0,0.000621306383371654
0.013289036544850499,1.0,0.0006218514613388643
0.013303769401330377,1.0,0.0006229232853697289
0.013318534961154272,1.0,0.0006248579027787999
0.013333333333333334,1.0,0.0006281657906556118
0.013348164627363738,1.0,0.0006308827378527013
0.013363028953229399,1.0,0.0006310941706670312
0.013377926421404682,1.0,0.0006313485915286388
0.013392857142857142,1.0,0.0006315202593499
0.013407821229050279,1.0,0.0006325084760427018
0.013422818791946308,1.0,0.0006326610865557128
0.013437849944008958,1.0,0.0006345414791930383
0.013452914798206279,1.0,0.0006385925183153127
0.013468013468013467,1.0,0.0006403907341327673
0.01348314606741573,1.0,0.0006411237504181648
0.013498312710911136,1.0,0.0006453996930164232
0.013513513513513514,1.0,0.00064643013494204
0.013528748590755355,1.0,0.0006468114998425691
0.013544018058690745,1.0,0.0006496710929710565
0.013559322033898305,1.0,0.0006501069324105795
0.013574660633484163,1.0,0.0006508151073632217
0.013590033975084938,1.0,0.0006523958164896262
0.013605442176870748,1.0,0.0006548332405680559
0.01362088535754824,1.0,0.0006572555741533052
0.013636363636363636,1.0,0.0006610934041601235
0.013651877133105802,1.0,0.0006613598604345455
0.01366742596810934,1.0,0.0006614818510545415
0.013683010262257697,1.0,0.0006619691970229378
0.0136986301369863,1.0,0.0006639123772538305
0.013714285714285714,1.0,0.0006647732457295668
0.013729977116704805,1.0,0.0006652306379286897
0.013745704467353952,1.0,0.0006655419329921813
0.013761467889908258,1.0,0.0006671270751546319
0.013777267508610792,1.0,0.0006679775125000755
0.013793103448275862,1.0,0.0006682869328970091
0.01380897583429229,1.0,0.000669724063228894
0.013824884792626729,1.0,0.0006718551509127681
0.01384083044982699,1.0,0.0006777045691429435
0.013856812933025405,1.0,0.0006791442751532887
0.013872832369942197,1.0,0.0006804344053549181
0.013888888888888888,1.0,0.0006816454703308253
0.013904982618771726,1.0,0.0006817352862577667
0.013921113689095127,1.0,0.0006848848410486156
0.013937282229965157,1.0,0.0006882314487754844
0.013953488372093023,1.0,0.000689510660138235
0.013969732246798603,1.0,0.0006914214519665615
0.013986013986013986,1.0,0.000695823238897488
0.014002333722287048,1.0,0.0006958778813437495
0.014018691588785047,1.0,0.0006968020219965362
0.014035087719298246,1.0,0.0006980690941261904
0.01405152224824356,1.0,0.0006998200850361222
0.01406799531066823,1.0,0.0007000572013147064
0.014084507042253521,1.0,0.0007005181668367394
0.01410105757931845,1.0,0.0007041757229854829
0.01411764705882353,1.0,0.0007074589595970633
0.014134275618374558,1.0,0.0007078021708087019
0.014150943396226415,1.0,0.0007114774816891844
0.014167650531286895,1.0,0.000713400332019777
0.014184397163120567,1.0,0.0007137996595293299
0.014201183431952662,1.0,0.0007181203711508784
0.014218009478672985,1.0,0.0007218987607886361
0.014234875444839857,1.0,0.0007276735672196991
0.014251781472684086,1.0,0.0007277086448923902
0.014268727705112961,1.0,0.0007294290774123465
0.014285714285714285,1.0,0.0007308489605572182
0.014302741358760428,1.0,0.0007323301683944974
0.014319809069212411,1.0,0.0007332823608273375
0.014336917562724014,1.0,0.0007333014910712078
0.014354066985645933,1.0,0.0007336230185818279
0.01437125748502994,1.0,0.0007344161206501714
0.014388489208633094,1.0,0.0007355157318536006
0.014405762304921969,1.0,0.0007365694954051836
0.014423076923076924,1.0,0.0007389298035643187
0.01444043321299639,1.0,0.0007399848001014156
0.014457831325301205,1.0,0.0007400798843001595
0.014475271411338963,1.0,0.0007416361976204711
0.014492753623188406,1.0,0.0007416723712967022
0.014510278113663845,1.0,0.0007422125933344717
0.014527845036319613,1.0,0.0007433739620902659
0.014545454545454545,1.0,0.0007454265047432735
0.014563106796116505,1.0,0.0007468364698139186
0.014580801944106925,1.0,0.0007470752798091825
0.014598540145985401,1.0,0.0007508308019233794
0.014616321559074299,1.0,0.0007561946215163732
0.014634146341463415,1.0,0.000756663462707137
0.014652014652014652,1.0,0.0007601441128961359
0.014669926650366748,1.0,0.0007641374004277459
0.014687882496940025,1.0,0.0007644384671990554
0.014705882352941176,1.0,0.0007674875686781505
0.014723926380368098,1.0,0.0007688482276212156
0.014742014742014743,1.0,0.0007689038195432525
0.014760147601476014,1.0,0.0007689793814884636
0.014778325123152709,1.0,0.0007740321658429771
0.014796547472256474,1.0,0.0007749181554815501
0.014814814814814815,1.0,0.0007766785321002209
0.014833127317676144,1.0,0.000778513094925281
0.01485148514851485,1.0,0.0007790878609260808
0.01486988847583643,1.0,0.0007815617534015234
0.01488833746898263,1.0,0.0007816262395075623
0.014906832298136646,1.0,0.0007888233597686837
0.014925373134328358,1.0,0.0007910024893853203
0.014943960149439602,1.0,0.0007925072618772368
0.014962593516209476,1.0,0.0007930892055922031
0.0149812734082397,1.0,0.0007939857219753179
0.015,1.0,0.0007941109854296958
0.015018773466833541,1.0,0.0007941810357369523
0.015037593984962405,1.0,0.0007961018806567425
0.015056461731493099,1.0,0.0007970092450002922
0.01507537688442211,1.0,0.000798098717194984
0.01509433962264151,1.0,0.0007980988366736504
0.015113350125944584,1.0,0.0007985064255361677
0.015132408575031526,1.0,0.0007999483119515976
0.015151515151515152,1.0,0.0008017792042061142
0.015170670037926675,1.0,0.0008022580767220402
0.015189873417721518,1.0,0.0008024260800889615
0.015209125475285171,1.0,0.0008045264234712778
0.015228426395939087,1.0,0.0008055325013212838
0.015247776365946633,1.0,0.0008067210847866689
0.015267175572519083,1.0,0.0008085254962493581
0.015286624203821656,1.0,0.0008130665864129157
0.015306122448979591,1.0,0.0008143883558643628
0.01532567049808429,1.0,0.0008146099477281067
0.015345268542199489,1.0,0.0008149131096201033
0.015364916773367477,1.0,0.0008160404565812876
0.015384615384615385,1.0,0.0008161453088327518
0.01540436456996149,1.0,0.0008222159194455116
0.015424164524421594,1.0,0.000822897260357112
0.015444015444015444,1.0,0.0008231886009941587
0.015463917525773196,1.0,0.0008232191371335078
0.015483870967741935,1.0,0.0008319379795029826
0.015503875968992248,1.0,0.0008322035564384646
0.015523932729624839,1.0,0.0008327958681488241
0.015544041450777202,1.0,0.0008333746631501819
0.01556420233463035,1.0,0.0008393134562062698
0.015584415584415584,1.0,0.0008402661127337848
0.015604681404421327,1.0,0.0008406309661572658
0.015625,1.0,0.0008413595783403158
0.01564537157757497,1.0,0.000842042095474307
0.015665796344647518,1.0,0.0008453181725796175
0.01568627450980392,1.0,0.0008465386557510275
0.015706806282722512,1.0,0.0008482513790267695
0.015727391874180863,1.0,0.0008487796064388404
0.015748031496062992,1.0,0.0008496689393955524
0.01576872536136662,1.0,0.000854674364024166
0.015789473684210527,1.0,0.0008574928652044693
0.015810276679841896,1.0,0.0008576832026490447
0.0158311345646438,1.0,0.0008612838456671503
0.015852047556142668,1.0,0.0008643980420778855
0.015873015873015872,1.0,0.0008674069115241339
0.015894039735099338,1.0,0.0008679213931999614
0.015915119363395226,1.0,0.0008697193501512755
0.01593625498007968,1.0,0.0008713133991505498
0.015957446808510637,1.0,0.0008723123234605768
0.015978695073235686,1.0,0.0008771526516273256
0.016,1.0,0.0008779284319158472
0.01602136181575434,1.0,0.0008797473386389372
0.016042780748663103,1.0,0.0008804753261653509
0.01606425702811245,1.0,0.0008813108517466399
0.0160857908847185,1.0,0.0008815048009251663
0.016107382550335572,1.0,0.0008836781343633084
0.016129032258064516,1.0,0.0008836864313509068
0.016150740242261104,1.0,0.0008850288993863187
0.016172506738544475,1.0,0.0008850797222535599
0.016194331983805668,1.0,0.0008936787076865729
0.016216216216216217,1.0,0.0008944260486533889
0.016238159675236806,1.0,0.0008963216241655218
0.016260162601626018,1.0,0.0008994458096793095
0.016282225237449117,1.0,0.0009029483761067372
0.016304347826086956,1.0,0.0009102139239194267
0.0163265306122449,1.0,0.000911411041066097
0.01634877384196185,1.0,0.0009146468697835705
0.01637107776261937,1.0,0.0009149418722322076
0.01639344262295082,1.0,0.0009167290804705584
0.016415868673050615,1.0,0.0009177940813302384
0.01643835616438356,1.0,0.0009271255250924542
0.01646090534979424,1.0,0.0009290969276341083
0.016483516483516484,1.0,0.0009292894932823802
0.016506189821182942,1.0,0.0009300308616659859
0.01652892561983471,1.0,0.0009311577636506728
0.016551724137931035,1.0,0.000931204895168148
0.016574585635359115,1.0,0.0009358612031317206
0.016597510373443983,1.0,0.0009361653332296057
0.01662049861495845,1.0,0.0009364204752247865
0.016643550624133148,1.0,0.000937938922177105
0.016666666666666666,1.0,0.0009385433413285206
0.016689847009735744,1.0,0.0009406725460469163
0.016713091922005572,1.0,0.0009422348557055738
0.016736401673640166,1.0,0.0009451288831480062
0.01675977653631285,1.0,0.0009517921002635347
0.016783216783216783,1.0,0.0009531511394757209
0.01680672268907563,1.0,0.0009555027139737842
0.016830294530154277,1.0,0.0009569268728180271
0.016853932584269662,1.0,0.0009574853255149498
0.016877637130801686,1.0,0.0009598777606331313
0.016901408450704224,1.0,0.0009627780074258283
0.01692524682651622,1.0,0.0009645185601453374
0.01694915254237288,1.0,0.0009653624540698406
0.016973125884016973,1.0,0.0009660441245088762
0.0169971671388102,1.0,0.0009695333988958112
0.01702127659574468,1.0,0.0009704637265169995
0.017045454545454544,1.0,0.0009718266426940353
0.017069701280227598,1.0,0.0009728718708283623
0.017094017094017096,1.0,0.0009753071219851369
0.017118402282453638,1.0,0.000977981658086369
0.017142857142857144,1.0,0.0009821307773177994
0.017167381974248927,1.0,0.0009821585794593465
0.017191977077363897,1.0,0.0009876090402619964
0.01721664275466284,1.0,0.000987639611089366
0.017241379310344827,1.0,0.0009888144858459186
0.017266187050359712,1.0,0.0009905756721395845
0.01729106628242075,1.0,0.0009986731123084755
0.017316017316017316,1.0,0.0010025254713987156
0.017341040462427744,1.0,0.0010035230900216345
0.017366136034732273,1.0,0.0010057599260434394
0.017391304347826087,1.0,0.0010094277257555791
0.01741654571843251,1.0,0.0010112423568425408
0.01744186046511628,1.0,0.0010129666591091866
0.017467248908296942,1.0,0.0010151791226627044
0.01749271137026239,1.0,0.0010161066666119745
0.017518248175182483,1.0,0.0010174754233760069
0.017543859649122806,1.0,0.0010209867781950633
0.017569546120058566,1.0,0.0010258298730744491
0.017595307917888565,1.0,0.0010261700318086428
0.01762114537444934,1.0,0.0010263794975807498
0.01764705882352941,1.0,0.0010279537860776885
0.017673048600883652,1.0,0.0010295305256405548
0.017699115044247787,1.0,0.0010308295637693656
0.01772525849335303,1.0,0.0010315779807115182
0.01775147928994083,1.0,0.0010317438978261755
0.017777777777777778,1.0,0.0010320367280999673
0.017804154302670624,1.0,0.001043126434556973
0.017830609212481426,1.0,0.0010534361722599759
0.017857142857142856,1.0,0.0010587586970861958
0.01788375558867362,1.0,0.0010639349989159492
0.01791044776119403,1.0,0.001066372140811224
0.017937219730941704,1.0,0.0010701794404868274
0.017964071856287425,1.0,0.0010716295270746176
0.017991004497751123,1.0,0.0010809693647840703
0.018018018018018018,1.0,0.0010824774236494106
0.01804511278195489,1.0,0.0010829965389942981
0.018072289156626505,1.0,0.001083623910593294
0.01809954751131222,1.0,0.001084276033182478
0.01812688821752266,1.0,0.001087735342905433
0.018154311649016642,1.0,0.0010916816509899318
0.01818181818181818,1.0,0.0010936970962097824
0.018209408194233688,1.0,0.0010943205596950693
0.0182370820668693,1.0,0.00109728809593325
0.0182648401826484,1.0,0.001101055191567349
0.018292682926829267,1.0,0.0011043348586143242
0.0183206106870229,1.0,0.001105223026500335
0.01834862385321101,1.0,0.0011091390417171279
0.018376722817764167,1.0,0.0011106194558072506
0.018404907975460124,1.0,0.0011117009238216947
0.018433179723502304,1.0,0.001116311920927814
0.018461538461538463,1.0,0.0011176696364583176
0.01848998459167951,1.0,0.0011179110427829793
0.018518518518518517,1.0,0.0011233428196866522
0.01854714064914992,1.0,0.0011254657894890561
0.018575851393188854,1.0,0.0011258927709805729
0.018604651162790697,1.0,0.0011259685739648357
0.018633540372670808,1.0,0.0011260341264123644
0.01866251944012442,1.0,0.0011277626242836894
0.018691588785046728,1.0,0.0011285613917663556
0.0187207488299532,1.0,0.0011287861216065977
0.01875,1.0,0.0011332374009394815
0.018779342723004695,1.0,0.0011371717622137485
0.018808777429467086,1.0,0.001141184102419415
0.018838304552590265,1.0,0.0011416312777788153
0.018867924528301886,1.0,0.0011562107310391914
0.01889763779527559,1.0,0.0011564072692521153
0.01892744479495268,1.0,0.0011580381887998023
0.018957345971563982,1.0,0.0011599012154942837
0.0189873417721519,1.0,0.001167216468274416
0.01901743264659271,1.0,0.0011683651905588458
0.01904761904761905,1.0,0.0011697817642937446
0.019077901430842606,1.0,0.0011700392601597153
0.01910828025477707,1.0,0.0011724952253431564
0.019138755980861243,1.0,0.0011744393087330396
0.019169329073482427,1.0,0.0011765130095607672
0.0192,1.0,0.0011810123447681493
0.019230769230769232,1.0,0.0011834250442586084
0.019261637239165328,1.0,0.0011843914801723788
0.01929260450160772,1.0,0.0011858782742267958
0.01932367149758454,1.0,0.0011954183811424548
0.01935483870967742,1.0,0.001197022588402292
0.01938610662358643,1.0,0.0011980619758132551
0.019417475728155338,1.0,0.0012001509929239098
0.019448946515397084,1.0,0.00120239135530975
0.01948051948051948,1.0,0.0012025934328107298
0.01951219512195122,1.0,0.0012047704878156162
0.019543973941368076,1.0,0.0012159682762090712
0.01957585644371941,1.0,0.0012252991743013056
0.0196078431372549,1.0,0.001226771288119707
0.019639934533551555,1.0,0.0012296025379018671
0.019672131147540985,1.0,0.0012297361022435326
0.019704433497536946,1.0,0.0012299004566697818
0.019736842105263157,1.0,0.0012308206067869042
0.019769357495881382,1.0,0.0012315379878836135
0.019801980198019802,1.0,0.0012348989240201587
0.019834710743801654,1.0,0.0012365691745195256
0.019867549668874173,1.0,0.0012395733261735837
0.01990049751243781,1.0,0.0012451966167986534
0.019933554817275746,1.0,0.0012453230613259287
0.019966722129783693,1.0,0.0012465158862978636
0.02,1.0,0.0012471100817236975
0.02003338898163606,1.0,0.001250677679418806
0.020066889632107024,1.0,0.0012518805258484008
0.020100502512562814,1.0,0.0012543378929555909
0.020134228187919462,1.0,0.0012627706871285952
0.020168067226890758,1.0,0.0012684648402940175
0.020202020202020204,1.0,0.0012702585262751016
0.02023608768971332,1.0,0.0012714233049954415
0.02027027027027027,1.0,0.0012737707436730674
0.02030456852791878,1.0,0.0012743535037513783
0.020338983050847456,1.0,0.0012743783916305245
0.02037351443123939,1.0,0.0012762471484833277
0.02040816326530612,1.0,0.0012820110025197884
0.020442930153321975,1.0,0.0012836628423115327
0.020477815699658702,1.0,0.0012893799352716234
0.020512820512820513,1.0,0.0012945130710659443
0.02054794520547945,1.0,0.0013004705987231348
0.02058319039451115,1.0,0.0013080206503899726
0.020618556701030927,1.0,0.0013090805936075555
0.020654044750430294,1.0,0.0013120498660006581
0.020689655172413793,1.0,0.001314828444357868
0.02072538860103627,1.0,0.0013192647548608885
0.020761245674740483,1.0,0.001324612651620395
0.02079722703639515,1.0,0.0013254139065471834
0.020833333333333332,1.0,0.0013254463758481869
0.020869565217391306,1.0,0.0013284742203965787
0.020905923344947737,1.0,0.0013340196276514851
0.020942408376963352,1.0,0.0013358488298277
0.02097902097902098,1.0,0.0013365898854292698
0.021015761821366025,1.0,0.0013391528960278439
0.021052631578947368,1.0,0.0013391730935103164
0.0210896309314587,1.0,0.0013394877186073586
0.02112676056338028,1.0,0.0013404513003454311
0.021164021164021163,1.0,0.001341571388290277
0.02120141342756184,1.0,0.0013459942673816176
0.021238938053097345,1.0,0.0013484785049025603
0.02127659574468085,1.0,0.0013522524502535581
0.021314387211367674,1.0,0.0013545022086995319
0.021352313167259787,1.0,0.0013582909815511583
0.0213903743315508,1.0,0.0013660029425279962
0.02142857142857143,1.0,0.0013683806483354914
0.02146690518783542,1.0,0.001369197672940737
0.021505376344086023,1.0,0.0013700691596867918
0.02154398563734291,1.0,0.0013721602040869898
0.02158273381294964,1.0,0.0013727215261775721
0.021621621621621623,1.0,0.0013750280967726992
0.021660649819494584,1.0,0.0013776953733841662
0.0216998191681736,1.0,0.0013795754168729989
0.021739130434782608,1.0,0.0013828901557137922
0.021778584392014518,1.0,0.0013832761680437785
0.02181818181818182,1.0,0.0013863474473924636
0.02185792349726776,1.0,0.0013897339347939577
0.021897810218978103,1.0,0.001389858669457484
0.021937842778793418,1.0,0.0013898602436580717
0.02197802197802198,1.0,0.0014089471296426014
0.022018348623853212,1.0,0.00140938354133187
0.022058823529411766,1.0,0.0014139672094319747
0.022099447513812154,1.0,0.0014233348275447591
0.02214022140221402,1.0,0.0014283474061112553
0.022181146025878003,1.0,0.0014286264294021377
0.022222222222222223,1.0,0.0014291839838096228
0.022263450834879406,1.0,0.001435600485799732
0.022304832713754646,1.0,0.0014410915833530053
0.0223463687150838,1.0,0.0014450221637460586
0.022388059701492536,1.0,0.0014470872058959736
0.022429906542056073,1.0,0.0014483021191171973
0.02247191011235955,1.0,0.0014485800094351249
0.0225140712945591,1.0,0.0014512671285537683
0.022556390977443608,1.0,0.0014529970612067197
0.022598870056497175,1.0,0.0014544219049303989
0.022641509433962263,1.0,0.001455472643981372
0.022684310018903593,1.0,0.0014565210015020852
0.022727272727272728,1.0,0.0014608985417823616
0.022770398481973434,1.0,0.0014639420424702473
0.022813688212927757,1.0,0.0014655913231696556
0.022857142857142857,1.0,0.001466257082965096
0.022900763358778626,1.0,0.0014663556853842952
0.022944550669216062,1.0,0.0014764142928119439
0.022988505747126436,1.0,0.001483827039094282
0.023032629558541268,1.0,0.0014861896974038926
0.023076923076923078,1.0,0.0014875975561705482
0.023121387283236993,1.0,0.0014972044377285297
0.023166023166023165,1.0,0.001497408040870954
0.02321083172147002,1.0,0.00149895294045044
0.023255813953488372,1.0,0.001504920877889608
0.02330097087378641,1.0,0.0015278971059625149
0.023346303501945526,1.0,0.0015291233370188049
0.023391812865497075,1.0,0.0015397084249730937
0.0234375,1.0,0.0015454076802187905
0.023483365949119372,1.0,0.0015467893038729446
0.023529411764705882,1.0,0.0015523340523470879
0.023575638506876228,1.0,0.0015718273317824381
0.023622047244094488,1.0,0.001573375550965985
0.023668639053254437,1.0,0.0015744146165460706
0.023715415019762844,1.0,0.0015755207601607312
0.023762376237623763,1.0,0.0015778647631102202
0.023809523809523808,1.0,0.001578451331290457
0.02385685884691849,1.0,0.0015787091465142237
0.02390438247011952,1.0,0.001582256260662699
0.023952095808383235,1.0,0.0015842773537314107
0.024,1.0,0.0015847945179892178
0.02404809619238477,1.0,0.0015883225303356242
0.024096385542168676,1.0,0.0015914647207524678
0.02414486921529175,1.0,0.0015916672248662434
0.024193548387096774,1.0,0.001592045824746154
0.024242424242424242,1.0,0.0015946451179361255
0.024291497975708502,1.0,0.0016033113163816933
0.02434077079107505,1.0,0.0016400286955186025
0.024390243902439025,1.0,0.001654631968863062
0.024439918533604887,1.0,0.0016559443572374225
0.024489795918367346,1.0,0.0016582931646658035
0.024539877300613498,1.0,0.0016607290731962556
0.02459016393442623,1.0,0.001667963287544188
0.024640657084188913,1.0,0.0016690978962538875
0.024691358024691357,1.0,0.0016698786526406712
0.024742268041237112,1.0,0.001673984956409344
0.024793388429752067,1.0,0.0016749531601317413
0.024844720496894408,1.0,0.0016789624177584832
0.024896265560165973,1.0,0.001682200937010002
0.02494802494802495,1.0,0.001684666560333725
0.025,1.0,0.0016853321701273583
0.025052192066805846,1.0,0.0016925212091247934
0.02510460251046025,1.0,0.0016943244222930474
0.025157232704402517,1.0,0.0016969797017676689
0.025210084033613446,1.0,0.0017005974861626374
0.02526315789473684,1.0,0.0017014298271337631
0.02531645569620253,1.0,0.0017082834863488688
0.02536997885835095,1.0,0.0017131460592136397
0.025423728813559324,1.0,0.001717615637189799
0.025477707006369428,1.0,0.0017219356462964146
0.02553191489361702,1.0,0.001726601136248328
0.0255863539445629,1.0,0.001734394847704933
0.02564102564102564,1.0,0.0017356188956727794
0.02569593147751606,1.0,0.00177198304180242
0.02575107296137339,1.0,0.0017784327022712233
0.025806451612903226,1.0,0.0017875277045184186
0.02586206896551724,1.0,0.0017961172377061907
0.02591792656587473,1.0,0.0017966946754507291
0.025974025974025976,1.0,0.001800982406131984
0.026030368763557483,1.0,0.001806797264177684
0.02608695652173913,1.0,0.0018173302337907019
0.026143790849673203,1.0,0.0018177779475924975
0.026200873362445413,1.0,0.0018181464891928836
0.0262582056892779,1.0,0.001821876571615816
0.02631578947368421,1.0,0.001822506415340038
0.026373626373626374,1.0,0.0018234725669038863
0.02643171806167401,1.0,0.0018285490739338686
0.026490066225165563,1.0,0.0018306738892415032
0.02654867256637168,1.0,0.0018313602969783323
0.026607538802660754,1.0,0.0018399907128285643
0.02666666666666667,1.0,0.0018450474184321575
0.026726057906458798,1.0,0.0018521265719162257
0.026785714285714284,1.0,0.00185924725660102
0.026845637583892617,1.0,0.0018606695541570973
0.026905829596412557,1.0,0.0018648198297780954
0.02696629213483146,1.0,0.0018682805101846284
0.02702702702702703,1.0,0.0018726649416789026
0.02708803611738149,1.0,0.0018809751303985318
0.027149321266968326,1.0,0.001884159560621902
0.027210884353741496,1.0,0.0018868678295151837
0.02727272727272727,1.0,0.001890916908641076
0.02733485193621868,1.0,0.0018935226304620913
0.0273972602739726,1.0,0.0018958680394624754
0.02745995423340961,1.0,0.0018968056138252095
0.027522935779816515,1.0,0.0018995163280047028
0.027586206896551724,1.0,0.0019019402395592968
0.027649769585253458,1.0,0.0019072501872425518
0.02771362586605081,1.0,0.0019096851049587682
0.027777777777777776,1.0,0.0019308366905893325
0.027842227378190254,1.0,0.0019463402627454746
0.027906976744186046,1.0,0.0019475086106567098
0.027972027972027972,1.0,0.001953355155426105
0.028037383177570093,1.0,0.0019617074012049213
0.02810304449648712,1.0,0.0019626854308931988
0.028169014084507043,1.0,0.0019642241305861553
0.02823529411764706,1.0,0.001973624225940869
0.02830188679245283,1.0,0.0019740721059817376
0.028368794326241134,1.0,0.0019760143763274795
0.02843601895734597,1.0,0.0019778174646051935
0.028503562945368172,1.0,0.001990583671384059
0.02857142857142857,1.0,0.0019909790299661606
0.028639618138424822,1.0,0.0019918533040778844
0.028708133971291867,1.0,0.0019924927109984704
0.02877697841726619,1.0,0.0020070254433179648
0.028846153846153848,1.0,0.0020193849251449974
0.02891566265060241,1.0,0.0020244478002001
0.028985507246376812,1.0,0.0020276391468862153
0.029055690072639227,1.0,0.002031739533348918
0.02912621359223301,1.0,0.0020329430976431407
0.029197080291970802,1.0,0.0020424136101560813
0.02926829268292683,1.0,0.0020508375654843757
0.029339853300733496,1.0,0.0020570310396378043
0.029411764705882353,1.0,0.002057764598700083
0.029484029484029485,1.0,0.0020602885216379754
0.029556650246305417,1.0,0.0020609553915689905
0.02962962962962963,1.0,0.0020924328296031713
0.0297029702970297,1.0,0.0020972928003116457
0.02977667493796526,1.0,0.002098374425100743
0.029850746268656716,1.0,0.002100802628813835
0.029925187032418952,1.0,0.002102953544544471
0.03,1.0,0.0021058236289931676
0.03007518796992481,1.0,0.0021182079803034443
0.03015075376884422,1.0,0.0021333370140221948
0.030226700251889168,1.0,0.0021353917593833712
0.030303030303030304,1.0,0.0021446184862532708
0.030379746835443037,1.0,0.002148924960400247
0.030456852791878174,1.0,0.0021519994199975636
0.030534351145038167,1.0,0.002156403904697692
0.030612244897959183,1.0,0.002162796497684718
0.030690537084398978,1.0,0.0021796035147377923
0.03076923076923077,1.0,0.00218315423170631
0.030848329048843187,1.0,0.002186762790412621
0.030927835051546393,1.0,0.0021878792234911516
0.031007751937984496,1.0,0.0021911221276576217
0.031088082901554404,1.0,0.002206624119129587
0.03116883116883117,1.0,0.002230852723552065
0.03125,1.0,0.002233891856475732
0.031331592689295036,1.0,0.002237252410322077
0.031413612565445025,1.0,0.00224252344117098
0.031496062992125984,1.0,0.002244012343799651
0.031578947368421054,1.0,0.0022649952809013414
0.0316622691292876,1.0,0.0022787568748309475
0.031746031746031744,1.0,0.002279104315192278
0.03183023872679045,1.0,0.0023005553733237657
0.031914893617021274,1.0,0.0023023913311638854
0.032,1.0,0.0023057031050401668
0.03208556149732621,1.0,0.0023127382486720074
0.032171581769437,1.0,0.0023438612570138464
0.03225806451612903,1.0,0.0023598347843523564
0.03234501347708895,1.0,0.002363568153187311
0.032432432432432434,1.0,0.002382932150120436
0.032520325203252036,1.0,0.002394065311003112
0.03260869565217391,1.0,0.0024349156987907568
0.0326975476839237,1.0,0.002435167562034458
0.03278688524590164,1.0,0.002435542924227061
0.03287671232876712,1.0,0.002439399980646147
0.03296703296703297,1.0,0.0024401329225440436
0.03305785123966942,1.0,0.0024480527152124097
0.03314917127071823,1.0,0.002450128684241812
0.0332409972299169,1.0,0.0024648838959488643
0.03333333333333333,1.0,0.002467070351161569
0.033426183844011144,1.0,0.0024810095436136916
0.0335195530726257,1.0,0.002486492642953326
0.03361344537815126,1.0,0.0024966859481700596
0.033707865168539325,1.0,0.002509628056982264
0.03380281690140845,1.0,0.002513748077711002
0.03389830508474576,1.0,0.0025143866878385266
0.0339943342776204,1.0,0.002514514002889963
0.03409090909090909,1.0,0.002522221702511531
0.03418803418803419,1.0,0.002522648387587055
0.03428571428571429,1.0,0.002527331563767284
0.034383954154727794,1.0,0.002535776278690005
0.034482758620689655,1.0,0.002591854446095949
0.0345821325648415,1.0,0.0026159987479736422
0.03468208092485549,1.0,0.002617530326384488
0.034782608695652174,1.0,0.002618147970326562
0.03488372093023256,1.0,0.0026313116667058137
0.03498542274052478,1.0,0.0026417958012875
0.03508771929824561,1.0,0.002652736970704726
0.03519061583577713,1.0,0.002657313793179063
0.03529411764705882,1.0,0.0026597889510963073
0.035398230088495575,1.0,0.0026846410367673858
0.03550295857988166,1.0,0.002696184164700052
0.03560830860534125,1.0,0.0027132509649973376
0.03571428571428571,1.0,0.002714141522079248
0.03582089552238806,1.0,0.002720009556763571
0.03592814371257485,1.0,0.002720784452831377
0.036036036036036036,1.0,0.002737235655036284
0.03614457831325301,1.0,0.002740157612032722
0.03625377643504532,1.0,0.0027558149257890436
0.03636363636363636,1.0,0.0027594740611031924
0.0364741641337386,1.0,0.002760044877782784
0.036585365853658534,1.0,0.0027656005028745723
0.03669724770642202,1.0,0.002775551499166541
0.03680981595092025,1.0,0.0027974234945808227
0.036923076923076927,1.0,0.0027995080377017103
0.037037037037037035,1.0,0.0028077547219319708
0.03715170278637771,1.0,0.002813129288575564
0.037267080745341616,1.0,0.0028178788522169175
0.037383177570093455,1.0,0.0028236822984114723
0.0375,1.0,0.0028264741820022404
0.03761755485893417,1.0,0.0028324425252247683
0.03773584905660377,1.0,0.0028467307802449307
0.03785488958990536,1.0,0.0028650672134269434
0.0379746835443038,1.0,0.002871539368506106
0.0380952380952381,1.0,0.0028743035906788777
0.03821656050955414,1.0,0.0028873134288759437
0.038338658146964855,1.0,0.0029147726188553913
0.038461538461538464,1.0,0.0029182954775960235
0.03858520900321544,1.0,0.002926463200236699
0.03870967741935484,1.0,0.0029297880024412967
0.038834951456310676,1.0,0.002930781064535297
0.03896103896103896,1.0,0.0029354326481578516
0.03908794788273615,1.0,0.0029396367679345634
0.0392156862745098,1.0,0.002941849842841803
0.03934426229508197,1.0,0.0029700737641682904
0.039473684210526314,1.0,0.0029788582895109877
0.039603960396039604,1.0,0.002996433753194403
0.039735099337748346,1.0,0.0030427846809279414
0.03986710963455149,1.0,0.0030502611628282646
0.04,1.0,0.00306178054700747
0.04013377926421405,1.0,0.0030633377134163062
0.040268456375838924,1.0,0.0030902615586703383
0.04040404040404041,1.0,0.0030996937292708244
0.04054054054054054,1.0,0.0031138830411870095
0.04067796610169491,1.0,0.0031270582986547245
0.04081632653061224,1.0,0.003135172023502394
0.040955631399317405,1.0,0.003149967398346155
0.0410958904109589,1.0,0.0031559975968319673
0.041237113402061855,1.0,0.0031720558893644705
0.041379310344827586,1.0,0.0031978353279360407
0.04152249134948097,1.0,0.003221385103847151
0.041666666666666664,1.0,0.003254382106443456
0.041811846689895474,1.0,0.0033128286702777095
0.04195804195804196,1.0,0.003397058484373203
0.042105263157894736,1.0,0.0034056475177432735
0.04225352112676056,1.0,0.0034179177273387967
0.04240282685512368,1.0,0.0034309155800597924
0.0425531914893617,1.0,0.0034957644147256078
0.042704626334519574,1.0,0.0035021650607244166
0.04285714285714286,1.0,0.0035156410404331103
0.043010752688172046,1.0,0.003519170436257143
0.04316546762589928,1.0,0.0035220839326816624
0.04332129963898917,1.0,0.003544388885157382
0.043478260869565216,1.0,0.0035623963985120933
0.04363636363636364,1.0,0.00356426761432964
0.043795620437956206,1.0,0.0035796921432798812
0.04395604395604396,1.0,0.003606831122566754
0.04411764705882353,1.0,0.003609536073113151
0.04428044280442804,1.0,0.0036144852594858935
0.044444444444444446,1.0,0.0036185244946812826
0.04460966542750929,1.0,0.0036274082143262698
0.04477611940298507,1.0,0.0036298211358154722
0.0449438202247191,1.0,0.003633171493716576
0.045112781954887216,1.0,0.0036555228176972116
0.045283018867924525,1.0,0.003667755043994859
0.045454545454545456,1.0,0.003682235143372425
0.045627376425855515,1.0,0.0037028879696101094
0.04580152671755725,1.0,0.0037429782684289866
0.04597701149425287,1.0,0.0037529381406455294
0.046153846153846156,1.0,0.003758851532534946
0.04633204633204633,1.0,0.003766511880292747
0.046511627906976744,1.0,0.0037720981516249754
0.04669260700389105,1.0,0.0038342286045646634
0.046875,1.0,0.00383850063933511
0.047058823529411764,1.0,0.0038501879002246324
0.047244094488188976,1.0,0.003852851943037918
0.04743083003952569,1.0,0.003855375038752859
0.047619047619047616,1.0,0.0038650482887911974
0.04780876494023904,1.0,0.0038893896381939005
0.048,1.0,0.0039100237174058495
0.04819277108433735,1.0,0.003911730436587633
0.04838709677419355,1.0,0.003959414186876435
0.048582995951417005,1.0,0.003962518771247545
0.04878048780487805,1.0,0.003967099315141565
0.04897959183673469,1.0,0.00400128694966285
0.04918032786885246,1.0,0.004002826523195922
0.04938271604938271,1.0,0.004035364659746707
0.049586776859504134,1.0,0.004037755698335379
0.04979253112033195,1.0,0.004038732357372954
0.05,1.0,0.004070460434022129
0.0502092050209205,1.0,0.0040943098605762075
0.05042016806722689,1.0,0.004116926332594478
0.05063291139240506,1.0,0.004126040096806816
0.05084745762711865,1.0,0.0041319054730401435
0.05106382978723404,1.0,0.00413548684877023
0.05128205128205128,1.0,0.004157960774791533
0.05150214592274678,1.0,0.004169649802475611
0.05172413793103448,1.0,0.0041947382033746
0.05194805194805195,1.0,0.004248494821186787
0.05217391304347826,1.0,0.00425012148798202
0.05240174672489083,1.0,0.004266585421933144
0.05263157894736842,1.0,0.004313400140547214
0.05286343612334802,1.0,0.004332945394582645
0.05309734513274336,1.0,0.004403684176619084
0.05333333333333334,1.0,0.004419160780699462
0.05357142857142857,1.0,0.00442693715224208
0.053811659192825115,1.0,0.004439918683072756
0.05405405405405406,1.0,0.004505206817393085
0.05429864253393665,1.0,0.004588507773135307
0.05454545454545454,1.0,0.004599024741244676
0.0547945205479452,1.0,0.004629420425409555
0.05504587155963303,1.0,0.004629450079639706
0.055299539170506916,1.0,0.004647654858061575
0.05555555555555555,1.0,0.004651498033006608
0.05581395348837209,1.0,0.004682241310218431
0.056074766355140186,1.0,0.004699766663182987
0.056338028169014086,1.0,0.004713010749373929
0.05660377358490566,1.0,0.004742416702763157
0.05687203791469194,1.0,0.0047523215488428985
0.05714285714285714,1.0,0.004812183208941408
0.05741626794258373,1.0,0.0048168916391440175
0.057692307692307696,1.0,0.004883186941026383
0.057971014492753624,1.0,0.004883754731655662
0.05825242718446602,1.0,0.0048843361965610985
0.05853658536585366,1.0,0.004889023837423667
0.058823529411764705,1.0,0.004891544185933411
0.059113300492610835,1.0,0.004999180775356902
0.0594059405940594,1.0,0.0050300061309465904
0.05970149253731343,1.0,0.005036193897510234
0.06,1.0,0.00505986715856483
0.06030150753768844,1.0,0.005085151113934279
0.06060606060606061,1.0,0.005179491344974983
0.06091370558375635,1.0,0.005227549312600357
0.061224489795918366,1.0,0.005285426589403446
0.06153846153846154,1.0,0.005305040285068524
0.061855670103092786,1.0,0.005369741435004852
0.06217616580310881,1.0,0.005394791039753929
0.0625,1.0,0.0054262157631872025
0.06282722513089005,1.0,0.00544577290298695
0.06315789473684211,1.0,0.0054669668865051785
0.06349206349206349,1.0,0.005492405947918289
0.06382978723404255,1.0,0.005544457760932433
0.06417112299465241,1.0,0.0055465989848912
0.06451612903225806,1.0,0.005572779566382964
0.06486486486486487,1.0,0.005575658766540024
0.06521739130434782,1.0,0.005644407922968967
0.06557377049180328,1.0,0.005659836232611683
0.06593406593406594,1.0,0.00566244623986193
0.06629834254143646,1.0,0.005758610979839587
0.06666666666666667,1.0,0.0058251915627913
0.0670391061452514,1.0,0.005842954825455268
0.06741573033707865,1.0,0.005869819987653699
0.06779661016949153,1.0,0.005903022879686854
0.06818181818181818,1.0,0.005904151058708717
0.06857142857142857,1.0,0.005942683161467416
0.06896551724137931,1.0,0.006223990807485286
0.06936416184971098,1.0,0.006229497461319308
0.06976744186046512,1.0,0.006325002516526064
0.07017543859649122,1.0,0.0063286493087019065
0.07058823529411765,1.0,0.006420596329211041
0.07100591715976332,1.0,0.006511226019205451
0.07142857142857142,1.0,0.006552468386737875
0.0718562874251497,1.0,0.00658307538834182
0.07228915662650602,1.0,0.006605791206262065
0.07272727272727272,1.0,0.006691234542768079
0.07317073170731707,1.0,0.006828545235006326
0.0736196319018405,1.0,0.006889711199263685
0.07407407407407407,1.0,0.007077019232832337
0.07453416149068323,1.0,0.007131975814086353
0.075,1.0,0.0071969144408014305
0.07547169811320754,1.0,0.0072857756030404635
0.0759493670886076,1.0,0.00729164781018465
0.07643312101910828,1.0,0.007299901739598576
0.07692307692307693,1.0,0.00747693213264695
0.07741935483870968,1.0,0.00764703543198188
0.07792207792207792,1.0,0.007674028048343937
0.0784313725490196,1.0,0.007792807029176317
0.07894736842105263,1.0,0.00781459822355821
0.07947019867549669,1.0,0.00784263114745908
0.08,1.0,0.007911487060089898
0.08053691275167785,1.0,0.008132177837281866
0.08108108108108109,1.0,0.008299548852566079
0.08163265306122448,1.0,0.008430403598988239
0.0821917808219178,1.0,0.008464832707478187
0.08275862068965517,1.0,0.008650106432985204
0.08333333333333333,1.0,0.008714805127265428
0.08391608391608392,1.0,0.008773452130695724
0.08450704225352113,1.0,0.00879964017248752
0.0851063829787234,1.0,0.008963418480685242
0.08571428571428572,1.0,0.008968536988781507
0.08633093525179857,1.0,0.008978579700269516
0.08695652173913043,1.0,0.008987630598741227
0.08759124087591241,1.0,0.00901413907207543
0.08823529411764706,1.0,0.00920567950064568
0.08888888888888889,1.0,0.009221301174343043
0.08955223880597014,1.0,0.009323430785917103
0.09022556390977443,1.0,0.009365005086201406
0.09090909090909091,1.0,0.009437530076808424
0.0916030534351145,1.0,0.00943888008464598
0.09230769230769231,1.0,0.009439268519788786
0.09302325581395349,1.0,0.009467754789783116
0.09375,1.0,0.009474905057991262
0.09448818897637795,1.0,0.009533401706266632
0.09523809523809523,1.0,0.009628480437261219
0.096,1.0,0.009631851350703517
0.0967741935483871,1.0,0.009670650555597671
0.0975609756097561,1.0,0.009702647371048421
0.09836065573770492,1.0,0.009973864650804246
0.09917355371900827,1.0,0.010046102404502913
0.1,1.0,0.01008816150805109
0.10084033613445378,1.0,0.010131649172535439
0.1016949152542373,1.0,0.01025126888429516
0.10256410256410256,1.0,0.010347145998460825
0.10344827586206896,1.0,0.01042576186520458
0.10434782608695652,1.0,0.01045390221861092
0.10526315789473684,1.0,0.010606332569808452
0.10619469026548672,1.0,0.010655049718040072
0.10714285714285714,1.0,0.010703655273229666
0.10810810810810811,1.0,0.010856703115052673
0.10909090909090909,1.0,0.011035947754088588
0.11009174311926606,1.0,0.011354515699130324
0.1111111111111111,1.0,0.011391608376899395
0.11214953271028037,1.0,0.011396241920833647
0.11320754716981132,1.0,0.011440475262997398
0.11428571428571428,1.0,0.011469124881113991
0.11538461538461539,1.0,0.011580836652126869
0.11650485436893204,1.0,0.011720104311971163
0.11764705882352941,1.0,0.011776512449947202
0.1188118811881188,1.0,0.011791446126542957
0.12,1.0,0.011830387853889027
0.12121212121212122,1.0,0.011855335635014367
0.12244897959183673,1.0,0.011884392028779958
0.12371134020618557,1.0,0.012042243981839335
0.125,1.0,0.012102765525985784
0.12631578947368421,1.0,0.01221868793125131
0.1276595744680851,1.0,0.012694965406116782
0.12903225806451613,1.0,0.012861982746000455
0.13043478260869565,1.0,0.012983333193177257
0.13186813186813187,1.0,0.013051777262112893
0.13333333333333333,1.0,0.013165989314906259
0.1348314606741573,1.0,0.013343392525112545
0.13636363636363635,1.0,0.013547140828056525
0.13793103448275862,1.0,0.013588437220207777
0.13953488372093023,1.0,0.013706035088956868
0.1411764705882353,1.0,0.014086154180142713
0.14285714285714285,1.0,0.014483183513081916
0.14457831325301204,1.0,0.01483014977287989
0.14634146341463414,1.0,0.015082595265561102
0.14814814814814814,1.0,0.015215939415634845
0.15,1.0,0.015320570629034518
0.1518987341772152,1.0,0.015943976759893678
0.15384615384615385,1.0,0.01633421142450972
0.15584415584415584,1.0,0.01666568081048792
0.15789473684210525,1.0,0.01671614726395486
0.16,1.0,0.016822734501024346
0.16216216216216217,1.0,0.01700361030927908
0.1643835616438356,1.0,0.01722987201847876
0.16666666666666666,1.0,0.017514701519828826
0.16901408450704225,1.0,0.017636734555549902
0.17142857142857143,1.0,0.017738037262788997
0.17391304347826086,1.0,0.01802007408599387
0.17647058823529413,1.0,0.018370919486742254
0.1791044776119403,1.0,0.018831436042856878
0.18181818181818182,1.0,0.018879087060021775
0.18461538461538463,1.0,0.019210377589874674
0.1875,1.0,0.019388735168106443
0.19047619047619047,1.0,0.019812251966819513
0.1935483870967742,1.0,0.019844818089212412
0.19672131147540983,1.0,0.021164927574255234
0.2,1.0,0.021542294414357475
0.2033898305084746,1.0,0.021853218421245414
0.20689655172413793,1.0,0.02220593681230128
0.21052631578947367,1.0,0.023960977737584134
0.21428571428571427,1.0,0.024048562931029464
0.21818181818181817,1.0,0.024092677558103782
0.2222222222222222,1.0,0.024687648486765103
0.22641509433962265,1.0,0.025281460083869143
0.23076923076923078,1.0,0.025301140283802915
0.23529411764705882,1.0,0.025323228799340434
0.24,1.0,0.02544868301037803
0.24489795918367346,1.0,0.026137297680644517
0.25,1.0,0.027621949768592852
0.2553191489361702,1.0,0.028841490861566624
0.2608695652173913,1.0,0.03148922383866806
0.26666666666666666,1.0,0.031905763697865935
0.2727272727272727,1.0,0.03192341649259773
0.27906976744186046,1.0,0.03276172581207697
0.2857142857142857,1.0,0.0334704010380341
0.2926829268292683,1.0,0.03462268723135096
0.3,1.0,0.034695816033580455
0.3076923076923077,1.0,0.035144607643055305
0.3157894736842105,1.0,0.03613083472042645
0.32432432432432434,1.0,0.038108351760137715
0.3333333333333333,1.0,0.041688951342267556
0.34285714285714286,1.0,0.04243837664535454
0.35294117647058826,1.0,0.04441036845590137
0.36363636363636365,1.0,0.045296651965445356
0.375,1.0,0.04724665125358514
0.3548387096774194,0.9166666666666666,0.04903065105594455
0.36666666666666664,0.9166666666666666,0.0523305633019006
0.3793103448275862,0.9166666666666666,0.05731078020222132
0.39285714285714285,0.9166666666666666,0.06466489625463315
0.4074074074074074,0.9166666666666666,0.06547974763123532
0.4230769230769231,0.9166666666666666,0.07898220000344937
0.44,0.9166666666666666,0.08240660980346745
0.4583333333333333,0.9166666666666666,0.08782789280279142
0.4782608695652174,0.9166666666666666,0.09009846350157968
0.5,0.9166666666666666,0.0919754406162485
0.5238095238095238,0.9166666666666666,0.09933132170061344
0.55,0.9166666666666666,0.10988515886844585
0.5789473684210527,0.9166666666666666,0.12060257147595518
0.5555555555555556,0.8333333333333334,0.12890868384674015
0.5882352941176471,0.8333333333333334,0.1402302272948388
0.625,0.8333333333333334,0.15344390217231516
0.6666666666666666,0.8333333333333334,0.1571658801123479
0.7142857142857143,0.8333333333333334,0.15880994950561447
0.7692307692307693,0.8333333333333334,0.178538110628696
0.75,0.75,0.18507282730420277
0.7272727272727273,0.6666666666666666,0.23823776751962966
0.8,0.6666666666666666,0.28255010169407957
0.8888888888888888,0.6666666666666666,0.38669913441794584
1.0,0.6666666666666666,0.862513903614123
1.0,0.5833333333333334,0.9945987858710773
1.0,0.5,0.9973827312123833
1.0,0.4166666666666667,0.9974861201892202
1.0,0.3333333333333333,0.9984454105684676
1.0,0.25,0.9991296208876984
1.0,0.16666666666666666,0.9996054277596659
1.0,0.08333333333333333,0.9997468303376824
