feature,mi_score
F3484,0.011356522491926091
F1863,0.010249500020100388
F1381,0.00912821632467331
F1495,0.009038273224326376
F1489,0.008282790891885217
F3898,0.00826336991591603
F1597,0.007937951843875135
F1057,0.0077507938213445815
F267,0.007738753196206427
F1603,0.007702979085342676
F1387,0.007694366688030585
F1814,0.00759552151784737
F3800,0.007539876284792024
F1755,0.007531213267736092
F1165,0.007364516300912283
F955,0.007344031798052764
F1166,0.00711596186817931
F949,0.0070929518602930175
F1605,0.0070303169988467085
F3490,0.006818234798445899
F3801,0.006685946967887824
F2030,0.006667481704461742
F2489,0.006662236700858859
F1273,0.006646203317231758
F1279,0.006410488069782949
F1705,0.006346120047571069
F1647,0.006327646158324152
F2486,0.006294426130084685
F1820,0.006230451131729042
F2484,0.00621590313249909
F2686,0.006123446189331805
F3799,0.006095470184395602
F469,0.006086824554333403
F2138,0.006038655034606322
F3812,0.0059933929707288724
F1210,0.005942896194451652
F2290_missing,0.0059406989911902075
F1706,0.005901224784067294
F3806,0.005893113398438232
F1927,0.005819360524504935
F1599,0.005767063654247839
F2387,0.005727188240439274
F1490,0.0056728593523670545
F2036,0.005663454620914776
F2291,0.0056332481942273915
F1058,0.005624668731480376
F1921,0.005623369137554013
F2716,0.0056215307303705275
F2684,0.005577366705643683
F3240_missing,0.005543729006232012
F270,0.0055335853907003685
F2144,0.005527937598075128
F471,0.005474013983257642
F1712,0.005445152754306903
F1274,0.005422008252940813
F3532,0.00540610929489338
F1382,0.005389418605604823
F1929,0.005358597422585154
F3899,0.005267652077533769
F60_missing,0.005252737619260595
F950,0.0051954870437637135
F573,0.005169023499580594
F996,0.005090143007404957
F2787,0.005061039003635859
F265,0.005046331568704376
F2937,0.005017485377740716
F1923,0.0050137309672558805
F1598,0.004994769438062652
F1172,0.004952299634331969
F1645,0.00491917669503561
F159,0.004823938531355876
F2784,0.0047974925095118914
F2586,0.004790304888838359
F2793,0.004742852812159581
F994,0.004740385164986538
F3085,0.004731072482064391
F1275,0.004701409999874895
F3643,0.004656753012909021
F3540,0.0046530136442157755
F2300,0.004644229477492323
F1383,0.004623787577234695
F2029,0.0046003127035206814
F1064,0.0045925456233865125
F2531,0.004497347025780196
F956,0.004473820052127708
F2496,0.00446686609424507
F157,0.004466440740007127
F2386,0.004462690847736095
F2619,0.004454642469391201
F3103,0.00445374258557496
F3908,0.004448894047777707
F3546,0.004378149386523256
F1922,0.004368714537674068
F957,0.004322447976082944
F2693,0.004285771788028914
F995,0.0042795460164299914
F2385,0.0042685966240485484
F92,0.004232855110661515
F162,0.004209625717973897
F2526,0.004202265916435577
F2525,0.0042010859245825705
F951,0.004193859589128102
F2718,0.0041910315064283
F1754,0.004166811373744528
F2523,0.004153370463554684
F372,0.004111254297241462
F2,0.004098467708170683
F3493,0.0040228658736511935
F369,0.004020877162863146
F2288,0.004016646833371107
F999,0.004009611503314803
F276,0.004005089158015118
F3105,0.003997895067440749
F62,0.003993292173995244
F3896,0.003992629738873377
F598,0.0039739974629396935
F64,0.003972860178596105
F2392_missing,0.003968332497738869
F375,0.003963389653301008
F2390,0.00395881456652758
F3610,0.003953742823999851
F2412_missing,0.003945555309135762
F3137,0.003943758511981366
F2879,0.0039376888736752935
F61_missing,0.003934852557391788
F175_missing,0.003932965398733446
F228,0.003923531392440949
F3104,0.003887960692620096
F2250,0.003885223764661605
F2399_missing,0.003860150270495022
F2712,0.0038406640436231543
F382,0.0038337724748455093
F35_missing,0.0038079628250221598
F2393_missing,0.003806573771989008
F2431,0.0038059440009646783
F2752,0.003779836705069317
F2939,0.00374787498691187
F2689,0.003715760853781891
F268,0.0037099053580955665
F2499,0.0037079079679096516
F2569,0.0037037004922714223
F474,0.00369972605236224
F401,0.0036947444556241216
F2239_missing,0.0036595864602209094
F2685,0.003649400962914995
F223,0.0036469287615371604
F2817,0.003645245174342171
F3850,0.0036405628421628533
F165_missing,0.003631559635273285
F3754,0.0036228227500082477
F572,0.0036215370950822834
F484,0.0036103431559277865
F2388,0.003610260471591409
F346,0.003607666241554619
F947,0.003603033829899349
F1926,0.003586776222026411
F1802,0.0035811619367026593
F149,0.0035757222831395152
F2584,0.003568363275108566
F2826,0.003562401648616098
F622,0.0035555911597533463
F1604,0.003549221358440935
high_value_count,0.0035393395518766857
F2290,0.0035348214672492606
F3111_missing,0.003530314832827397
F2829,0.0035105172739157142
F3589,0.0035052869984739665
F396,0.0035021575593959797
F625,0.0034951676106940166
F2835,0.003489327198235914
F272,0.003456288870362423
F161,0.0034534172294036214
F2637,0.0034425116305648595
F3844_missing,0.00343460368350601
F41,0.0034325158191865768
F3832,0.003432324218300753
F200,0.0034293300831097495
F1687,0.0034246328422002925
F2346,0.0034159848168130447
F3734,0.0034128310550398666
F59,0.0034108096931260157
F69,0.003398740519991672
F160,0.003396886460288795
F1855,0.0033943066188484305
F2998,0.0033889503671797883
F21_missing,0.0033704386299423517
F85_missing,0.0033547045919579688
F1856,0.0033514691442549926
F61,0.0033499526250830858
F579,0.0033403336826107743
F2944,0.0033382622714263066
F2652,0.0033366499769688085
F164,0.003335377294761188
F1639,0.0033300498424719827
F2304,0.0033259776168917954
F1168,0.0033216528461675887
F207,0.0033174279554334385
F1968,0.0033170879826806
F2891,0.003314710744978022
F1271,0.0033088890113833758
F3495,0.003301855224270178
F317,0.003290749081360511
F3519,0.0032890623651883333
F171_missing,0.0032860433819605905
F2827,0.003285745131751394
F2843,0.0032827064230296354
F367,0.0032788088457602615
F60,0.003277189740486297
F2598,0.003269765865693164
F1907,0.003268978735655681
F2480,0.0032652668744439506
F2997,0.0032628998407981946
F502,0.003260109211239426
F3401_missing,0.0032557673668447418
F7,0.0032485002778593897
F3062,0.0032412210588652623
F1056,0.00323839235831036
F1646,0.0032342805774340233
F2999,0.0032250512316446267
F3136,0.0032238519046651204
F2723,0.00321901411915948
F169_missing,0.003216808372980884
F2400,0.003215162750687117
F2897,0.003213428623467407
F35,0.0032106211300255705
F2713,0.0032087417520493267
F213,0.0032006872835728117
F988,0.00319684815655108
F3577,0.0031943879586738833
F101,0.0031926808207503043
F286,0.0031909918752575095
row_variance,0.0031895885818346015
F1652,0.00318574313470521
F2691,0.00318491761581452
F3581,0.0031680880300489767
F427,0.0031676149485981853
F2430,0.0031660798702809467
F3730,0.0031614873408337685
F41_missing,0.0031566203058022158
F2825,0.003154094189821155
F3884,0.0031509015425619236
F3627,0.003143574059635612
F2865,0.003139514684498579
F2301,0.0031329663590201617
F1971,0.003120193650597236
F3121_missing,0.003114874367315723
F100,0.0031147981387762425
F2328_missing,0.003114388933341261
F2695,0.0031105054764972717
F1103,0.0030987985799798556
F505,0.0030962879237387275
F3548,0.0030759969023463896
F8_missing,0.0030731961826440113
F538,0.0030728471335451646
F2447,0.0030682810729456556
F3676,0.0030630830183012714
F2305,0.0030620283002117388
F1862,0.0030614077265372908
F3582,0.003058573754106342
F3111,0.0030422074745731775
F145_missing,0.0030414212561126197
F2678,0.0030320483243980734
F2733,0.003024956884648211
F2420_missing,0.0030215736113975433
F3695,0.0030198988804132076
F2436,0.0030179077376764063
F312,0.0030167595750684173
F3547,0.0030164759280133513
F3044_missing,0.0030144837442631633
F2725,0.0030105772515869322
F954,0.0030098906505583445
F1837,0.0029971079010321366
F3543,0.0029889457551568466
F92_missing,0.0029886583203141415
F3109,0.002985877253734781
F402,0.0029838241263593357
F2457,0.0029812398376865
F2519,0.002981137809413781
F1216,0.0029603993668060324
F247,0.002954651125240404
F1211,0.002953078174943724
F86,0.0029514507857011374
F3623,0.0029509222100924104
F504,0.002950120039102999
F889,0.0029455694140848587
F3043_missing,0.00294217935064367
F2877,0.002940573241900002
F91_missing,0.0029380190254220118
F109,0.0029328498526343116
F2_missing,0.0029244812887454508
F3477,0.0029204819459928144
F3571,0.002919067467042291
F2518,0.0029186794621643974
F2398_missing,0.0029154290713856446
F2077,0.0029139304839197466
F2938,0.002910443021506115
F415,0.0029095733902049226
F574,0.0029060546347807747
F1189,0.0029049953795942107
F2340,0.002902706528994603
F952,0.0029017274910621005
F3517,0.002892709437220531
F3737,0.0028921973071541762
F2588,0.002889695915795021
F2389,0.002885138574409085
F2634,0.002878086039295069
F146_missing,0.0028735540071235244
F2315,0.0028732874506625095
F409,0.0028626151070032524
F2828,0.002861192298873494
F1747,0.0028567864416654265
F2402,0.0028423054634670875
F2327_missing,0.0028330548885170392
F1426,0.002832310589467424
F2736,0.0028285975051238754
F193,0.0028285790391153753
F478,0.002823665800668951
F3699,0.002823380527861463
F2617,0.0028195014019396503
F67_missing,0.002818615111397582
F1640,0.002817898749614578
F194,0.0028176947618623327
F2593,0.00281412488177768
F2612,0.0028128272059676496
F1633,0.0028114095602287392
F104_missing,0.002810583338156425
F2714,0.002808982617915956
F1966,0.002808171172187568
F2177,0.002803623660211918
F2323_missing,0.0027973578976704383
F601,0.00279606948695188
F3602,0.002795568454683206
F116,0.0027942809264555057
F1644,0.0027893466120914034
F3625,0.0027798436069583765
F480,0.0027786093338746376
F3502,0.002778312549316042
F2785,0.0027775226040055445
F2261_missing,0.002773363695151132
F3684,0.002772271657643599
F3529,0.002770533089230365
F3116,0.0027700923749737205
F1207,0.0027684407449599657
F2710,0.0027683459911848063
F1651,0.002766852780744511
F2885,0.0027633618036589924
F2657,0.0027601778228327767
F3473,0.0027526141440409324
F3727,0.0027456491848448783
F3097,0.0027390665000007752
F1384,0.002735432587862019
F294,0.002733231725609686
F3079_missing,0.002729399865598836
F2842,0.002727790724971979
F3680,0.0027268789650699565
F2800,0.002718796237510812
F1648,0.0027167827209082507
F120,0.0027135559651120245
F9,0.0027110613102290237
F2293,0.0027094663422573273
F417,0.0027083281647458657
F264,0.002706866342258807
F3653,0.002704780112896432
F2284,0.0027036237015016784
F1108,0.0027021450493895927
F2734,0.0027012615152320896
F2823,0.0026972036109189634
F3724,0.0026929858740861734
F509,0.002690741482140213
F158,0.0026889343105536145
F313,0.002685189446936187
F3143_missing,0.0026836741702280786
F2337,0.0026810062701463355
F2265_missing,0.0026786074568897478
F470,0.002678575208966527
F133_missing,0.0026775249074580953
F58,0.0026751991333542335
F278,0.0026634748750796744
F2583,0.002653252346983992
F3913,0.0026456199659619095
F448,0.0026440866634980242
F2483,0.002643755314331364
F308,0.0026359374144389047
F2837,0.002631398608654245
F2613,0.002631245572831231
F2717,0.0026293094394528316
F2730,0.002623187455651932
F74,0.002622695824275989
F583,0.0026219579363135903
F2727,0.0026180633970300793
F3534,0.002616606337174976
F3798,0.0026068991552836707
F157_missing,0.002605626474753042
F3136_missing,0.0026044520868094834
F3685,0.0026025341766697796
F2820,0.002597158811633471
F2836,0.0025936411049567454
F2625,0.0025806240556364157
F3681,0.0025781440877429285
F1897,0.0025771465671426963
F3043,0.0025770143173682314
F98,0.0025754649429229337
F2933,0.0025751145259338415
F2871,0.0025729154772748952
F511,0.002571596536987797
F263,0.0025702976694508273
F2645,0.0025687198731587646
F3919,0.002567301267286104
F103_missing,0.002566996303211
F315,0.0025646228065629995
F2239,0.0025605661984065
F2333,0.0025562034680047807
F2485,0.00254534574087939
F2231_missing,0.002535473855999615
F280,0.002531000810806261
row_min,0.0025281020885580263
F3682,0.002527430411981779
F2521,0.002526889816846123
F85,0.0025248441532478294
F3789,0.002522722299081126
F174,0.0025178444082130103
F3661,0.002512953138182783
F99,0.002509046491731892
F3117,0.0025057157515261386
F1_missing,0.0025037372338174713
F3533,0.0024995043801212535
F2890,0.0024961107066678867
F3011,0.002491733724329759
F3687,0.0024878761365758617
F307,0.002484103507553792
F374,0.0024840234800617145
F503,0.002483653941681152
F296,0.00248286449625712
F3885,0.002479317843076201
F581,0.002475943213615439
F987,0.002475887104080865
F295,0.0024738810452169524
F3073_missing,0.002470240992499484
F2520,0.0024701317777153786
F576,0.0024693355871606704
F3131,0.002468935625083879
F673,0.0024688230509520848
F2295_missing,0.0024683032517051062
F277,0.0024678767349641806
F2296_missing,0.0024674184886491757
F165,0.0024611513540007124
F76,0.002460870547192906
F3511,0.00245798641419237
F508,0.0024569732089568808
F1204,0.002451039597432869
F20,0.0024509345087048162
F59_missing,0.0024478869303806716
F1867,0.0024468723603864317
F3916,0.0024459669985530397
F2848,0.0024435323985876334
F119,0.002442199610514506
F93,0.0024381232353372084
F3474,0.0024374252198172686
F379,0.002434598030500723
F3656,0.0024343051031574525
F206,0.0024336826744996154
F368,0.0024324780704632065
F2786,0.002422641367875511
F171,0.0024222116583233477
F163_missing,0.002416426404110217
F3865,0.0024126010739229375
F56,0.0024109871019150075
F2289,0.0024103538509872013
F886,0.0024103434752285047
F273,0.0024099252648548397
F376,0.0024078661680022595
F429,0.002402618427460479
F1972,0.0023992131782344384
F3_missing,0.0023982429724982435
F412,0.002392668211484872
F413,0.0023919962349302493
F1379,0.0023906999971812226
F577,0.002387943265924286
F3570,0.0023824070191589275
F1642,0.0023822015644380246
F163,0.002379449687511692
F2251_missing,0.002379288347936326
F153_missing,0.0023790427041391338
F3766,0.002375314072370349
F3895,0.0023706001382205466
F2576,0.002369758129482258
F3520,0.0023646095235736464
F3576,0.002364316087671403
F97_missing,0.002364259274317271
F394,0.002364092403766227
F65,0.0023628783251193886
F1380,0.002362437424210606
F103,0.0023613721263309184
F2412,0.002354287816766054
F87,0.002353244343623051
F274,0.002348678572246077
F2798,0.0023480580398443918
F3591,0.0023445843914479125
F475,0.0023405859593365053
F2022,0.002339179311965145
F496,0.0023357503675720537
F98_missing,0.0023352889489367534
F586,0.002333259849217284
F2301_missing,0.00233254397265914
F2287,0.002332271696119159
F2849,0.0023262187024671865
F2446,0.002322420434417438
F2487,0.0023217505189209175
F66,0.002319927359877738
F2594,0.002319595862435464
F569,0.0023136573766564528
F1899,0.0023127565333191935
F2560,0.002312550229333077
F2288_missing,0.0023120579597055713
F2401,0.002311945627481382
F340,0.0023106510723371887
F127_missing,0.0023106021016892075
F2907,0.002308789520823029
F2585,0.002308601867198279
F271,0.002305915842458539
F2859,0.002304829644964479
F3137_missing,0.0023043708635439586
F1894,0.0023013167913154
F2566,0.002301006866471389
F3051,0.0022974950936839322
F2841,0.002297004715330342
F1386,0.002295857587873873
F3835,0.002293393815873346
F2831,0.00229213490897362
F629,0.0022917005349171182
F3778,0.0022891884090695536
F2721,0.0022890563708397593
F482,0.0022884732774018923
F2587,0.0022878729424766764
F2592,0.0022869472750862707
F282,0.002286638160054144
F225,0.002285332624943792
F3565,0.0022822531270187962
F2384,0.0022822517130101083
F2375,0.0022782469620108436
F261,0.0022757055772346657
F2173,0.0022742322494819778
F2711,0.002273494836771528
F3869,0.002270197589603784
F2790,0.0022688566985772374
F421,0.0022686332928193442
F18,0.0022665301274199523
F3010,0.0022662959514738734
F199_missing,0.002262607386332327
F2240,0.002262572119023476
F3541,0.0022621665447972727
F193_missing,0.0022609240857323076
F371,0.002260589235979049
F730,0.002258504938408734
F2581,0.002257825167796601
F523,0.0022539427233349008
F3628,0.002253894925702493
F3472,0.0022485399940215256
F599,0.002244517452483663
F1693,0.002243242766849729
F2767,0.0022360143478484806
F63,0.0022360081133634413
F2830,0.0022345014254095963
F3085_missing,0.002233409208194037
F3670,0.002231391712345765
F1635,0.0022304805029441654
F2758,0.0022302867025959516
F2799,0.0022262158570807156
F3914,0.002223121333460587
F2615,0.0022225236748460997
F2663,0.002220200959019869
F266,0.0022200378213995675
F2232_missing,0.0022189715171742064
F2362_missing,0.0022187871202679066
F567,0.0022129017849789046
F1055,0.0022035172416443594
F2692,0.0022017959549622823
F3586,0.002201491894428642
F3761,0.002198216891274085
F3698,0.0021978827710154025
F1594,0.002193609811461217
F466,0.002191355273493234
F2324,0.0021867561875974495
F3590,0.0021815790901672516
F3537,0.002180444559708894
F2061,0.002170780300469688
F2679,0.0021690301260399725
F406,0.002168988756930834
F422,0.0021652692811260366
F3689,0.0021630920006722176
F2413_missing,0.0021621826800249933
F2502,0.002161077468964878
F1760,0.0021590588681155154
F3784,0.0021567846978467475
F3514,0.002154532357718675
F2522,0.0021519988509759447
F195_missing,0.0021516458443853193
F3631,0.002151604967888354
F66_missing,0.0021463135172120618
F2761,0.002145508558449749
F1643,0.0021449818857754988
F361,0.0021446167137999517
F2357,0.002144101120692299
F2442,0.002143872948930925
F3679,0.0021420434611941763
F465,0.002141614991364005
F3790,0.002140711366994119
F2493,0.0021392575341904196
F2979,0.0021352404094120425
F1109,0.0021307901763387704
F1060,0.0021305016105227503
F3,0.0021304526540091295
F2167,0.002129118832715049
F3568,0.0021286530297042194
F2488,0.0021271081806082393
F3817,0.0021244234375282778
F2432,0.002123026854354948
F2724,0.002121378088393744
F3523,0.00212043660388761
F2903,0.002118882145131562
F12,0.002118086419629961
F2302_missing,0.0021140308150143783
F227,0.002109729636316504
F1641,0.0021040205178546323
F2292,0.002099956894801025
F3677,0.0020988795986817133
F68,0.002097538115162334
F3489,0.0020901662525250053
F194_missing,0.002089310892475771
F2610,0.002086670302458793
F2335,0.00208275820340742
F589,0.002082670136550613
F2985,0.0020826105812546958
F395,0.0020801333642442854
F550,0.0020780408743026335
F168,0.0020755585973707413
F2643,0.0020753570673031074
F2428,0.002073813970033367
F2764,0.002070984602518089
F87_missing,0.002070945668917412
F1169,0.0020683030266581692
F2294,0.0020645928134701563
F198,0.002064304965057162
F117,0.0020596004253533584
F2002,0.0020591610787271675
F2398,0.002058227873327101
F2490,0.002058133306042209
F2715,0.0020542966630346937
F1492,0.0020512580094707022
F477,0.002048098652261854
F1920,0.002047327702017987
F2821,0.0020470212021487244
F1624,0.0020468472617508615
F1759,0.0020432543149677684
F2059,0.002042327026796742
F2441,0.0020405597480843696
F262,0.002034106316417539
F1,0.0020292369413555944
F172,0.0020231893174386117
F2699,0.002023113444554303
F2696,0.002022081590803748
F169,0.0020163333256858484
F407,0.0020158715046070252
F3115_missing,0.0020148470008465313
F2726,0.0020143787734736573
F584,0.0020124795566544007
F1596,0.002009731824348715
F3569,0.002006724032869056
F2551,0.002001371462185486
F158_missing,0.002000036529325344
F2392,0.0019990329445171984
F3091_missing,0.0019986660962856284
F8,0.0019984801701520283
F2498,0.0019974760376371137
F3871,0.00199448439101535
F3751,0.0019894727445010085
F1653,0.0019869321132282014
F2283_missing,0.0019865322612977465
F3847,0.0019858098360809873
F115,0.001985577181488396
F3138,0.001982305653380534
F516,0.0019818267458489025
F3092,0.0019807147417950643
F2438,0.0019782081309357435
F2987,0.0019775860345405682
F1767,0.001976486042201908
F1873,0.0019758707705931355
F2329_missing,0.0019741487847133588
F2781,0.0019737775413183334
F2967,0.001973725570784568
F2574,0.0019721671894187276
F2350,0.001971344928421326
F13,0.0019677994343036964
F2623,0.0019654192218793165
F1205,0.001965109162659129
F2629,0.001963176471652228
F15_missing,0.0019624940973499427
F2500,0.001959085959014506
F3644,0.0019586518009200304
F838,0.0019562261752318344
F2755,0.0019557070440684443
F2433,0.0019545796813723593
F2780,0.0019517411288926256
F108,0.0019483391125016958
F2599,0.001947903740210366
F3098,0.0019478661426790556
F2403_missing,0.0019453631061016052
F2630,0.0019445379688309838
F3694,0.00193670681466529
F2895,0.001936446030900263
F3619,0.0019317792994175687
F473,0.0019308910052888706
F571,0.0019304873328559458
F2597,0.0019303519354154641
F31_missing,0.0019290618719355335
F2527,0.0019266588435550291
F2286,0.0019255913341061914
F2443,0.0019218660551989508
F2884,0.0019195503955814486
F139_missing,0.0019191825916506922
F3044,0.0019174222669148255
F2698,0.001914887645923402
F3061_missing,0.0019144151014275357
F55,0.0019118316508167643
F1726,0.0019104305759779505
F2680,0.0019095096694448088
F3098_missing,0.0019090076692912517
F2697,0.001907679540043783
F2563,0.0019063613326669726
F463,0.0019056407864284086
F2797,0.0019025482997093723
F217,0.0019015152140416935
F1197,0.0018994777064290647
F1962,0.0018927860554701637
F2321_missing,0.0018912820681613596
F2497,0.0018897198783800473
F2956,0.001887146148307095
F167,0.0018870131479311603
F1799,0.00188567281577523
F2554,0.001885654060329034
F7_missing,0.0018844449057842105
F2302,0.0018760366088821367
F2482,0.0018735080903974355
F1948,0.0018728252864890216
F2621,0.0018695684631467868
F578,0.0018688350485767113
F79,0.0018675011021218602
F219,0.0018637765240766546
F2397,0.0018636558264150116
F2654,0.001861255026044284
F2708,0.0018600907378670817
F3232_missing,0.0018587187294194507
F146,0.001858512002056223
F86_missing,0.0018548831636489016
F3482,0.001848587643074051
F1061,0.0018484972372410091
F2334_missing,0.0018482123783075677
F2927,0.0018476427376541427
F570,0.0018473203407674
F1096,0.0018438709897654615
F139,0.0018435009779225187
F3131_missing,0.0018410437449978279
F3530,0.0018387965624996339
F3841,0.0018329799827428994
F3073,0.0018326610780834418
F497,0.0018317994909622382
F2322_missing,0.0018304957833359392
F3045_missing,0.0018280220363684485
F2345,0.00182700195825658
F1487,0.0018260762141714126
F3683,0.0018235890291156132
F3144_missing,0.0018230854929605078
F2796,0.0018210429950042961
F1903,0.0018171306116200325
F3538,0.0018161595338102021
F1206,0.0018153923047101728
F847,0.001813449780617371
F2357_missing,0.0018131171461325257
F1582,0.0018129393222378054
F112,0.0018116858711745287
F3838,0.0018097295289083437
F2777,0.0018094644725997755
F2494,0.001807800710752816
F3878_missing,0.0018033758631739172
F2589,0.0018004819518903092
F3521,0.001800089497881241
F3544,0.0017991072056180446
F3739,0.0017982972513426176
F2341_missing,0.0017962819029516686
F423,0.0017952662508444739
F1012,0.0017937435800667867
F2367_missing,0.0017900158962497192
F53,0.0017866147930077902
F2660,0.0017844923392520418
F2618,0.0017842300312796988
F3535,0.0017833390981568664
F2408_missing,0.0017827124104031755
F2394,0.0017804466614494974
F3579,0.0017794526105168185
F201_missing,0.0017791655073313706
F3764,0.0017764479164358304
F3877_missing,0.0017738234814123066
F3110,0.0017712563683316418
F1144,0.001770845247328734
F3009,0.0017674486338428164
F3794,0.0017665935207172856
F118,0.0017614791345941239
F3846,0.001755110149725958
F1868,0.0017528917408239364
F400,0.0017503076212092017
F2472,0.0017502744575705886
F279,0.0017488073801606996
F3110_missing,0.0017482509654661582
F221,0.0017444424644690315
F2397_missing,0.0017417419899186104
F3633,0.0017405144088572522
F2596,0.0017397041124486146
F2278,0.0017381131621757584
F2926,0.0017378080815165786
F1042,0.0017347817177226776
F152,0.0017332098980958888
F224,0.0017319983663196536
F1869,0.001731767477437307
F3575,0.0017285159764459657
F2435,0.0017259910090404729
F1219,0.0017247097553604318
F3143,0.0017231340097660919
F3752,0.0017210746089230122
F105_missing,0.001719606182650546
F585,0.001719543621127917
F3526,0.0017175172464544142
F953,0.0017172867456372032
F2729,0.001715240637960025
F2336,0.0017130161159997215
F114,0.0017105584083511038
F2342,0.0017080667480370293
F170_missing,0.001702728218729077
F3796,0.0016981326442802036
F566,0.0016930319367471913
F3616,0.0016875270928795594
F3769,0.0016871711233508169
F2295,0.0016870327774546334
F3646,0.001685785676778906
F116_missing,0.0016839783870032932
F948,0.0016832794717985822
F1534,0.0016832406964538693
F3718,0.0016823380175741143
F2536,0.0016800780665978676
F2381,0.001678321891666501
F3622,0.0016772380920435648
F580,0.0016759472143623722
F3004,0.0016753517991041633
F91,0.0016745197198989592
F2991,0.001673390897290239
F2669,0.0016724075029695973
F164_missing,0.0016696225025476519
F2901,0.0016638891203678563
F3138_missing,0.001660953920504249
F3578,0.0016591021145442308
F2788,0.001658368304592872
F1493,0.001653912638140742
F2731,0.0016521187068532228
F2676,0.0016500154674102818
F2770,0.001649842081331676
F156,0.0016497696087507396
F3005,0.0016464433005446422
F2675,0.001642114574530562
F3781,0.0016414174891284938
F3539,0.001641105483537908
F2334,0.0016362173216550868
F1097,0.0016352831248727107
F75,0.0016349947148150967
F2677,0.00163493332484832
F2339,0.0016346125204987905
F3116_missing,0.001631362585022944
F1659,0.0016298139771033782
F72,0.0016289173712956684
F1252,0.0016276755460937764
F222,0.0016262468784735695
F2595,0.0016250813553482235
F73_missing,0.001619590064091181
F467,0.0016195042244834257
F2475,0.001614977232466841
F2391,0.001613702486923052
F3491,0.0016128221933207065
F3050_missing,0.0016127808293242563
F418,0.0016051601058191256
F1000,0.001604508001839533
F2789,0.0015994093781981356
F2847,0.001596627415433094
F2289_missing,0.0015963540117294173
F3755,0.0015936033098956637
F2112,0.001592043898868245
F3686,0.0015891206538490854
F133,0.0015872458845817006
F2688,0.001585586161105268
F202,0.0015847428830555454
F2516,0.0015777290762065688
F3476,0.0015775684803083223
F3487,0.001577444841217801
F106,0.001576477917749064
F1139,0.0015750838948043189
F93_missing,0.0015719173587263047
F3092_missing,0.0015661973765468407
F2380,0.0015634233669621356
F3485,0.0015633357381136248
F1657,0.001561527064246504
F670,0.0015614810976788407
F2396,0.0015608425500982515
F510,0.0015573214602163654
F985,0.001555532470697396
F1195,0.001554269977854461
F2732,0.0015485024496540989
F2528,0.001545837061884714
F65_missing,0.0015419468973120187
F3395_missing,0.001538725304700339
F173,0.0015366892751113026
F1099,0.0015315984348031053
F2276_missing,0.0015296538059007547
F1794,0.0015270633660304789
F2338,0.0015232877697464176
F1737,0.0015214162726522318
F3741,0.0015143582463397198
F2824,0.0015123905450205033
F366,0.0015069356980106363
F3825,0.0015053638181693474
F24,0.001504912215260723
F1589,0.0015033619448885371
F178,0.001502806580898297
F3031,0.00149985422371135
F3920,0.0014990481114359744
F2080,0.0014979088662617768
F3632,0.0014962313720890963
F3531,0.001495978627435779
F358,0.0014949141471346516
F2504,0.0014917661330764442
F2294_missing,0.0014913612081780547
F2728,0.0014865723107608808
F166,0.0014859383708544227
F2273,0.0014853376173301625
F1908,0.0014848044755803036
F1871,0.0014846676804164405
F54,0.0014799790316039063
F9_missing,0.0014791251045692677
F142,0.001478635619864055
F3099_missing,0.0014752622540189497
F111,0.0014750975645910769
F2778,0.0014720604898457168
F55_missing,0.0014605734339825371
F1248,0.0014598638062305325
F154,0.0014559040426029846
F3746,0.0014553809110638971
F2082,0.0014548785226713434
F1879,0.001454291032073951
F3049,0.0014537844381335985
F2415,0.0014533480184842906
F2317_missing,0.0014510100491054168
F2418_missing,0.0014501730457935347
F3492,0.0014485070549717927
F2333_missing,0.0014483705422002613
F2044,0.0014434653557003907
F3868,0.0014427185781960006
F428,0.00144207868490831
F3117_missing,0.0014401995915865884
F461,0.0014397128306840035
F3892_missing,0.001438423777521125
F2128,0.0014370741073296278
F3859,0.0014361193447010034
F2316_missing,0.0014339886877792196
F2792,0.0014337649228983729
F1809,0.001432809472138974
F2666,0.001432565350549142
F3144,0.0014311250125685904
F1093,0.0014271992752780127
F3844,0.0014251166197540854
F2577,0.001423639190232806
F1098,0.0014217496205544133
F604,0.0014208895078344774
F2419_missing,0.0014174849271511025
F3856,0.0014162825691217407
F991,0.0014155306831394876
F1318,0.00141276553116354
F67,0.0014122203001868394
F260,0.001411776385161767
F2529,0.0014097802678650906
F2681,0.0014087188986651178
F72_missing,0.001405940311530518
row_median,0.0014046793691288029
F3629,0.0014043504186580513
F2889,0.0014036724674361123
F479,0.0014026063807773825
F2303,0.001398593126100911
F1164,0.0013981592126011133
F2169,0.0013955329494681479
F3858,0.0013942336290312385
F3795,0.0013921518611963446
F2702,0.0013920807324343532
F3678,0.0013860912127866554
F1846,0.0013840873367726436
F3025,0.001382820787066863
F2644,0.0013816853672600216
F3852,0.0013810037576786893
F2391_missing,0.001375514693892188
F981,0.0013745630540689113
F2110,0.0013703078234224009
F14,0.0013695257436243669
F982,0.0013689426255765191
F3475,0.0013631246112345563
F2300_missing,0.0013620060350744145
F1638,0.0013574090857820797
F269,0.0013528936135577263
F781,0.0013489415137623029
F1690,0.0013479871091086615
F2694,0.0013454654433815438
F1272,0.0013427253273073925
F462,0.0013408287182485878
F2237,0.0013390357177717194
F53_missing,0.001337218652687877
F2399,0.0013348970923984238
F3883,0.001334747047261442
F472,0.0013344194899507222
F2362,0.001334269450153136
F1738,0.001333104523982942
F2440,0.0013295224584909393
F3553,0.0013282546490831493
F3846_missing,0.0013243083488700957
F3121,0.0013209363498626336
F424,0.0013164931649159994
F2444,0.001316401294465197
F979,0.0013155736462110434
F2427,0.001315253064927302
F1683,0.0013152223818581055
F2620,0.0013137642367203606
F2189,0.0013122615123392078
F1896,0.0013096804551289143
F1120,0.0013076453472556926
F2088,0.0013067011407994489
F1208,0.0013057254168128418
F1787,0.0013054651811311713
F1002,0.0013022625264539345
F2422,0.0013014445341013037
F336,0.0012993257615104836
F1084,0.0012988666501729806
F455,0.001296982744117381
F1276,0.0012947388132511506
F314,0.0012918433100935767
F381,0.001291407701670022
F778,0.001286316781047958
F2331,0.0012858974060651063
F582,0.0012846287622905184
F1682,0.0012806575229763473
F2349,0.0012800207284123788
F2380_missing,0.0012734689903839413
F2252,0.001272811787963568
F1278,0.0012648802347093868
F170,0.0012644963745989113
F2062,0.0012640259244078855
F3791,0.0012636308463681578
F321,0.0012619121630738084
F1739,0.0012608399086078137
F976,0.0012592571667163766
F2690,0.0012562566220124527
F476,0.0012551755813683396
F1180,0.0012516501954912274
F2794,0.0012509574791045308
F565,0.001249713628577842
F1902,0.001249453282834323
F1031,0.0012474093367954575
F1919,0.001245966278158428
F360,0.001245718446478028
F22,0.0012436498070595992
F3483,0.0012396175147432187
F3879_missing,0.001237627352014048
F127,0.0012347800479676208
F1157,0.0012309182419774078
F1694,0.0012302354559142747
F2628,0.0012291244462054873
F2297,0.0012290069023004335
F1114,0.0012231836077637448
F1654,0.0012217093008888291
F600,0.0012206894760852238
F2298,0.0012178387744902208
F2335_missing,0.0012171787746775298
F2285,0.0012162966168530742
F2580,0.0012125459398442118
F1797,0.0012107597289902072
F1689,0.00120823564275363
F3573,0.001205314767662502
F3038,0.0012022867336212162
F733,0.0011983190733734217
F1791,0.0011950304939917222
F3785,0.0011946217601971343
F329,0.001194157058880596
F522,0.001193862098129106
F1247,0.0011926410255271858
F373,0.0011914734721653053
F3793,0.0011901382663854765
F2224,0.0011892129273907148
F2249_missing,0.0011873127390601423
F3486,0.0011872312766493254
F498,0.00118457662753646
F3786,0.001184521713830211
F81,0.0011826640349524853
F3003,0.001182559969346575
F1691,0.0011808263947171715
F2261,0.0011800011057689908
F151,0.0011794641070554945
F2152,0.0011789741098902073
F2386_missing,0.0011788901715071853
F2419,0.0011708841610029719
F2270_missing,0.00116395502547606
F3015,0.0011639458648887713
F153,0.0011616740305451234
F2481,0.0011606418400870178
F989,0.0011593791686451693
F481,0.0011468580690525698
F2418,0.0011398243351913306
F520,0.001138578432990589
F2590,0.0011369613196662298
F2347,0.001135457400632256
F2682,0.0011344914652516858
F113,0.0011343774421537223
F1849,0.0011334632997815897
F54_missing,0.0011307777360938243
F2783,0.0011286945208414112
F3845_missing,0.001127032977673692
F1967,0.0011248328176934885
F203,0.001124679520879024
F71,0.0011244421074876332
F3050,0.0011226428760623408
F3731,0.0011218184796517594
F1960,0.0011154308568381843
F483,0.0011134481219432502
F2687,0.0011061063760953171
F464,0.0011043905168800494
F460,0.0011029640824496978
F226,0.0011016091991351562
F2945,0.0010978781787911451
F425,0.001095385874750554
F1951,0.0010945114511851095
F1840,0.001093936018737418
F2015,0.001093169119173898
F201,0.0010907728460785027
F259,0.001089862491931659
F2233_missing,0.001079316326664248
F844,0.001078453122428713
F1039,0.0010765908506620292
F2317,0.001076132541089847
F3830,0.0010743068856745586
F675,0.0010737323000001853
F99_missing,0.0010721769412798121
F2244,0.0010689302828361669
F3697,0.0010679744425844406
F1585,0.0010663363836852513
F3862,0.001062063341831343
F3797,0.0010616912694635383
F2130,0.0010601446098716938
F2003,0.0010556343233487642
F3740,0.0010536595666085224
F1807,0.0010506156125269506
F3549,0.001047116645166546
F1845,0.0010457616166180683
F967,0.0010425574424532957
F2819,0.00104208572579656
F1748,0.0010411101061514882
F3635,0.0010384166281621754
F1695,0.0010348525494255911
F152_missing,0.0010338950630685018
F3079,0.0010332966496349183
F1217,0.0010312266430175798
F187,0.00103071570308233
F1110,0.0010304122691606743
F1089,0.0010298206740750881
F1586,0.0010268443495168311
F1075,0.0010258362619892658
F3091,0.0010227596993912513
F2624,0.0010199537679537185
F2246,0.001018356299015588
F2434,0.00101405469299376
F2616,0.001013115808881082
F562,0.0010094630362543766
F1156,0.0010080790691749941
F2992,0.0010063783803777593
F1678,0.0010045099079937225
F3787,0.001000013193091287
F2722,0.00099598637138687
F2306_missing,0.0009942400172269217
F363,0.0009930115881173762
F3822,0.000991176683326267
F104,0.0009907880720564366
F2306,0.0009894720453716976
F175,0.0009893706868298047
F2081,0.000985181400588342
F3824,0.0009836640235552085
F2242,0.000981276263734343
F71_missing,0.0009792739566656383
F2478,0.000973925653151575
F1224,0.0009722616670341244
F3142_missing,0.0009681032545965085
F205,0.0009679745802398942
F2346_missing,0.0009675481864073188
F563,0.0009660944037388486
F2501,0.0009596677190645275
F327,0.0009576618718856178
F1672,0.0009557231595789251
F3562,0.0009550708127633589
F1783,0.0009495976071395296
F526,0.0009469388581641036
F1804,0.0009465357920340756
F1735,0.000945687673194362
F3574,0.0009445620605911254
F2632,0.0009425201229014135
F1488,0.0009421111664910109
F2267,0.0009306562147706199
F2254,0.0009302027927774459
F3792,0.0009295730952135761
F31,0.0009273224853625361
F1630,0.0009243686314051036
F105,0.0009219534784840056
F2492,0.0009196252607330813
F2364,0.0009162567933663768
F3443_missing,0.0009119532726390434
F1095,0.0009112886522030239
F3860,0.0009099344386341857
F1801,0.0009096971727877712
F2284_missing,0.0009091123346525176
F3845,0.0009089876975869604
F1803,0.0009084616799567291
F2773,0.000908306274944759
F2238_missing,0.0009068571613366494
F2639,0.0009054423622605334
F1087,0.0009046430468864219
F77_missing,0.0009041282981936405
F324,0.0009015668843929125
F2247,0.0008954494567845472
F2186,0.0008922595287005342
F2343,0.0008895640666040094
F2348,0.0008826864186581851
F3572,0.000881031256338427
F3658,0.0008808357193125227
F2244_missing,0.0008746555856351534
F3488,0.0008732452842167282
F2791,0.0008727488360043001
F380,0.000871130524239927
F3638,0.0008700358863612534
F2627,0.0008644637110861719
F3823,0.0008641171422246741
F3479,0.0008638021682288999
F2742,0.0008608284335334115
F3887,0.0008587425422861283
F3673,0.0008585904962998825
F1090,0.0008580687754874416
F487,0.000850966395601227
F1049,0.0008496411727977327
F1138,0.0008479002987629158
F3039,0.0008456896162475358
F195,0.0008454882861075319
F3049_missing,0.0008369392507546758
F575,0.0008266900533959731
F3587,0.0008261557349957815
F2245_missing,0.0008256140608307039
F1723,0.0008255241237877797
F1583,0.0008248091122292633
F1924,0.0008241979579550751
F3696,0.0008162447057011857
F3115,0.0008121198513845185
F3045,0.000811427805469056
F2524,0.0008111789140096137
F2622,0.0008091427677080487
F1954,0.0008014044774443674
F1140,0.0008010229768840027
F2818,0.000794678898504042
F1679,0.0007929680580922582
F934,0.0007878366852659413
F2403,0.0007859038451314415
F1765,0.0007775688277746884
F506,0.0007715714732769996
F2591,0.0007660768101753757
F2233,0.0007659479386025181
F2795,0.0007635876387572793
F1758,0.0007604924338239227
F3593,0.0007602252958548439
F1843,0.0007601254265521273
F320,0.0007587273181508536
F528,0.0007581993691720967
F200_missing,0.0007579839776424846
F1591,0.0007578259817025979
F1222,0.0007577123876746361
F2973,0.0007510736813721719
F2532,0.0007501824873897833
F187_missing,0.0007490783672848833
F3857,0.0007464035949352743
F1906,0.0007375351874053804
F1701,0.0007369493728368592
F1905,0.0007366824599001065
F2050,0.0007348643892364226
F318,0.0007340949271478214
F442,0.0007336287354858806
F1788,0.0007327212772204605
F2373,0.0007323636856896298
F1220,0.0007302450928026172
F1627,0.0007276529015275424
F2557,0.0007210322008975867
F2437,0.0007179953476594836
F2250_missing,0.0007178669197510645
F1072,0.0007159223885733201
F2803,0.0007139539388759664
F2315_missing,0.0007126491652837963
F1831,0.0007109603120835084
F2028,0.0007067397407504172
F155,0.000705007749194464
F2249,0.0006970341932759361
F97,0.0006932792201926885
F1584,0.0006909361470245345
F1150,0.0006881345795499705
F1001,0.00068570616688024
F2611,0.0006795523674723025
F2517,0.0006780388170884999
F2379,0.0006753482844331637
F936,0.0006748812779583391
F1925,0.0006736532289899344
F2359,0.0006705546254381911
F2943,0.0006697991323681984
F77,0.0006676182595453106
F1904,0.0006662184364699675
F2439,0.0006626234793842833
F1834,0.0006616938181848164
F3820,0.000661102738647501
F2737,0.0006586741887135705
F514,0.0006542032288391342
F283,0.0006520510556836667
F2237_missing,0.0006495133397810271
F3062_missing,0.0006490563622233436
F626,0.0006475791431111988
F2454,0.0006450198807711471
F2925,0.0006437454861248915
F1255,0.0006434922143109256
F3494,0.0006416573862616515
F235,0.000641392001914709
F632,0.0006382612582314096
F2248,0.0006378340944031002
F1256,0.0006330273321287772
F3907,0.0006329365817683286
F941,0.0006292375990271104
F109_missing,0.0006290609351674581
F3527,0.0006216483972031339
F1912,0.0006208644964397214
F2414,0.000620591867149356
F110,0.0006203999140300676
F1115,0.0006169604922527938
F2069,0.0006167797012982534
F736,0.0006153116421955263
F3032,0.0006143880692237591
F419,0.0006140890030752466
F841,0.0006082719017618254
F3733,0.0006023044884675421
F2602,0.0006016054070793198
F1761,0.0006013392844224086
F2932,0.000599738161057406
F1151,0.0005967860077580323
F1655,0.0005964936460823855
F2195,0.0005940457063201565
F1218,0.0005939376376774552
F2626,0.0005936101434674823
F3097_missing,0.0005886328067721269
F2170,0.0005866288541200859
F1612,0.0005850829477495045
F1692,0.0005817233134082223
F741,0.0005816205841443489
F2537,0.0005743347064972593
F1146,0.0005703375863916893
F3588,0.0005670399879053045
F3647,0.0005631523077316292
F111_missing,0.0005607596015307914
F3690,0.0005592234257372208
F3735,0.000556815198614613
F1973,0.000555247449964269
F2638,0.0005532591687857913
F2416,0.0005464948610192089
F370,0.0005435151584702869
F3819,0.0005418517356271524
F1147,0.0005410283395848037
F2345_missing,0.0005404367614332273
F1116,0.0005371730273826536
F2241,0.0005359802104193401
F3033,0.0005356055223409983
F19,0.0005355528066118831
F3480,0.0005345382109240848
F2270,0.0005298645735771768
F2253,0.0005288706418247191
F2405,0.0005256848911117107
F3861,0.0005202406427130546
F1685,0.0005184881742841263
F323,0.0005079933617471166
F3528,0.0005011519717539326
F300,0.0005008443172680455
F2740,0.0004893747708438756
F2543,0.0004858723720593261
F2027,0.00048545806105593226
F1686,0.0004837314506108692
F2705,0.0004836816460740412
F1798,0.0004821660879883449
F408,0.00047414519292221513
F1901,0.00046842350533937704
F19_missing,0.00046834998525302485
F628,0.00046570710338411647
F2463,0.0004593166885782374
F3104_missing,0.000457057885372536
F1593,0.00045261868295276564
F2460,0.0004472756624266383
F3037,0.0004420132902820395
F1789,0.000439948542912294
F1632,0.0004379655938270277
F2640,0.00043342706457005775
F1158,0.00043189760431294744
F2539,0.0004303332324551157
F414,0.000424291830735668
F2118,0.0004230595916049351
F3849,0.00042209978045015806
F3901,0.0004220665125088674
F1790,0.0004158265311645648
F362,0.0004120549265856921
F115_missing,0.0004094248353174734
F525,0.00040877071764522377
F2323,0.0004077148624104243
F322,0.0004075357687022274
F2883,0.0004024085316145509
F1186,0.00039690993496199756
F1183,0.000395365839811479
F630,0.0003934716679276917
F2744,0.0003908247958100963
F1038,0.00038546912724035653
F738,0.0003844952347010766
F10,0.00038019785250054117
F1841,0.0003797282276120084
F2344,0.00037625590994561087
F2745,0.0003728541782406225
F3827,0.0003722266845734845
F2931,0.0003699478743968143
F3880,0.00036396119688864026
F1847,0.0003632586871036292
F1100,0.00035904405856157506
F2469,0.0003561376775486069
F2341,0.0003547512790409435
F241,0.0003504961765311565
F1078,0.00035002051806143353
F2373_missing,0.0003489457944275687
F1228,0.00034318983939152226
F1895,0.00033510557140170594
F530,0.0003342067372892332
F2243,0.0003317812290671851
F2515,0.00032677442770523424
F1223,0.0003218971299403517
F3894,0.0003213918864136689
F1961,0.00032096629600786297
F2571,0.00031944649805848435
F2572,0.000318310857869597
F3056_missing,0.0003181471954839532
F840,0.0003025015731255021
F1766,0.0002960311958922768
F2008,0.00028509068855042674
F1898,0.00028146019685915125
F1595,0.00028099331822650786
F2741,0.00027998894142733377
F2339_missing,0.00027950602185611295
F1152,0.0002750693567278306
F420,0.0002749273918506434
F2445,0.00027258506125815707
F524,0.0002722256385798705
F2535,0.0002706110942918283
F983,0.0002697639967287335
F2117,0.0002695310892180114
F631,0.0002667310583563953
F531,0.0002629536974492197
F3481,0.00026181788238766046
F1043,0.00026167947438870964
F288,0.0002604164817877619
F2425,0.0002522333155050571
F2033,0.00024228435642004165
F359,0.00023977183647228006
F3701,0.00023660553493065617
F1253,0.00023152721598529435
F253,0.0002306786666432803
F2541,0.00022966632480048155
F2575,0.00022889138768977801
F2322,0.00022741905973355792
F2421,0.0002270690128161057
F3909,0.0002245778536021925
F302,0.00022446263428832491
F3478,0.0002205756239216372
F3109_missing,0.00022014725409102986
F2299,0.00021820340006450945
F1733,0.00021800843988639684
F3831,0.0002169627539093666
F633,0.00021660398449452334
F2020,0.0002137890093991679
F3536,0.00021145320897764108
F1201,0.00020743522528898772
F2414_missing,0.00020536217784516975
F2578,0.00020273563293471408
F1732,0.000201193226045282
F2320,0.00020053671902953152
F1684,0.00019706747540126912
F627,0.00019691450637482344
F365,0.00019539382336342115
F2513,0.0001921810855519679
F2367,0.00019013945935608678
F3818,0.00018906879600533166
F3227_missing,0.00018883064178876197
F3051_missing,0.00018406398257564405
F568,0.0001828072190918073
F328,0.00018267366939650476
F3692,0.0001825211825505768
F3897,0.00018213424639446085
F436,0.00018129619123730123
F1044,0.00017866556301093794
F57,0.00017734059903928845
F529,0.00017132555647647596
F3142,0.00017067690188099505
F378,0.0001705851289908189
F3185_missing,0.000169226544092127
F2226,0.0001685606979127119
F1978,0.00016801711120584262
F326,0.00015779341005606184
F3906,0.0001544175206958931
F521,0.00015177656911002924
F1936,0.00014959371095346619
F2420,0.00014722754967710916
F1805,0.00013916912069988907
F275,0.00012933945668913704
F3736,0.00012575658262281575
F3815,0.00012278230586038053
F1900,0.00012127046807974828
F2779,0.00011993964321455053
F426,0.00010786241850546663
F1032,9.716594824726865e-05
F2161,9.312897180524526e-05
F1974,9.277920412054108e-05
F3828,9.169116757934415e-05
F1637,8.95492023783584e-05
F3855,8.531988014981451e-05
F1698,8.274582116396534e-05
F1246,8.163745161515745e-05
F301,6.317886958806529e-05
F1163,5.715708172526757e-05
F306,5.588894665731203e-05
F2235,5.415123868557359e-05
F3923,5.291216176883662e-05
F942,5.241447513815167e-05
F2776,5.118043525509375e-05
F2635,5.0449167414923224e-05
F2822,4.5602435328584434e-05
F2282_missing,4.305472216603601e-05
F3816,4.1304060541591525e-05
F364,3.680168431008379e-05
F2735,3.192002534924132e-05
F732,2.766309428081648e-05
F23,2.5558492180666192e-05
F843,2.4530281398815745e-05
F3055_missing,1.6522391869333575e-05
F1792,9.914493015350523e-06
F964,8.497122191752915e-06
F2328,0.0
F2329,0.0
F3743,0.0
F325,0.0
F319,0.0
F2225,0.0
F2231,0.0
F2232,0.0
F2540,0.0
F2234,0.0
F2236,0.0
F2538,0.0
F2330,0.0
F2263,0.0
F2265,0.0
F2276,0.0
F2332,0.0
F2279,0.0
F970,0.0
F527,0.0
F990,0.0
F1688,0.0
F1720,0.0
F1006,0.0
F21,0.0
F1697,0.0
F1696,0.0
F2215,0.0
F2212,0.0
F623,0.0
F2245,0.0
F2544,0.0
F1145,0.0
F610,0.0
F1135,0.0
F1132,0.0
F612,0.0
F2238,0.0
F2116,0.0
F3826,0.0
F3821,0.0
F2383,0.0
F2382,0.0
F1243,0.0
F1240,0.0
F2533,0.0
F468,0.0
F2251,0.0
F624,0.0
F544,0.0
F2495,0.0
F2534,0.0
F2376,0.0
F3550,0.0
F2129,0.0
F2087,0.0
F3814,0.0
F2491,0.0
F2370,0.0
F2378,0.0
F3848,0.0
F667,0.0
F672,0.0
F718,0.0
F3829,0.0
F731,0.0
F735,0.0
F737,0.0
F2896,0.0
F2902,0.0
F2009,0.0
F2010,0.0
F664,0.0
F2021,0.0
F2053,0.0
F606,0.0
F3508,0.0
F1795,0.0
F1796,0.0
F1741,0.0
F1743,0.0
F1763,0.0
F1007,0.0
F1008,0.0
F1024,0.0
F1030,0.0
F2327,0.0
F3197_missing,0.0
F1699,0.0
F2424,0.0
F2423,0.0
F564,0.0
F1148,0.0
F2004,0.0
F1588,0.0
F1587,0.0
F1980,0.0
F1979,0.0
F220,0.0
F3864,0.0
F3863,0.0
F2065,0.0
F2067,0.0
F2542,0.0
F2325,0.0
F3545,0.0
F2413,0.0
F3900,0.0
F3902,0.0
F3910,0.0
F3917,0.0
F3903,0.0
F2510,0.0
F2282,0.0
F2283,0.0
F1254,0.0
F2296,0.0
F2426,0.0
F2326,0.0
F2511,0.0
F2512,0.0
F3922,0.0
F1085,0.0
F2582,0.0
F13_missing,0.0
F1942,0.0
F1945,0.0
F14_missing,0.0
F20_missing,0.0
F211,0.0
F212,0.0
F216,0.0
F218,0.0
F1914,0.0
F1618,0.0
F1953,0.0
F199,0.0
F1629,0.0
F1625,0.0
F2782,0.0
F2636,0.0
F1091,0.0
F739,0.0
F1631,0.0
F3904,0.0
F3921,0.0
F3918,0.0
F839,0.0
F772,0.0
F2579,0.0
F2408,0.0
F377,0.0
F2281,0.0
F1192,0.0
F2417,0.0
F3525,0.0
F1891,0.0
F1888,0.0
F1876,0.0
F1874,0.0
F110_missing,0.0
F1636,0.0
F151_missing,0.0
F1649,0.0
F145,0.0
F2393,0.0
F1193,0.0
F1199,0.0
F1198,0.0
F2642,0.0
F2641,0.0
F1866,0.0
F940,0.0
F935,0.0
F217_missing,0.0
F2243_missing,0.0
F1800,0.0
F1806,0.0
F1808,0.0
F1828,0.0
F1650,0.0
F1656,0.0
F2395,0.0
F2466,0.0
F2479,0.0
F2683,0.0
F1040,0.0
F2743,0.0
F2739,0.0
F2738,0.0
F1660,0.0
F2379_missing,0.0
F2340_missing,0.0
F3599,0.0
F2308,0.0
F2318,0.0
F2316,0.0
F2321,0.0
F1680,0.0
F1681,0.0
F1658,0.0
F1768,0.0
F1050,0.0
F1048,0.0
F1780,0.0
F1786,0.0
F1793,0.0
F1700,0.0
F1771,0.0
F73,0.0
F2429,0.0
F1036,0.0
F1037,0.0
F17,0.0
F16,0.0
F15,0.0
F47,0.0
